<?xml version="1.0" encoding="UTF-8"?><?xml-stylesheet href="http://www.accessdata.fda.gov/spl/stylesheet/spl.xsl" type="text/xsl"?>
<document xmlns="urn:hl7-org:v3" xmlns:xsi="http://www.w3.org/2001/XMLSchema-instance" xsi:schemaLocation="urn:hl7-org:v3 http://www.accessdata.fda.gov/spl/schema/spl.xsd">
   <id root="ab5093da-fe6e-437f-94bd-d233a3683967"/>
   <code code="34390-5" codeSystem="2.16.840.1.113883.6.1" displayName="HUMAN OTC DRUG LABEL"/>
   <title>Inflam-X</title>
   <effectiveTime value="20130501"/>
   <setId root="eae51745-f889-409a-ace6-86f3ca5d21d3"/>
   <versionNumber value="1"/>
   <author>
      <time/>
      <assignedEntity>
         <representedOrganization>
            <id extension="831042325" root="1.3.6.1.4.1.519.1"/>
            <name>Gensco Laboratories, LLC</name>
            <assignedEntity>
               <assignedOrganization>
                  <id extension="831042325" root="1.3.6.1.4.1.519.1"/>
                  <name>Gensco Laboratories, LLC</name>
                  <assignedEntity>
                     <assignedOrganization>
                        <id extension="831042325" root="1.3.6.1.4.1.519.1"/>
                        <name>Gensco Laboratories, LLC</name>
                     </assignedOrganization>
                     <performance>
                        <actDefinition>
                           <code code="C43360" codeSystem="2.16.840.1.113883.3.26.1.1" displayName="manufacture"/>
                           <product>
                              <manufacturedProduct classCode="MANU">
                                 <manufacturedMaterialKind>
                                    <code code="35781-0230" codeSystem="2.16.840.1.113883.6.69"/>
                                 </manufacturedMaterialKind>
                              </manufacturedProduct>
                           </product>
                        </actDefinition>
                     </performance>
                  </assignedEntity>
               </assignedOrganization>
            </assignedEntity>
         </representedOrganization>
      </assignedEntity>
   </author>
   <component>
      <structuredBody>
         <component>
            <section>
               <id root="a650929b-baae-43c8-bfab-410fe58447e2"/>
               <code code="48780-1" codeSystem="2.16.840.1.113883.6.1" displayName="SPL listing data elements section"/>
               <effectiveTime value="20100617"/>
               <subject>
                  <manufacturedProduct>
                     <manufacturedProduct>
                        <code code="35781-0230" codeSystem="2.16.840.1.113883.6.69"/>
                        <name>INFLAM-X<suffix/>
                        </name>
                        <formCode code="C42934" codeSystem="2.16.840.1.113883.3.26.1.1" displayName="GEL"/>
                        <asEntityWithGeneric>
                           <genericMedicine>
                              <name>Aconitum Napellus, Arnica Montana, Belladonna, Bellis Perennis, Calendula Officinallis, Chamomilla, Echinacea Angustifolia, Echinacea Purpurea,   Hamamellis Virginiana,  Hypericum Perforatum, Millefolium,  Symphytum Officinale, Zingiber Officinale</name>
                           </genericMedicine>
                        </asEntityWithGeneric>
                        <ingredient classCode="ACTIB">
                           <quantity>
                              <numerator value="3" unit="[hp_X]"/>
                              <denominator value="6" unit="mL"/>
                           </quantity>
                           <ingredientSubstance>
                              <code code="U0NQ8555JD" codeSystem="2.16.840.1.113883.4.9"/>
                              <name>ACONITUM NAPELLUS</name>
                              <activeMoiety>
                                 <activeMoiety>
                                    <code code="U0NQ8555JD" codeSystem="2.16.840.1.113883.4.9"/>
                                    <name>ACONITUM NAPELLUS</name>
                                 </activeMoiety>
                              </activeMoiety>
                           </ingredientSubstance>
                        </ingredient>
                        <ingredient classCode="ACTIB">
                           <quantity>
                              <numerator value="3" unit="[hp_X]"/>
                              <denominator value="6" unit="mL"/>
                           </quantity>
                           <ingredientSubstance>
                              <code code="O80TY208ZW" codeSystem="2.16.840.1.113883.4.9"/>
                              <name>ARNICA MONTANA</name>
                              <activeMoiety>
                                 <activeMoiety>
                                    <code code="O80TY208ZW" codeSystem="2.16.840.1.113883.4.9"/>
                                    <name>ARNICA MONTANA</name>
                                 </activeMoiety>
                              </activeMoiety>
                           </ingredientSubstance>
                        </ingredient>
                        <ingredient classCode="ACTIB">
                           <quantity>
                              <numerator value="4" unit="[hp_X]"/>
                              <denominator value="6" unit="mL"/>
                           </quantity>
                           <ingredientSubstance>
                              <code code="WQZ3G9PF0H" codeSystem="2.16.840.1.113883.4.9"/>
                              <name>ATROPA BELLADONNA</name>
                              <activeMoiety>
                                 <activeMoiety>
                                    <code code="WQZ3G9PF0H" codeSystem="2.16.840.1.113883.4.9"/>
                                    <name>ATROPA BELLADONNA</name>
                                 </activeMoiety>
                              </activeMoiety>
                           </ingredientSubstance>
                        </ingredient>
                        <ingredient classCode="ACTIB">
                           <quantity>
                              <numerator value="1" unit="[hp_X]"/>
                              <denominator value="6" unit="mL"/>
                           </quantity>
                           <ingredientSubstance>
                              <code code="2HU33I03UY" codeSystem="2.16.840.1.113883.4.9"/>
                              <name>BELLIS PERENNIS</name>
                              <activeMoiety>
                                 <activeMoiety>
                                    <code code="2HU33I03UY" codeSystem="2.16.840.1.113883.4.9"/>
                                    <name>BELLIS PERENNIS</name>
                                 </activeMoiety>
                              </activeMoiety>
                           </ingredientSubstance>
                        </ingredient>
                        <ingredient classCode="ACTIB">
                           <quantity>
                              <numerator value="1" unit="[hp_X]"/>
                              <denominator value="6" unit="mL"/>
                           </quantity>
                           <ingredientSubstance>
                              <code code="P0M7O4Y7YD" codeSystem="2.16.840.1.113883.4.9"/>
                              <name>CALENDULA OFFICINALIS FLOWER</name>
                              <activeMoiety>
                                 <activeMoiety>
                                    <code code="P0M7O4Y7YD" codeSystem="2.16.840.1.113883.4.9"/>
                                    <name>CALENDULA OFFICINALIS FLOWER</name>
                                 </activeMoiety>
                              </activeMoiety>
                           </ingredientSubstance>
                        </ingredient>
                        <ingredient classCode="ACTIB">
                           <quantity>
                              <numerator value="1" unit="[hp_X]"/>
                              <denominator value="6" unit="mL"/>
                           </quantity>
                           <ingredientSubstance>
                              <code code="FGL3685T2X" codeSystem="2.16.840.1.113883.4.9"/>
                              <name>CHAMOMILE</name>
                              <activeMoiety>
                                 <activeMoiety>
                                    <code code="FGL3685T2X" codeSystem="2.16.840.1.113883.4.9"/>
                                    <name>CHAMOMILE</name>
                                 </activeMoiety>
                              </activeMoiety>
                           </ingredientSubstance>
                        </ingredient>
                        <ingredient classCode="ACTIB">
                           <quantity>
                              <numerator value="1" unit="[hp_X]"/>
                              <denominator value="6" unit="mL"/>
                           </quantity>
                           <ingredientSubstance>
                              <code code="VB06AV5US8" codeSystem="2.16.840.1.113883.4.9"/>
                              <name>ECHINACEA ANGUSTIFOLIA</name>
                              <activeMoiety>
                                 <activeMoiety>
                                    <code code="VB06AV5US8" codeSystem="2.16.840.1.113883.4.9"/>
                                    <name>ECHINACEA ANGUSTIFOLIA</name>
                                 </activeMoiety>
                              </activeMoiety>
                           </ingredientSubstance>
                        </ingredient>
                        <ingredient classCode="ACTIB">
                           <quantity>
                              <numerator value="1" unit="[hp_X]"/>
                              <denominator value="6" unit="mL"/>
                           </quantity>
                           <ingredientSubstance>
                              <code code="QI7G114Y98" codeSystem="2.16.840.1.113883.4.9"/>
                              <name>ECHINACEA PURPUREA</name>
                              <activeMoiety>
                                 <activeMoiety>
                                    <code code="QI7G114Y98" codeSystem="2.16.840.1.113883.4.9"/>
                                    <name>ECHINACEA PURPUREA</name>
                                 </activeMoiety>
                              </activeMoiety>
                           </ingredientSubstance>
                        </ingredient>
                        <ingredient classCode="ACTIB">
                           <quantity>
                              <numerator value="1" unit="[hp_X]"/>
                              <denominator value="6" unit="mL"/>
                           </quantity>
                           <ingredientSubstance>
                              <code code="T7S323PKJS" codeSystem="2.16.840.1.113883.4.9"/>
                              <name>HAMAMELIS VIRGINIANA ROOT BARK/STEM BARK</name>
                              <activeMoiety>
                                 <activeMoiety>
                                    <code code="T7S323PKJS" codeSystem="2.16.840.1.113883.4.9"/>
                                    <name>HAMAMELIS VIRGINIANA ROOT BARK/STEM BARK</name>
                                 </activeMoiety>
                              </activeMoiety>
                           </ingredientSubstance>
                        </ingredient>
                        <ingredient classCode="ACTIB">
                           <quantity>
                              <numerator value="1" unit="[hp_X]"/>
                              <denominator value="6" unit="mL"/>
                           </quantity>
                           <ingredientSubstance>
                              <code code="XK4IUX8MNB" codeSystem="2.16.840.1.113883.4.9"/>
                              <name>HYPERICUM PERFORATUM</name>
                              <activeMoiety>
                                 <activeMoiety>
                                    <code code="XK4IUX8MNB" codeSystem="2.16.840.1.113883.4.9"/>
                                    <name>HYPERICUM PERFORATUM</name>
                                 </activeMoiety>
                              </activeMoiety>
                           </ingredientSubstance>
                        </ingredient>
                        <ingredient classCode="ACTIB">
                           <quantity>
                              <numerator value="1" unit="[hp_X]"/>
                              <denominator value="6" unit="mL"/>
                           </quantity>
                           <ingredientSubstance>
                              <code code="2FXJ6SW4PK" codeSystem="2.16.840.1.113883.4.9"/>
                              <name>ACHILLEA MILLEFOLIUM</name>
                              <activeMoiety>
                                 <activeMoiety>
                                    <code code="2FXJ6SW4PK" codeSystem="2.16.840.1.113883.4.9"/>
                                    <name>ACHILLEA MILLEFOLIUM</name>
                                 </activeMoiety>
                              </activeMoiety>
                           </ingredientSubstance>
                        </ingredient>
                        <ingredient classCode="ACTIB">
                           <quantity>
                              <numerator value="4" unit="[hp_X]"/>
                              <denominator value="6" unit="mL"/>
                           </quantity>
                           <ingredientSubstance>
                              <code code="M9VVZ08EKQ" codeSystem="2.16.840.1.113883.4.9"/>
                              <name>COMFREY ROOT</name>
                              <activeMoiety>
                                 <activeMoiety>
                                    <code code="M9VVZ08EKQ" codeSystem="2.16.840.1.113883.4.9"/>
                                    <name>COMFREY ROOT</name>
                                 </activeMoiety>
                              </activeMoiety>
                           </ingredientSubstance>
                        </ingredient>
                        <ingredient classCode="ACTIB">
                           <quantity>
                              <numerator value="1" unit="[hp_X]"/>
                              <denominator value="6" unit="mL"/>
                           </quantity>
                           <ingredientSubstance>
                              <code code="C5529G5JPQ" codeSystem="2.16.840.1.113883.4.9"/>
                              <name>GINGER</name>
                              <activeMoiety>
                                 <activeMoiety>
                                    <code code="C5529G5JPQ" codeSystem="2.16.840.1.113883.4.9"/>
                                    <name>GINGER</name>
                                 </activeMoiety>
                              </activeMoiety>
                           </ingredientSubstance>
                        </ingredient>
                        <ingredient classCode="IACT">
                           <ingredientSubstance>
                              <code code="059QF0KO0R" codeSystem="2.16.840.1.113883.4.9"/>
                              <name>WATER</name>
                           </ingredientSubstance>
                        </ingredient>
                        <ingredient classCode="IACT">
                           <ingredientSubstance>
                              <code code="0RE8K4LNJS" codeSystem="2.16.840.1.113883.4.9"/>
                              <name>ISOPROPYL MYRISTATE</name>
                           </ingredientSubstance>
                        </ingredient>
                        <ingredient classCode="IACT">
                           <ingredientSubstance>
                              <code code="8W8T17847W" codeSystem="2.16.840.1.113883.4.9"/>
                              <name>UREA</name>
                           </ingredientSubstance>
                        </ingredient>
                        <ingredient classCode="IACT">
                           <ingredientSubstance>
                              <code code="F05Q2T2JA0" codeSystem="2.16.840.1.113883.4.9"/>
                              <name>DOCUSATE SODIUM</name>
                           </ingredientSubstance>
                        </ingredient>
                        <ingredient classCode="IACT">
                           <ingredientSubstance>
                              <code code="55X04QC32I" codeSystem="2.16.840.1.113883.4.9"/>
                              <name>SODIUM HYDROXIDE</name>
                           </ingredientSubstance>
                        </ingredient>
                        <asContent>
                           <quantity>
                              <numerator value="6" unit="mL"/>
                              <denominator value="1"/>
                           </quantity>
                           <containerPackagedProduct>
                              <code/>
                              <formCode code="C42794" codeSystem="2.16.840.1.113883.3.26.1.1" displayName="TUBE"/>
                              <asContent>
                                 <quantity>
                                    <numerator value="1" unit="1">
                                       <translation code="C48549" codeSystem="2.16.840.1.113883.3.26.1.1" displayName="TUBE"/>
                                    </numerator>
                                    <denominator value="1"/>
                                 </quantity>
                                 <containerPackagedProduct>
                                    <code code="35781-0230-0" codeSystem="2.16.840.1.113883.6.69"/>
                                    <formCode code="C43178" codeSystem="2.16.840.1.113883.3.26.1.1" displayName="BOX"/>
                                 </containerPackagedProduct>
                              </asContent>
                           </containerPackagedProduct>
                        </asContent>
                     </manufacturedProduct>
                     <subjectOf>
                        <marketingAct>
                           <code code="C53292" codeSystem="2.16.840.1.113883.3.26.1.1"/>
                           <statusCode code="active"/>
                           <effectiveTime>
                              <low value="20100617"/>
                           </effectiveTime>
                        </marketingAct>
                     </subjectOf>
                     <subjectOf>
                        <approval>
                           <code code="C73614" codeSystem="2.16.840.1.113883.3.26.1.1" displayName="unapproved homeopathic"/>
                           <author>
                              <territorialAuthority>
                                 <territory>
                                    <code code="USA" codeSystem="2.16.840.1.113883.5.28"/>
                                 </territory>
                              </territorialAuthority>
                           </author>
                        </approval>
                     </subjectOf>
                     <consumedIn>
                        <substanceAdministration>
                           <routeCode code="C38304" codeSystem="2.16.840.1.113883.3.26.1.1" displayName="TOPICAL"/>
                        </substanceAdministration>
                     </consumedIn>
                  </manufacturedProduct>
               </subject>
            </section>
         </component>
         <component>
            <section>
               <id root="16c5034c-6967-4a92-9393-c1aba23b53f1"/>
               <code code="34071-1" codeSystem="2.16.840.1.113883.6.1" displayName="WARNINGS SECTION"/>
               <text>
                  <paragraph>FOR EXTERNAL USE ONLY             AVOID CONTACT WITH EYES<br/>
                  </paragraph>
               </text>
               <effectiveTime value="20100617"/>
            </section>
         </component>
         <component>
            <section>
               <id root="4e129b3b-7703-40b1-b6f3-461269fce739"/>
               <code code="50565-1" codeSystem="2.16.840.1.113883.6.1" displayName="OTC - KEEP OUT OF REACH OF CHILDREN SECTION"/>
               <text>
                  <paragraph>KEEP OUT OF REACH OF CHILDREN<br/>
                  </paragraph>
               </text>
               <effectiveTime value="20100617"/>
            </section>
         </component>
         <component>
            <section>
               <id root="a9493fb2-1cde-444d-9f09-956390d3c76b"/>
               <code code="55106-9" codeSystem="2.16.840.1.113883.6.1" displayName="OTC - ACTIVE INGREDIENT SECTION"/>
               <text>
                  <paragraph>ACTIVE INGREDIENTS<br/>
                  </paragraph>
                  <paragraph>
Aconitum Napellus 3X, Arnica Montana 3X, Belladonna 4X, Bellis Perennis 1X, Calendula Officinalis 1X,  Chamomilla 1X, Echinacea Angustifolia 1X, Echinacea Purpurea 1X, Hamamelis Virginiana 1X, Hypericum Perforatum 1X, Millefolium 1X, Symphytum Officinale 3X, Zingiber Officinale 1X.</paragraph>
               </text>
               <effectiveTime value="20100617"/>
            </section>
         </component>
         <component>
            <section>
               <id root="1c169e13-45d2-421e-9e33-3d3dcbd084f2"/>
               <code code="51727-6" codeSystem="2.16.840.1.113883.6.1" displayName="INACTIVE INGREDIENT SECTION"/>
               <text>
                  <paragraph>INACTIVE INGREDIENTS</paragraph>
                  <paragraph>Purified water, Isopropyl Myristate, lecithin, Urea, Docusate Sodium, Sodium Hydroxide<br/>
                  </paragraph>
               </text>
               <effectiveTime value="20100617"/>
            </section>
         </component>
         <component>
            <section>
               <id root="c8b5fe8f-9ad4-434e-aa9c-d111e4622dcd"/>
               <code code="51945-4" codeSystem="2.16.840.1.113883.6.1" displayName="PACKAGE LABEL.PRINCIPAL DISPLAY PANEL"/>
               <text>
                  <paragraph>NDC 35781-0230-0     WWW.GENSCOLABS.COM</paragraph>
               </text>
               <effectiveTime value="20100617"/>
            </section>
         </component>
         <component>
            <section>
               <id root="2887e936-f5f8-44cf-a767-6bb0a626a33f"/>
               <code code="34067-9" codeSystem="2.16.840.1.113883.6.1" displayName="INDICATIONS &amp; USAGE SECTION"/>
               <text>
                  <paragraph>INFLAM-X PRO is a homeopathic topical analgesic gel that contains the ingredients listed below. Homeopathic ingredients
have been used since the inception of this science and remain as an effective method of treating select conditions.It is an amber colored odorless gel for use externally to control inflammation and reduce pain.<br/>
                  </paragraph>
               </text>
               <effectiveTime value="20100617"/>
            </section>
         </component>
         <component>
            <section>
               <id root="619e4be3-ec83-448d-af16-1ea3519e6aa5"/>
               <code code="43685-7" codeSystem="2.16.840.1.113883.6.1" displayName="WARNINGS AND PRECAUTIONS SECTION"/>
               <text>
                  <paragraph>For external use only. Do not ingest INFLAM-X PRO and avoid contact with the eyes and mucous membranes, wounds, and damaged skin. If condition worsens, or if symptoms persist for more than seven days or clear up and occur again within a few days, you should consult a doctor. If a rash develops, you should discontinue use until rash clears. After the disappearance of rash, you can try INFLAM-X PRO again on a test area and monitor the site for additional results. If no rash or redness results, then you can resume use. However, if the rash persists or redevelops, use should be discontinued.</paragraph>
                  <paragraph>Keep this product out of reach of children and seek medical help or contact a Poison Control Center immediately if swallowed.<br/>
                  </paragraph>
               </text>
               <effectiveTime value="20100617"/>
            </section>
         </component>
         <component>
            <section>
               <id root="6f047883-4e4a-46fc-ab4f-0a498b19b322"/>
               <code code="51945-4" codeSystem="2.16.840.1.113883.6.1" displayName="PACKAGE LABEL.PRINCIPAL DISPLAY PANEL"/>
               <text>
                  <paragraph>US PATENT #5,654,337</paragraph>
                  <paragraph>
                     <br/>
                  </paragraph>
                  <paragraph>NDC 35781-0230-0</paragraph>
                  <paragraph>WWW.GENSCOLABS.COM</paragraph>
                  <paragraph>
                     <br/>
                  </paragraph>
               </text>
               <effectiveTime value="20100617"/>
            </section>
         </component>
         <component>
            <section>
               <id root="4392b66b-1d33-4eb2-af1f-0fa877f0651c"/>
               <code code="55106-9" codeSystem="2.16.840.1.113883.6.1" displayName="OTC - ACTIVE INGREDIENT SECTION"/>
               <text>
                  <table width="70%">
                     <colgroup>
                        <col width="60%" align="left"/>
                        <col align="center"/>
                     </colgroup>
                     <thead>
                        <tr>
                           <th>DRUG FACTS</th>
                           <th>PURPOSE</th>
                        </tr>
                     </thead>
                     <tbody>
                        <tr>
                           <td>Aconitum Napellus 3X-HPUS</td>
                           <td>Neuralgia</td>
                        </tr>
                        <tr>
                           <td>Arnica Montana 3X-HPUS</td>
                           <td>Healing of Injured Tissue</td>
                        </tr>
                        <tr>
                           <td>Belladonna 4X-HPUS</td>
                           <td>Inflammation</td>
                        </tr>
                        <tr>
                           <td>Bellis Perennis TINC-HPUS</td>
                           <td>Bruising and Edema</td>
                        </tr>
                        <tr>
                           <td>Calendula Officinallis TINC-HPUS</td>
                           <td>Analgesia</td>
                        </tr>
                        <tr>
                           <td>Chamomilla TINC-HPUS</td>
                           <td>Tissue Healing</td>
                        </tr>
                        <tr>
                           <td>Echinacea Angustifolia TINC-HPUS</td>
                           <td>Inflammation</td>
                        </tr>
                        <tr>
                           <td>Echinacea Purpurea TINC-HPUS</td>
                           <td>Inflammation</td>
                        </tr>
                        <tr>
                           <td>Hamamellis Virginiana TINC-HPUS</td>
                           <td>Hematomas</td>
                        </tr>
                        <tr>
                           <td>Hypericum Perforatum TINC-HPUS</td>
                           <td>Neuropathic Pains</td>
                        </tr>
                        <tr>
                           <td>Millefolium TINC-HPUS</td>
                           <td>Wound healing</td>
                        </tr>
                        <tr>
                           <td>Symphytum Officinale 4X-HPUS</td>
                           <td>Neuropathy and Periostitus</td>
                        </tr>
                        <tr>
                           <td>Zingiber Officinale</td>
                           <td>Inflammation</td>
                        </tr>
                     </tbody>
                  </table>
                  <br/>
               </text>
               <effectiveTime value="20100617"/>
            </section>
         </component>
         <component>
            <section>
               <id root="b62d9c2f-7111-4a3d-ab7d-8326d73b9e73"/>
               <code code="55105-1" codeSystem="2.16.840.1.113883.6.1" displayName="OTC - PURPOSE SECTION"/>
               <text>
                  <paragraph>INFLAM-X PRO is indicated for the temporary relief of inflammation and pain from injuries such as sprains, strains,
repetitive use injuries, traumatic edema, general swelling of joints and soft tissue of the hand, wrist, elbow, shoulder, neck, back, knee, ankle, foot and toe. INFLAM-X PRO is also indicated for the reduction of bruising.<br/>
                  </paragraph>
               </text>
               <effectiveTime value="20100617"/>
            </section>
         </component>
         <component>
            <section>
               <id root="15a63b51-92bc-4558-917f-152b848fc093"/>
               <code code="34071-1" codeSystem="2.16.840.1.113883.6.1" displayName="WARNINGS SECTION"/>
               <text>
                  <paragraph>WARNINGS</paragraph>
                  <paragraph>For external use only. Do not ingest INFLAM-X PRO and avoid contact with the eyes and mucous membranes, wounds, and
damaged skin. If condition worsens, or if symptoms persist for more than seven days or clear up and occur again within a few days, you should consult a doctor. If a rash develops, you should discontinue use until rash clears. After the disappearance of rash, you can try INFLAM-X PRO again on a test area and monitor the site for additional results. If no rash or redness results, then you can resume use. However, if the rash persists or redevelops, use should be discontinued.</paragraph>
                  <paragraph>Keep this product out of reach of children and seek medical help or contact a Poison Control Center immediately if swallowed.<br/>
                  </paragraph>
               </text>
               <effectiveTime value="20100617"/>
            </section>
         </component>
         <component>
            <section>
               <id root="dcc29ead-5c79-410d-815b-71759614c1e0"/>
               <code code="34068-7" codeSystem="2.16.840.1.113883.6.1" displayName="DOSAGE &amp; ADMINISTRATION SECTION"/>
               <text>
                  <paragraph>Apply a thin layer (1 drop covers an area of skin 2 inches by 2 inches) to the affected area of the skin 3-4 times daily and rub in gently. Applications of less than 3-4 times a day will not produce optimum results. Excess drops may be wiped from the area. Safe to use on children over age of 2 years.
                  </paragraph>
               </text>
               <effectiveTime value="20100617"/>
            </section>
         </component>
         <component>
            <section>
               <id root="5e6d4b1e-3c7c-4fc3-8dd6-f2a501df4624"/>
               <code code="34076-0" codeSystem="2.16.840.1.113883.6.1" displayName="INFORMATION FOR PATIENTS SECTION"/>
               <text>
                  <paragraph>Other Information</paragraph>
                  <paragraph>Store at room temperature<br/>
                  </paragraph>
               </text>
               <effectiveTime value="20100617"/>
            </section>
         </component>
         <component>
            <section>
               <id root="9dd07e77-9d53-48a1-83b9-f4e9978ac7cf"/>
               <code code="51727-6" codeSystem="2.16.840.1.113883.6.1" displayName="INACTIVE INGREDIENT SECTION"/>
               <text>
                  <paragraph>Inactive Ingredients</paragraph>
                  <paragraph>Purified water, Isopropyl Myristate, Lecithin, Urea, Docusate Sodium<br/>
                  </paragraph>
               </text>
               <effectiveTime value="20100617"/>
            </section>
         </component>
         <component>
            <section>
               <id root="2684702b-c1ed-48d1-8240-6d4e8871de23"/>
               <code code="53413-1" codeSystem="2.16.840.1.113883.6.1" displayName="OTC - QUESTIONS SECTION"/>
               <text>
                  <paragraph>Questions? Toll Free 1-866-608-6284   Mon-Fri 9AM to 5PM (EST)<br/>
                  </paragraph>
               </text>
               <effectiveTime value="20100617"/>
            </section>
         </component>
         <component>
            <section>
               <id root="a00343dd-aa5a-47b0-b8a6-d395416b3a01"/>
               <code code="34076-0" codeSystem="2.16.840.1.113883.6.1" displayName="INFORMATION FOR PATIENTS SECTION"/>
               <text>
                  <paragraph>Manufactured for <br/>
                  </paragraph>
                  <paragraph>Gensco Laboratories, LLC</paragraph>
                  <paragraph>Miramar, FL 33027</paragraph>
                  <paragraph> 866.608.6284</paragraph>
                  <paragraph>US Patent # 5,654,337</paragraph>
                  <paragraph>www.genscolabs.com</paragraph>
               </text>
               <effectiveTime value="20100617"/>
            </section>
         </component>
         <component>
            <section>
               <id root="4068e57b-b908-489c-a22d-39351f304c52"/>
               <code code="51945-4" codeSystem="2.16.840.1.113883.6.1" displayName="PACKAGE LABEL.PRINCIPAL DISPLAY PANEL"/>
               <text>
                  <paragraph>
                     <renderMultiMedia referencedObject="speedgelouter"/>
                  </paragraph>
               </text>
               <effectiveTime value="20100617"/>
               <component>
                  <observationMedia classCode="OBS" moodCode="EVN" ID="speedgelouter">
                     <text>Inflam-x Box</text>
                     <value xsi:type="ED" mediaType="image/jpeg">
                        <reference value="inflamxbox.jpg"/>
                     </value>
                  </observationMedia>
               </component>
            </section>
         </component>
         <component>
            <section>
               <id root="7e965223-9a8b-401c-bfbc-ce3aa1cafec3"/>
               <code code="51945-4" codeSystem="2.16.840.1.113883.6.1" displayName="PACKAGE LABEL.PRINCIPAL DISPLAY PANEL"/>
               <text>
                  <paragraph>
                     <renderMultiMedia referencedObject="drugpanel"/>
                  </paragraph>
               </text>
               <effectiveTime value="20100617"/>
               <component>
                  <observationMedia classCode="OBS" moodCode="EVN" ID="drugpanel">
                     <text>Label</text>
                     <value xsi:type="ED" mediaType="image/jpeg">
                        <reference value="inflamxlabel.jpg"/>
                     </value>
                  </observationMedia>
               </component>
            </section>
         </component>
         <component>
            <section>
               <id root="678ad50d-44ad-43b8-80e3-1c4b21ee3626"/>
               <code code="51945-4" codeSystem="2.16.840.1.113883.6.1" displayName="PACKAGE LABEL.PRINCIPAL DISPLAY PANEL"/>
               <text>
                  <paragraph>
                     <renderMultiMedia referencedObject="gelfactspanelouter"/>
                  </paragraph>
               </text>
               <effectiveTime value="20100617"/>
               <component>
                  <observationMedia classCode="OBS" moodCode="EVN" ID="gelfactspanelouter">
                     <text>Drug Facts</text>
                     <value xsi:type="ED" mediaType="image/jpeg">
                        <reference value="inflamxfactspanel.jpg"/>
                     </value>
                  </observationMedia>
               </component>
            </section>
         </component>
      </structuredBody>
   </component>
</document>