<?xml version="1.0" encoding="UTF-8"?><?xml-stylesheet href="http://www.accessdata.fda.gov/spl/stylesheet/spl.xsl" type="text/xsl"?>
<document xmlns="urn:hl7-org:v3" xmlns:xsi="http://www.w3.org/2001/XMLSchema-instance" xsi:schemaLocation="urn:hl7-org:v3 http://www.accessdata.fda.gov/spl/schema/spl.xsd">
   <id root="946133ff-67c8-4d3f-8dd4-6d1e72f87f1d"/>
   <code code="34391-3" codeSystem="2.16.840.1.113883.6.1" displayName="HUMAN PRESCRIPTION DRUG LABEL"/>
   <title>BACLOFEN TABLETS, USP</title>
   <effectiveTime value="20130606"/>
   <setId root="0b048340-598b-42e3-b65d-87fb3ffe7f78"/>
   <versionNumber value="2"/>
   <author>
      <time/>
      <assignedEntity>
         <representedOrganization>
            <id extension="188557102" root="1.3.6.1.4.1.519.1"/>
            <name>Cardinal Health</name>
            <assignedEntity>
               <assignedOrganization>
                  <assignedEntity>
                     <assignedOrganization>
                        <id extension="188557102" root="1.3.6.1.4.1.519.1"/>
                        <name>Cardinal Health</name>
                     </assignedOrganization>
                     <performance>
                        <actDefinition>
                           <code code="C73606" codeSystem="2.16.840.1.113883.3.26.1.1" displayName="REPACK"/>
                           <product>
                              <manufacturedProduct classCode="MANU">
                                 <manufacturedMaterialKind>
                                    <code code="55154-0677" codeSystem="2.16.840.1.113883.6.69"/>
                                 </manufacturedMaterialKind>
                              </manufacturedProduct>
                           </product>
                        </actDefinition>
                     </performance>
                     <performance>
                        <actDefinition>
                           <code code="C73606" codeSystem="2.16.840.1.113883.3.26.1.1" displayName="REPACK"/>
                           <product>
                              <manufacturedProduct classCode="MANU">
                                 <manufacturedMaterialKind>
                                    <code code="55154-3386" codeSystem="2.16.840.1.113883.6.69"/>
                                 </manufacturedMaterialKind>
                              </manufacturedProduct>
                           </product>
                        </actDefinition>
                     </performance>
                  </assignedEntity>
               </assignedOrganization>
            </assignedEntity>
         </representedOrganization>
      </assignedEntity>
   </author>
   <component>
      <structuredBody>
         <component>
            <section>
               <id root="f40df6bd-ce6f-4a8c-8d09-21421cb9d974"/>
               <code code="48780-1" codeSystem="2.16.840.1.113883.6.1" displayName="SPL product data elements section"/>
               <effectiveTime value="20070312"/>
               <subject>
                  <manufacturedProduct>
                     <manufacturedProduct>
                        <code codeSystem="2.16.840.1.113883.6.69" code="55154-0677"/>
                        <name>Baclofen</name>
                        <formCode code="C42998" codeSystem="2.16.840.1.113883.3.26.1.1" displayName="TABLET"/>
                        <asEntityWithGeneric>
                           <genericMedicine>
                              <name>Baclofen</name>
                           </genericMedicine>
                        </asEntityWithGeneric>
                        <asEquivalentEntity classCode="EQUIV">
                           <code code="C64637" codeSystem="2.16.840.1.113883.3.26.1.1"/>
                           <definingMaterialKind>
                              <code code="0904-3365" codeSystem="2.16.840.1.113883.6.69"/>
                           </definingMaterialKind>
                        </asEquivalentEntity>
                        <ingredient classCode="ACTIB">
                           <quantity>
                              <numerator value="10" unit="mg"/>
                              <denominator value="1" unit="1"/>
                           </quantity>
                           <ingredientSubstance>
                              <code code="H789N3FKE8" codeSystem="2.16.840.1.113883.4.9"/>
                              <name>Baclofen</name>
                              <activeMoiety>
                                 <activeMoiety>
                                    <code code="H789N3FKE8" codeSystem="2.16.840.1.113883.4.9"/>
                                    <name>Baclofen</name>
                                 </activeMoiety>
                              </activeMoiety>
                           </ingredientSubstance>
                        </ingredient>
                        <ingredient classCode="IACT">
                           <ingredientSubstance>
                              <code code="3SY5LH9PMK" codeSystem="2.16.840.1.113883.4.9"/>
                              <name>ANHYDROUS LACTOSE</name>
                           </ingredientSubstance>
                        </ingredient>
                        <ingredient classCode="IACT">
                           <ingredientSubstance>
                              <code code="ETJ7Z6XBU4" codeSystem="2.16.840.1.113883.4.9"/>
                              <name>SILICON DIOXIDE</name>
                           </ingredientSubstance>
                        </ingredient>
                        <ingredient classCode="IACT">
                           <ingredientSubstance>
                              <code code="O7TSZ97GEP" codeSystem="2.16.840.1.113883.4.9"/>
                              <name>CALCIUM PHOSPHATE, DIBASIC, DIHYDRATE</name>
                           </ingredientSubstance>
                        </ingredient>
                        <ingredient classCode="IACT">
                           <ingredientSubstance>
                              <code code="70097M6I30" codeSystem="2.16.840.1.113883.4.9"/>
                              <name>MAGNESIUM STEARATE</name>
                           </ingredientSubstance>
                        </ingredient>
                        <ingredient classCode="IACT">
                           <ingredientSubstance>
                              <code code="OP1R32D61U" codeSystem="2.16.840.1.113883.4.9"/>
                              <name>CELLULOSE, MICROCRYSTALLINE</name>
                           </ingredientSubstance>
                        </ingredient>
                        <ingredient classCode="IACT">
                           <ingredientSubstance>
                              <code code="5856J3G2A2" codeSystem="2.16.840.1.113883.4.9"/>
                              <name>SODIUM STARCH GLYCOLATE TYPE A POTATO</name>
                           </ingredientSubstance>
                        </ingredient>
                        <asContent>
                           <quantity>
                              <numerator value="1" unit="1"/>
                              <denominator value="1"/>
                           </quantity>
                           <containerPackagedProduct>
                              <code/>
                              <formCode code="C43168" codeSystem="2.16.840.1.113883.3.26.1.1" displayName="BLISTER PACK"/>
                              <asContent>
                                 <quantity>
                                    <numerator value="10" unit="1"/>
                                    <denominator value="1"/>
                                 </quantity>
                                 <containerPackagedProduct>
                                    <code code="55154-0677-0" codeSystem="2.16.840.1.113883.6.69"/>
                                    <formCode code="C43167" codeSystem="2.16.840.1.113883.3.26.1.1" displayName="BAG"/>
                                 </containerPackagedProduct>
                              </asContent>
                           </containerPackagedProduct>
                        </asContent>
                     </manufacturedProduct>
                     <subjectOf>
                        <approval>
                           <id extension="ANDA072234" root="2.16.840.1.113883.3.150"/>
                           <code code="C73584" codeSystem="2.16.840.1.113883.3.26.1.1" displayName="ANDA"/>
                           <author>
                              <territorialAuthority>
                                 <territory>
                                    <code code="USA" codeSystem="2.16.840.1.113883.5.28"/>
                                 </territory>
                              </territorialAuthority>
                           </author>
                        </approval>
                     </subjectOf>
                     <subjectOf>
                        <marketingAct>
                           <code code="C53292" codeSystem="2.16.840.1.113883.3.26.1.1"/>
                           <statusCode code="active"/>
                           <effectiveTime>
                              <low value="20100715"/>
                           </effectiveTime>
                        </marketingAct>
                     </subjectOf>
                     <subjectOf>
                        <characteristic classCode="OBS">
                           <code code="SPLCOLOR" codeSystem="2.16.840.1.113883.1.11.19255"/>
                           <value xsi:type="CE" code="C48325" codeSystem="2.16.840.1.113883.3.26.1.1" displayName="WHITE">
                              <originalText>white to off white</originalText>
                           </value>
                        </characteristic>
                     </subjectOf>
                     <subjectOf>
                        <characteristic classCode="OBS">
                           <code code="SPLSIZE" codeSystem="2.16.840.1.113883.1.11.19255"/>
                           <value unit="mm" value="9" xsi:type="PQ"/>
                        </characteristic>
                     </subjectOf>
                     <subjectOf>
                        <characteristic classCode="OBS">
                           <code code="SPLSHAPE" codeSystem="2.16.840.1.113883.1.11.19255"/>
                           <value xsi:type="CE" code="C48348" codeSystem="2.16.840.1.113883.3.26.1.1" displayName="ROUND"/>
                        </characteristic>
                     </subjectOf>
                     <subjectOf>
                        <characteristic classCode="OBS">
                           <code code="SPLSCORE" codeSystem="2.16.840.1.113883.1.11.19255"/>
                           <value value="2" xsi:type="INT"/>
                        </characteristic>
                     </subjectOf>
                     <subjectOf>
                        <characteristic classCode="OBS">
                           <code code="SPLIMPRINT" codeSystem="2.16.840.1.113883.1.11.19255"/>
                           <value xsi:type="ST">4096;TV</value>
                        </characteristic>
                     </subjectOf>
                     <consumedIn>
                        <substanceAdministration>
                           <routeCode code="C38288" codeSystem="2.16.840.1.113883.3.26.1.1" displayName="ORAL"/>
                        </substanceAdministration>
                     </consumedIn>
                  </manufacturedProduct>
               </subject>
               <subject>
                  <manufacturedProduct>
                     <manufacturedProduct>
                        <code codeSystem="2.16.840.1.113883.6.69" code="55154-3386"/>
                        <name>Baclofen</name>
                        <formCode code="C42998" codeSystem="2.16.840.1.113883.3.26.1.1" displayName="TABLET"/>
                        <asEntityWithGeneric>
                           <genericMedicine>
                              <name>Baclofen</name>
                           </genericMedicine>
                        </asEntityWithGeneric>
                        <asEquivalentEntity classCode="EQUIV">
                           <code code="C64637" codeSystem="2.16.840.1.113883.3.26.1.1"/>
                           <definingMaterialKind>
                              <code code="0904-5222" codeSystem="2.16.840.1.113883.6.69"/>
                           </definingMaterialKind>
                        </asEquivalentEntity>
                        <ingredient classCode="ACTIB">
                           <quantity>
                              <numerator value="20" unit="mg"/>
                              <denominator value="1" unit="1"/>
                           </quantity>
                           <ingredientSubstance>
                              <code code="H789N3FKE8" codeSystem="2.16.840.1.113883.4.9"/>
                              <name>Baclofen</name>
                              <activeMoiety>
                                 <activeMoiety>
                                    <code code="H789N3FKE8" codeSystem="2.16.840.1.113883.4.9"/>
                                    <name>Baclofen</name>
                                 </activeMoiety>
                              </activeMoiety>
                           </ingredientSubstance>
                        </ingredient>
                        <ingredient classCode="IACT">
                           <ingredientSubstance>
                              <code code="3SY5LH9PMK" codeSystem="2.16.840.1.113883.4.9"/>
                              <name>ANHYDROUS LACTOSE</name>
                           </ingredientSubstance>
                        </ingredient>
                        <ingredient classCode="IACT">
                           <ingredientSubstance>
                              <code code="ETJ7Z6XBU4" codeSystem="2.16.840.1.113883.4.9"/>
                              <name>SILICON DIOXIDE</name>
                           </ingredientSubstance>
                        </ingredient>
                        <ingredient classCode="IACT">
                           <ingredientSubstance>
                              <code code="O7TSZ97GEP" codeSystem="2.16.840.1.113883.4.9"/>
                              <name>CALCIUM PHOSPHATE, DIBASIC, DIHYDRATE</name>
                           </ingredientSubstance>
                        </ingredient>
                        <ingredient classCode="IACT">
                           <ingredientSubstance>
                              <code code="70097M6I30" codeSystem="2.16.840.1.113883.4.9"/>
                              <name>MAGNESIUM STEARATE</name>
                           </ingredientSubstance>
                        </ingredient>
                        <ingredient classCode="IACT">
                           <ingredientSubstance>
                              <code code="OP1R32D61U" codeSystem="2.16.840.1.113883.4.9"/>
                              <name>CELLULOSE, MICROCRYSTALLINE</name>
                           </ingredientSubstance>
                        </ingredient>
                        <ingredient classCode="IACT">
                           <ingredientSubstance>
                              <code code="5856J3G2A2" codeSystem="2.16.840.1.113883.4.9"/>
                              <name>SODIUM STARCH GLYCOLATE TYPE A POTATO</name>
                           </ingredientSubstance>
                        </ingredient>
                        <asContent>
                           <quantity>
                              <numerator value="1" unit="1"/>
                              <denominator value="1"/>
                           </quantity>
                           <containerPackagedProduct>
                              <code/>
                              <formCode code="C43168" codeSystem="2.16.840.1.113883.3.26.1.1" displayName="BLISTER PACK"/>
                              <asContent>
                                 <quantity>
                                    <numerator value="10" unit="1"/>
                                    <denominator value="1"/>
                                 </quantity>
                                 <containerPackagedProduct>
                                    <code code="55154-3386-0" codeSystem="2.16.840.1.113883.6.69"/>
                                    <formCode code="C43167" codeSystem="2.16.840.1.113883.3.26.1.1" displayName="BAG"/>
                                 </containerPackagedProduct>
                              </asContent>
                           </containerPackagedProduct>
                        </asContent>
                     </manufacturedProduct>
                     <subjectOf>
                        <approval>
                           <id extension="ANDA072235" root="2.16.840.1.113883.3.150"/>
                           <code code="C73584" codeSystem="2.16.840.1.113883.3.26.1.1" displayName="ANDA"/>
                           <author>
                              <territorialAuthority>
                                 <territory>
                                    <code code="USA" codeSystem="2.16.840.1.113883.5.28"/>
                                 </territory>
                              </territorialAuthority>
                           </author>
                        </approval>
                     </subjectOf>
                     <subjectOf>
                        <marketingAct>
                           <code code="C53292" codeSystem="2.16.840.1.113883.3.26.1.1"/>
                           <statusCode code="active"/>
                           <effectiveTime>
                              <low value="19980721"/>
                           </effectiveTime>
                        </marketingAct>
                     </subjectOf>
                     <subjectOf>
                        <characteristic classCode="OBS">
                           <code code="SPLCOLOR" codeSystem="2.16.840.1.113883.1.11.19255"/>
                           <value xsi:type="CE" code="C48325" codeSystem="2.16.840.1.113883.3.26.1.1" displayName="WHITE">
                              <originalText>white to off white</originalText>
                           </value>
                        </characteristic>
                     </subjectOf>
                     <subjectOf>
                        <characteristic classCode="OBS">
                           <code code="SPLSIZE" codeSystem="2.16.840.1.113883.1.11.19255"/>
                           <value unit="mm" value="11" xsi:type="PQ"/>
                        </characteristic>
                     </subjectOf>
                     <subjectOf>
                        <characteristic classCode="OBS">
                           <code code="SPLSHAPE" codeSystem="2.16.840.1.113883.1.11.19255"/>
                           <value xsi:type="CE" code="C48348" codeSystem="2.16.840.1.113883.3.26.1.1" displayName="ROUND"/>
                        </characteristic>
                     </subjectOf>
                     <subjectOf>
                        <characteristic classCode="OBS">
                           <code code="SPLSCORE" codeSystem="2.16.840.1.113883.1.11.19255"/>
                           <value value="2" xsi:type="INT"/>
                        </characteristic>
                     </subjectOf>
                     <subjectOf>
                        <characteristic classCode="OBS">
                           <code code="SPLIMPRINT" codeSystem="2.16.840.1.113883.1.11.19255"/>
                           <value xsi:type="ST">4097;;TV</value>
                        </characteristic>
                     </subjectOf>
                     <consumedIn>
                        <substanceAdministration>
                           <routeCode code="C38288" codeSystem="2.16.840.1.113883.3.26.1.1" displayName="ORAL"/>
                        </substanceAdministration>
                     </consumedIn>
                  </manufacturedProduct>
               </subject>
            </section>
         </component>
         <component>
            <section ID="i4i_section_id_bc4ee465-896a-4966-a242-6193934a827e">
               <id root="dc911372-bbcd-4434-be96-666aae2e1db4"/>
               <code codeSystem="2.16.840.1.113883.6.1" code="42229-5" displayName="SPL UNCLASSIFIED SECTION"/>
               <text>
                  <paragraph>Rx only</paragraph>
               </text>
               <effectiveTime value="20101020"/>
            </section>
         </component>
         <component>
            <section ID="i4i_description_id_6c6a3ca0-8c15-47e5-840c-7c203447c2d0">
               <id root="68ba10f3-3094-4a49-9f04-f79d437ea3ab"/>
               <code codeSystem="2.16.840.1.113883.6.1" code="34089-3" displayName="DESCRIPTION SECTION"/>
               <title>DESCRIPTION</title>
               <text>
                  <paragraph>Baclofen is a muscle relaxant and antispastic. Its chemical name is 4-amino-3-(4-chlorophenyl)-butanoic acid. The structural formula is: </paragraph>
                  <renderMultiMedia referencedObject="id_9cba78c9-b73d-44d7-b389-a429559e2505"/>
                  <paragraph>
                     <sub>C10H12CINO2                                                                                                                                        M.W. 213.66</sub>
                  </paragraph>
                  <paragraph>Baclofen USP is a white to off-white, odorless or practically odorless crystalline powder.  It is slightly soluble in water, very slightly soluble in methanol and insoluble in chloroform. </paragraph>
                  <paragraph>Each tablet, for oral administration, contains 10 or 20 mg of baclofen. In addition, each tablet contains the following inactive ingredients: anhydrous lactose, colloidal silicon dioxide, dibasic calcium phosphate dihydrate, magnesium stearate, microcrystalline cellulose and sodium starch glycolate.</paragraph>
               </text>
               <effectiveTime value="20120618"/>
               <component>
                  <observationMedia ID="id_9cba78c9-b73d-44d7-b389-a429559e2505">
                     <text>Chemical Structure</text>
                     <value xsi:type="ED" mediaType="image/jpeg">
                        <reference value="946133ff-67c8-4d3f-8dd4-6d1e72f87f1d-01.jpg"/>
                     </value>
                  </observationMedia>
               </component>
            </section>
         </component>
         <component>
            <section ID="i4i_clinical_pharmacology_id_8d272a71-735b-40d1-8f2e-ad25cda7d5a1">
               <id root="729dbc6f-a992-4b8f-8ace-6e507bc9331a"/>
               <code codeSystem="2.16.840.1.113883.6.1" code="34090-1" displayName="CLINICAL PHARMACOLOGY SECTION"/>
               <title>CLINICAL PHARMACOLOGY</title>
               <text>
                  <paragraph>The precise mechanism of action of baclofen is not fully known. Baclofen is capable of inhibiting both monosynaptic and polysynaptic reflexes at the spinal level, possibly by hyperpolarization of afferent terminals, although actions at supraspinal sites may also occur and contribute to its clinical effect. Although baclofen is an analog of the putative inhibitory neurotransmitter gamma-aminobutyric acid (GABA), there is no conclusive evidence that actions on GABA systems are involved in the production of its clinical effects. In studies with animals, baclofen has been shown to have general CNS depressant properties as indicated by the production of sedation with tolerance, somnolence, ataxia, and respiratory and cardiovascular depression. Baclofen is rapidly and extensively absorbed and eliminated. Absorption may be dose-dependent, being reduced with increasing doses. Baclofen is excreted primarily by the kidney in unchanged form and there is relatively large intersubject variation in absorption and/or elimination. </paragraph>
               </text>
               <effectiveTime value="20101020"/>
            </section>
         </component>
         <component>
            <section ID="i4i_indications_id_2a874f1a-0c2f-4cda-ad56-07474108de06">
               <id root="0a126529-1f8d-4df8-8b6f-ced03357e7a3"/>
               <code codeSystem="2.16.840.1.113883.6.1" code="34067-9" displayName="INDICATIONS &amp; USAGE SECTION"/>
               <title>INDICATIONS AND USAGE</title>
               <text>
                  <paragraph>Baclofen is useful for the alleviation of signs and symptoms of spasticity resulting from multiple sclerosis, particularly for the relief of flexor spasms and concomitant pain, clonus, and muscular rigidity.</paragraph>
                  <paragraph>Patients should have reversible spasticity so that baclofen treatment will aid in restoring residual function. Baclofen may also be of some value in patients with spinal cord injuries and other spinal cord diseases.</paragraph>
                  <paragraph>Baclofen is not indicated in the treatment of skeletal muscle spasm resulting from rheumatic disorders. The efficacy of baclofen in stroke, cerebral palsy, and Parkinson's disease has not been established and, therefore, it is not recommended for these conditions.</paragraph>
               </text>
               <effectiveTime value="20101020"/>
            </section>
         </component>
         <component>
            <section ID="i4i_contraindications_id_654fdacd-4f17-45ac-8611-97df39f27ece">
               <id root="e12cf462-6a2b-44b3-8e8d-90b26eb8b766"/>
               <code codeSystem="2.16.840.1.113883.6.1" code="34070-3" displayName="CONTRAINDICATIONS SECTION"/>
               <title>CONTRAINDICATIONS</title>
               <text>
                  <paragraph>Hypersensitivity to baclofen. </paragraph>
               </text>
               <effectiveTime value="20120618"/>
            </section>
         </component>
         <component>
            <section ID="i4i_warnings_id_7c74fa3e-ad76-4f74-8795-edb70bec849d">
               <id root="13e9d4bf-1937-411f-af2f-8759e50aad94"/>
               <code codeSystem="2.16.840.1.113883.6.1" code="34071-1" displayName="WARNINGS SECTION"/>
               <title>WARNINGS</title>
               <effectiveTime value="20120618"/>
               <component>
                  <section ID="i4i_section_id_fce774c2-8ffb-4a15-bfa1-affd1e5398f0">
                     <id root="f8008ccf-a06f-471d-8a5b-d740c6bca670"/>
                     <code codeSystem="2.16.840.1.113883.6.1" code="42229-5" displayName="SPL UNCLASSIFIED SECTION"/>
                     <title>Abrupt Drug WIthdrawal</title>
                     <text>
                        <paragraph>a.<content styleCode="underline">Abrupt Drug Withdrawal</content>
                           <content styleCode="italics">:</content> Hallucinations and seizures have occurred on abrupt withdrawal of baclofen. Therefore, except for serious adverse reactions, the dose should be reduced slowly when the drug is discontinued. </paragraph>
                     </text>
                     <effectiveTime value="20120618"/>
                  </section>
               </component>
               <component>
                  <section ID="i4i_section_id_bb996f7e-423f-4279-ae83-5e7780e81b89">
                     <id root="915d7128-e3de-429e-919d-1c1274c142f6"/>
                     <code codeSystem="2.16.840.1.113883.6.1" code="42229-5" displayName="SPL UNCLASSIFIED SECTION"/>
                     <title>Impaired Renal Function</title>
                     <text>
                        <paragraph>b. <content styleCode="underline">Impaired Renal Function</content>
                           <content styleCode="italics">:</content> Because baclofen is primarily excreted unchanged through the kidneys, it should be given with caution, and it may be necessary to reduce the dosage. </paragraph>
                     </text>
                     <effectiveTime value="20120618"/>
                  </section>
               </component>
               <component>
                  <section ID="i4i_section_id_93105ca4-4850-4b3d-97e8-d098158d3e65">
                     <id root="705ba992-0d61-4369-a44a-1e4854b9acc8"/>
                     <code codeSystem="2.16.840.1.113883.6.1" code="42229-5" displayName="SPL UNCLASSIFIED SECTION"/>
                     <title>Stroke</title>
                     <text>
                        <paragraph>
                           <content styleCode="underline">c. Stroke</content>
                           <content styleCode="italics">:</content> Baclofen has not significantly benefited patients with stroke. These patients have also shown poor tolerability to the drug. </paragraph>
                     </text>
                     <effectiveTime value="20120618"/>
                  </section>
               </component>
               <component>
                  <section ID="i4i_section_id_46de48c1-6c07-46c4-9010-d2f625ea7dbf">
                     <id root="3376a921-b545-4e80-914d-9aa1f687e44b"/>
                     <code codeSystem="2.16.840.1.113883.6.1" code="42229-5" displayName="SPL UNCLASSIFIED SECTION"/>
                     <title>Pregnancy</title>
                     <text>
                        <paragraph>
                           <content styleCode="underline">d. Pregnancy</content>
                           <content styleCode="italics">:</content> Baclofen has been shown to increase the incidence of omphaloceles (ventral hernias) in fetuses of rats given approximately 13 times the maximum dose recommended for human use, at a dose which caused significant reductions in food intake and weight gain in dams. This abnormality was not seen in mice or rabbits.</paragraph>
                        <paragraph>There was also an increased incidence of incomplete sternebral ossification in fetuses of rats given approximately 13 times the maximum recommended human dose, and an increased incidence of unossified phalangeal nuclei of forelimbs and hindlimbs in fetuses of rabbits given approximately 7 times the maximum recommended human dose. In mice, no teratogenic effects were observed, although reductions in mean fetal weight with consequent delays in skeletal ossification were present when dams were given 17 and 34 times the human daily dose. There are no studies in pregnant women. Baclofen should be used during pregnancy only if the benefit clearly justifies the potential risk to the fetus.</paragraph>
                     </text>
                     <effectiveTime value="20120618"/>
                  </section>
               </component>
            </section>
         </component>
         <component>
            <section ID="i4i_precautions_id_8f2cf250-1eee-4207-b23a-f47095f21e92">
               <id root="7d1b3948-3657-4e82-8c66-1a1247f7e39e"/>
               <code codeSystem="2.16.840.1.113883.6.1" code="42232-9" displayName="PRECAUTIONS SECTION"/>
               <title>PRECAUTIONS</title>
               <text>
                  <paragraph>Because of the possibility of sedation, patients should be cautioned regarding the operation of automobiles or other dangerous machinery, and activities made hazardous by decreased alertness. Patients should also be cautioned that the central nervous system effects of baclofen may be additive to those of alcohol and other CNS depressants. </paragraph>
                  <paragraph>Baclofen should be used with caution where spasticity is utilized to sustain upright posture and balance in locomotion or whenever spasticity is utilized to obtain increased function. </paragraph>
                  <paragraph>In patients with epilepsy, the clinical state and electroencephalogram should be monitored at regular intervals, since deterioration in seizure control and EEG have been reported occasionally in patients taking baclofen.</paragraph>
                  <paragraph>It is not known whether this drug is excreted in human milk. As a general rule, nursing should not be undertaken while a patient is on a drug since many drugs are excreted in human milk.</paragraph>
                  <paragraph>A dose-related increase in incidence of ovarian cysts and a less marked increase in enlarged and/or hemorrhagic adrenal glands was observed in female rats treated chronically with baclofen. </paragraph>
                  <paragraph>Ovarian cysts have been found by palpation in about 4% of the multiple sclerosis patients that were treated with baclofen for up to one year. In most cases these cysts disappeared spontaneously while patients continued to receive the drug. Ovarian cysts are estimated to occur spontaneously in approximately 1% to 5% of the normal female population. </paragraph>
               </text>
               <effectiveTime value="20120618"/>
               <component>
                  <section ID="i4i_pediatric_use_id_1b729745-e017-40a7-a2e5-cdbd78864c98">
                     <id root="70b5682b-1ad6-4771-b74b-bd804b24707b"/>
                     <code codeSystem="2.16.840.1.113883.6.1" code="34081-0" displayName="PEDIATRIC USE SECTION"/>
                     <title>Pediatric Use</title>
                     <text>
                        <paragraph>Safety and effectiveness in pediatric patients below the age of 12 years have not been established.</paragraph>
                     </text>
                     <effectiveTime value="20120618"/>
                  </section>
               </component>
            </section>
         </component>
         <component>
            <section ID="i4i_adverse_effects_id_f009963b-ab4d-40e8-b749-ae45ebb2fed3">
               <id root="6e6e434f-c5b3-42cf-89b9-3dabda514b7a"/>
               <code codeSystem="2.16.840.1.113883.6.1" code="34084-4" displayName="ADVERSE REACTIONS SECTION"/>
               <title>ADVERSE REACTION</title>
               <text>
                  <paragraph>The most common is transient drowsiness (10 to 63%). In one controlled study of 175 patients, transient drowsiness was observed in 63% of those receiving baclofen compared to 36% of those in the placebo group. Other common adverse reactions are dizziness (5 to 15%), weakness (5 to 15%) and fatigue (2 to 4%).</paragraph>
                  <paragraph>Others reported:</paragraph>
               </text>
               <effectiveTime value="20120618"/>
               <component>
                  <section ID="i4i_section_id_3ced08ba-b503-4403-8c7f-ca9eff7a11ac">
                     <id root="5312382c-bc8b-44a8-aebe-c7a5e6ad5c20"/>
                     <code codeSystem="2.16.840.1.113883.6.1" code="42229-5" displayName="SPL UNCLASSIFIED SECTION"/>
                     <title>Neuropsychiatric</title>
                     <text>
                        <paragraph>
                           <content styleCode="underline">Neuropsychiatric</content>
                           <content styleCode="italics">:</content> Confusion (1 to 11%), headache (4 to 8%), insomnia (2 to 7%); and, rarely, euphoria, excitement, depression, hallucinations, paresthesia, muscle pain, tinnitus, slurred speech, coordination disorder, tremor, rigidity, dystonia, ataxia, blurred vision, nystagmus, strabismus, miosis, mydriasis, diplopia, dysarthria, epileptic seizure. </paragraph>
                     </text>
                     <effectiveTime value="20120618"/>
                  </section>
               </component>
               <component>
                  <section ID="i4i_section_id_8fd174e7-5694-49db-94b2-10525c1a927c">
                     <id root="5d88b1b0-1370-421a-a4fc-b3ca578321fc"/>
                     <code codeSystem="2.16.840.1.113883.6.1" code="42229-5" displayName="SPL UNCLASSIFIED SECTION"/>
                     <title>Cardiovascular</title>
                     <text>
                        <paragraph>
                           <content styleCode="underline">Cardiovascular</content>
                           <content styleCode="italics">:</content> Hypotension (0 to 9%). Rare instances of dyspnea, palpitation, chest pain, syncope. </paragraph>
                     </text>
                     <effectiveTime value="20120618"/>
                  </section>
               </component>
               <component>
                  <section ID="i4i_section_id_0bcef379-a238-4ee2-9b6b-1372d1395611">
                     <id root="950474b4-513f-4179-a1b6-919bde1aa69e"/>
                     <code codeSystem="2.16.840.1.113883.6.1" code="42229-5" displayName="SPL UNCLASSIFIED SECTION"/>
                     <title>Gastrointestinal</title>
                     <text>
                        <paragraph>
                           <content styleCode="underline">Gastrointestinal</content>
                           <content styleCode="italics">:</content> Nausea (4 to 12%), constipation (2 to 6%); and, rarely, dry mouth, anorexia, taste disorder, abdominal pain, vomiting, diarrhea, and positive test for occult blood in stool. </paragraph>
                     </text>
                     <effectiveTime value="20120618"/>
                  </section>
               </component>
               <component>
                  <section ID="i4i_section_id_07d52cc3-55d7-4320-aa83-ebd4cb2658d0">
                     <id root="27751811-f696-4c0e-8e4f-1c13381324c7"/>
                     <code codeSystem="2.16.840.1.113883.6.1" code="42229-5" displayName="SPL UNCLASSIFIED SECTION"/>
                     <title>Genitourinary</title>
                     <text>
                        <paragraph>
                           <content styleCode="underline">Genitourinary</content>
                           <content styleCode="italics">:</content> Urinary frequency (2 to 6%); and, rarely, enuresis, urinary retention, dysuria, impotence, inability to ejaculate, nocturia, hematuria. </paragraph>
                     </text>
                     <effectiveTime value="20120618"/>
                  </section>
               </component>
               <component>
                  <section ID="i4i_section_id_6c83fd80-0672-411a-8fe8-249cd77a251b">
                     <id root="6fec8655-b67c-4d92-9841-84acf88eacfd"/>
                     <code codeSystem="2.16.840.1.113883.6.1" code="42229-5" displayName="SPL UNCLASSIFIED SECTION"/>
                     <title>Other</title>
                     <text>
                        <paragraph>
                           <content styleCode="underline">Other</content>
                           <content styleCode="italics">:</content> Instances of rash, pruritus, ankle edema, excessive perspiration, weight gain, nasal congestion. </paragraph>
                        <paragraph>Some of the CNS and genitourinary symptoms may be related to the underlying disease rather than to drug therapy. </paragraph>
                        <paragraph>The following laboratory tests have been found to be abnormal in a few patients receiving baclofen; increased SGOT, elevated alkaline phosphatase, and elevation of blood sugar. </paragraph>
                     </text>
                     <effectiveTime value="20120618"/>
                  </section>
               </component>
            </section>
         </component>
         <component>
            <section ID="i4i_overdosage_id_e3549dcb-8f5a-4853-9e7d-838bb7888207">
               <id root="6735a9b3-4e8d-40b8-aa10-f8249ee52aed"/>
               <code codeSystem="2.16.840.1.113883.6.1" code="34088-5" displayName="OVERDOSAGE SECTION"/>
               <title>OVERDOSAGE</title>
               <text>
                  <paragraph>
                     <content styleCode="underline">Signs and Symptoms</content>
                     <content styleCode="italics">:</content> Vomiting, muscular hypotonia, drowsiness, accommodation disorders, coma, respiratory depression, and seizures. </paragraph>
                  <paragraph>
                     <content styleCode="underline">Treatment</content>
                     <content styleCode="italics">:</content> In the alert patient, empty the stomach promptly by induced emesis followed by lavage. In the obtunded patient, secure the airway with a cuffed endotracheal tube before beginning lavage (do not induce emesis). Maintain adequate respiratory exchange, do not use respiratory stimulants. </paragraph>
               </text>
               <effectiveTime value="20120618"/>
            </section>
         </component>
         <component>
            <section ID="i4i_dosage_admin_id_31aaaa85-98f7-4e42-ba1c-a102f20a406f">
               <id root="cbed4964-b270-4985-9fa9-a5c23f274e5b"/>
               <code codeSystem="2.16.840.1.113883.6.1" code="34068-7" displayName="DOSAGE &amp; ADMINISTRATION SECTION"/>
               <title>DOSAGE AND ADMINISTRATION</title>
               <text>
                  <paragraph>The determination of optimal dosage requires individual titration. Start therapy at a low dosage and increase gradually until optimum effect is achieved (usually between 40 to 80 mg daily). </paragraph>
                  <paragraph>The following dosage titration schedule is suggested: </paragraph>
                  <list listType="unordered">
                     <item>  5 mg t.i.d. for 3 days </item>
                     <item>  10 mg t.i.d. for 3 days </item>
                     <item>  15 mg t.i.d. for 3 days </item>
                     <item>  20 mg t.i.d. for 3 days </item>
                  </list>
                  <paragraph>Thereafter additional increases may be necessary but the total daily dose should not exceed a maximum of 80 mg daily (20 mg q.i.d.). </paragraph>
                  <paragraph>The lowest dose compatible with an optimal response is recommended. If benefits are not evident after a reasonable trial period, patients should be slowly withdrawn from the drug (see <content styleCode="bold">
                        <linkHtml href="#i4i_section_id_fce774c2-8ffb-4a15-bfa1-affd1e5398f0">WARNINGS Abrupt Drug Withdrawal</linkHtml>
                     </content>). </paragraph>
               </text>
               <effectiveTime value="20101020"/>
            </section>
         </component>
         <component>
            <section ID="i4i_how_supplied_id_d5c6d9fa-9485-4b91-b494-3e98a26f21fd">
               <id root="e30566f2-e999-4d25-be51-999484f22512"/>
               <code codeSystem="2.16.840.1.113883.6.1" code="34069-5" displayName="HOW SUPPLIED SECTION"/>
               <title>HOW SUPPLIED</title>
               <text>
                  <paragraph>Baclofen Tablets USP, 10 mg are available as a white, round, flat-faced, beveled-edge tablet debossed with "4096" on one side and "TV" with a partial score on the other side, containing 10 mg Baclofen USP.</paragraph>
                  <paragraph>Baclofen Tablets USP, 20 mg are available as a white, round, flat-faced, beveled edge tablet debossed with "4097" on one side and "TV" with a partial score on the other side, containing 20 mg Baclofen USP.</paragraph>
                  <paragraph>PHARMACIST:  Dispense in a well-closed container as defined in the USP, with a child-resistant closure (as required).</paragraph>
                  <paragraph>Store at  20° to 25°C (68° to 77°F) [See USP Controlled Room Temperature].</paragraph>
                  <paragraph>KEEP THIS AND ALL MEDICATIONS OUT OF THE REACH OF CHILDREN.</paragraph>
                  <paragraph>Manufactured in Croatia By:</paragraph>
                  <paragraph>PLIVA HRVATSKA d.o.o.</paragraph>
                  <paragraph>Zagreb, Croatia</paragraph>
                  <paragraph>Manufactured For:</paragraph>
                  <paragraph>TEVA PHARMACEUTICALS USA</paragraph>
                  <paragraph>Sellersville, PA  18960</paragraph>
                  <paragraph>Rev.A 5/2010</paragraph>
                  <paragraph>Distributed by</paragraph>
                  <paragraph>Major Pharmaceuticals</paragraph>
                  <paragraph>Livonia, MI  48150</paragraph>
                  <paragraph>REFER TO PACKAGE LABEL FOR DISTRIBUTOR'S NDC NUMBER</paragraph>
                  <paragraph>PN:2543</paragraph>
               </text>
               <effectiveTime value="20120802"/>
            </section>
         </component>
         <component>
            <section ID="i4i_Principal_display_panel_id_262db0d5-d3af-45ca-acf0-b7d03bec2b2b">
               <id root="8a07c95e-6438-44d6-aa48-b11c27d0149a"/>
               <code codeSystem="2.16.840.1.113883.6.1" code="51945-4" displayName="PACKAGE LABEL.PRINCIPAL DISPLAY PANEL"/>
               <title>PRINCIPAL DISPLAY PANEL</title>
               <text>
                  <paragraph>Baclofen Tablets, USP</paragraph>
                  <paragraph>10 mg.</paragraph>
                  <paragraph>10 Tablets</paragraph>
                  <renderMultiMedia referencedObject="id_340360c3-c66b-4475-9cc6-854965eeb9eb"/>
               </text>
               <effectiveTime value="20100715"/>
               <component>
                  <observationMedia ID="id_340360c3-c66b-4475-9cc6-854965eeb9eb">
                     <text>Bag label</text>
                     <value xsi:type="ED" mediaType="image/jpeg">
                        <reference value="946133ff-67c8-4d3f-8dd4-6d1e72f87f1d-02.jpg"/>
                     </value>
                  </observationMedia>
               </component>
            </section>
         </component>
         <component>
            <section ID="i4i_Principal_display_panel_id_7d7b13fe-beaa-4bd6-bca2-a87cbd91ec69">
               <id root="50c3f374-c120-4dfd-b706-99d5c6acd19d"/>
               <code codeSystem="2.16.840.1.113883.6.1" code="51945-4" displayName="PACKAGE LABEL.PRINCIPAL DISPLAY PANEL"/>
               <title>
                  <content styleCode="bold">PRINCIPAL DISPLAY PANEL</content>
               </title>
               <text>
                  <paragraph>Baclofen Tablets, USP</paragraph>
                  <paragraph>20 mg.</paragraph>
                  <paragraph>10 Tablets</paragraph>
                  <renderMultiMedia referencedObject="id_2c797ee4-3d26-4d53-949f-4a9495741290"/>
               </text>
               <effectiveTime value="20130606"/>
               <component>
                  <observationMedia ID="id_2c797ee4-3d26-4d53-949f-4a9495741290">
                     <text>Bag Label</text>
                     <value xsi:type="ED" mediaType="image/jpeg">
                        <reference value="946133ff-67c8-4d3f-8dd4-6d1e72f87f1d-03.jpg"/>
                     </value>
                  </observationMedia>
               </component>
            </section>
         </component>
      </structuredBody>
   </component>
</document>