<?xml version="1.0" encoding="UTF-8"?><?xml-stylesheet href="http://www.accessdata.fda.gov/spl/stylesheet/spl.xsl" type="text/xsl"?>
<document xmlns="urn:hl7-org:v3" xmlns:xsi="http://www.w3.org/2001/XMLSchema-instance" xsi:schemaLocation="urn:hl7-org:v3 http://www.accessdata.fda.gov/spl/schema/spl.xsd">
   <id root="b852ea39-c9bc-4895-8362-f0679baeccc8"/>
   <code code="34391-3" codeSystem="2.16.840.1.113883.6.1" displayName="HUMAN PRESCRIPTION DRUG LABEL"/>
   <title/>
   <effectiveTime value="20130606"/>
   <setId root="b852ea39-c9bc-4895-8362-f0679baeccc8"/>
   <versionNumber value="1"/>
   <author>
      <time/>
      <assignedEntity>
         <representedOrganization>
            <id extension="188557102" root="1.3.6.1.4.1.519.1"/>
            <name>Cardinal Health</name>
            <assignedEntity>
               <assignedOrganization>
                  <assignedEntity>
                     <assignedOrganization>
                        <id extension="188557102" root="1.3.6.1.4.1.519.1"/>
                        <name>Cardinal Health</name>
                     </assignedOrganization>
                     <performance>
                        <actDefinition>
                           <code code="C73606" codeSystem="2.16.840.1.113883.3.26.1.1" displayName="REPACK"/>
                           <product>
                              <manufacturedProduct classCode="MANU">
                                 <manufacturedMaterialKind>
                                    <code code="55154-5389" codeSystem="2.16.840.1.113883.6.69"/>
                                 </manufacturedMaterialKind>
                              </manufacturedProduct>
                           </product>
                        </actDefinition>
                     </performance>
                  </assignedEntity>
               </assignedOrganization>
            </assignedEntity>
         </representedOrganization>
      </assignedEntity>
   </author>
   <component>
      <structuredBody>
         <component>
            <section>
               <id root="cc80e740-b4c8-4c6a-a030-849edbcc121c"/>
               <code code="48780-1" codeSystem="2.16.840.1.113883.6.1" displayName="SPL product data elements section"/>
               <effectiveTime value="20080815"/>
               <subject>
                  <manufacturedProduct>
                     <manufacturedProduct>
                        <code codeSystem="2.16.840.1.113883.6.69" code="55154-5389"/>
                        <name>Doxepin Hydrochloride</name>
                        <formCode code="C25158" codeSystem="2.16.840.1.113883.3.26.1.1" displayName="CAPSULE"/>
                        <asEntityWithGeneric>
                           <genericMedicine>
                              <name>doxepin hydrochloride</name>
                           </genericMedicine>
                        </asEntityWithGeneric>
                        <asEquivalentEntity classCode="EQUIV">
                           <code code="C64637" codeSystem="2.16.840.1.113883.3.26.1.1"/>
                           <definingMaterialKind>
                              <code code="51079-437" codeSystem="2.16.840.1.113883.6.69"/>
                           </definingMaterialKind>
                        </asEquivalentEntity>
                        <ingredient classCode="ACTIM">
                           <quantity>
                              <numerator value="25" unit="mg"/>
                              <denominator value="1" unit="1"/>
                           </quantity>
                           <ingredientSubstance>
                              <code code="3U9A0FE9N5" codeSystem="2.16.840.1.113883.4.9"/>
                              <name>DOXEPIN HYDROCHLORIDE</name>
                              <activeMoiety>
                                 <activeMoiety>
                                    <code code="5ASJ6HUZ7D" codeSystem="2.16.840.1.113883.4.9"/>
                                    <name>DOXEPIN</name>
                                 </activeMoiety>
                              </activeMoiety>
                           </ingredientSubstance>
                        </ingredient>
                        <ingredient classCode="IACT">
                           <ingredientSubstance>
                              <code code="ETJ7Z6XBU4" codeSystem="2.16.840.1.113883.4.9"/>
                              <name>SILICON DIOXIDE</name>
                           </ingredientSubstance>
                        </ingredient>
                        <ingredient classCode="IACT">
                           <ingredientSubstance>
                              <code code="70097M6I30" codeSystem="2.16.840.1.113883.4.9"/>
                              <name>MAGNESIUM STEARATE</name>
                           </ingredientSubstance>
                        </ingredient>
                        <ingredient classCode="IACT">
                           <ingredientSubstance>
                              <code code="OP1R32D61U" codeSystem="2.16.840.1.113883.4.9"/>
                              <name>CELLULOSE, MICROCRYSTALLINE</name>
                           </ingredientSubstance>
                        </ingredient>
                        <ingredient classCode="IACT">
                           <ingredientSubstance>
                              <code code="O8232NY3SJ" codeSystem="2.16.840.1.113883.4.9"/>
                              <name>STARCH, CORN</name>
                           </ingredientSubstance>
                        </ingredient>
                        <ingredient classCode="IACT">
                           <ingredientSubstance>
                              <code code="368GB5141J" codeSystem="2.16.840.1.113883.4.9"/>
                              <name>SODIUM LAURYL SULFATE</name>
                           </ingredientSubstance>
                        </ingredient>
                        <ingredient classCode="IACT">
                           <ingredientSubstance>
                              <code code="2G86QN327L" codeSystem="2.16.840.1.113883.4.9"/>
                              <name>GELATIN</name>
                           </ingredientSubstance>
                        </ingredient>
                        <ingredient classCode="IACT">
                           <ingredientSubstance>
                              <code code="15FIX9V2JP" codeSystem="2.16.840.1.113883.4.9"/>
                              <name>TITANIUM DIOXIDE</name>
                           </ingredientSubstance>
                        </ingredient>
                        <ingredient classCode="IACT">
                           <ingredientSubstance>
                              <code code="H77VEI93A8" codeSystem="2.16.840.1.113883.4.9"/>
                              <name>FD&amp;C YELLOW NO. 6</name>
                           </ingredientSubstance>
                        </ingredient>
                        <ingredient classCode="IACT">
                           <ingredientSubstance>
                              <code code="XM0M87F357" codeSystem="2.16.840.1.113883.4.9"/>
                              <name>FERROSOFERRIC OXIDE</name>
                           </ingredientSubstance>
                        </ingredient>
                        <ingredient classCode="IACT">
                           <ingredientSubstance>
                              <code code="35SW5USQ3G" codeSystem="2.16.840.1.113883.4.9"/>
                              <name>D&amp;C YELLOW NO. 10</name>
                           </ingredientSubstance>
                        </ingredient>
                        <ingredient classCode="IACT">
                           <ingredientSubstance>
                              <code code="H3R47K3TBD" codeSystem="2.16.840.1.113883.4.9"/>
                              <name>FD&amp;C BLUE NO. 1</name>
                           </ingredientSubstance>
                        </ingredient>
                        <ingredient classCode="IACT">
                           <ingredientSubstance>
                              <code code="L06K8R7DQK" codeSystem="2.16.840.1.113883.4.9"/>
                              <name>FD&amp;C BLUE NO. 2</name>
                           </ingredientSubstance>
                        </ingredient>
                        <ingredient classCode="IACT">
                           <ingredientSubstance>
                              <code code="WZB9127XOA" codeSystem="2.16.840.1.113883.4.9"/>
                              <name>FD&amp;C RED NO. 40</name>
                           </ingredientSubstance>
                        </ingredient>
                        <ingredient classCode="IACT">
                           <ingredientSubstance>
                              <code code="6DC9Q167V3" codeSystem="2.16.840.1.113883.4.9"/>
                              <name>PROPYLENE GLYCOL</name>
                           </ingredientSubstance>
                        </ingredient>
                        <ingredient classCode="IACT">
                           <ingredientSubstance>
                              <code code="46N107B71O" codeSystem="2.16.840.1.113883.4.9"/>
                              <name>SHELLAC</name>
                           </ingredientSubstance>
                        </ingredient>
                        <asContent>
                           <quantity>
                              <numerator value="1" unit="1"/>
                              <denominator value="1"/>
                           </quantity>
                           <containerPackagedProduct>
                              <code/>
                              <formCode code="C43168" codeSystem="2.16.840.1.113883.3.26.1.1" displayName="BLISTER PACK"/>
                              <asContent>
                                 <quantity>
                                    <numerator value="10" unit="1"/>
                                    <denominator value="1"/>
                                 </quantity>
                                 <containerPackagedProduct>
                                    <code code="55154-5389-0" codeSystem="2.16.840.1.113883.6.69"/>
                                    <formCode code="C43167" codeSystem="2.16.840.1.113883.3.26.1.1" displayName="BAG"/>
                                 </containerPackagedProduct>
                              </asContent>
                           </containerPackagedProduct>
                        </asContent>
                     </manufacturedProduct>
                     <subjectOf>
                        <approval>
                           <id extension="ANDA070791" root="2.16.840.1.113883.3.150"/>
                           <code code="C73584" codeSystem="2.16.840.1.113883.3.26.1.1" displayName="ANDA"/>
                           <author>
                              <territorialAuthority>
                                 <territory>
                                    <code code="USA" codeSystem="2.16.840.1.113883.5.28"/>
                                 </territory>
                              </territorialAuthority>
                           </author>
                        </approval>
                     </subjectOf>
                     <subjectOf>
                        <marketingAct>
                           <code code="C53292" codeSystem="2.16.840.1.113883.3.26.1.1"/>
                           <statusCode code="active"/>
                           <effectiveTime>
                              <low value="20110818"/>
                           </effectiveTime>
                        </marketingAct>
                     </subjectOf>
                     <subjectOf>
                        <characteristic classCode="OBS">
                           <code code="SPLCOLOR" codeSystem="2.16.840.1.113883.1.11.19255"/>
                           <value xsi:type="CE" code="C48325" codeSystem="2.16.840.1.113883.3.26.1.1" displayName="WHITE">
                              <originalText>Ivory opaque</originalText>
                           </value>
                        </characteristic>
                     </subjectOf>
                     <subjectOf>
                        <characteristic classCode="OBS">
                           <code code="SPLSIZE" codeSystem="2.16.840.1.113883.1.11.19255"/>
                           <value unit="mm" value="16" xsi:type="PQ"/>
                        </characteristic>
                     </subjectOf>
                     <subjectOf>
                        <characteristic classCode="OBS">
                           <code code="SPLSHAPE" codeSystem="2.16.840.1.113883.1.11.19255"/>
                           <value xsi:type="CE" code="C48336" codeSystem="2.16.840.1.113883.3.26.1.1" displayName="CAPSULE"/>
                        </characteristic>
                     </subjectOf>
                     <subjectOf>
                        <characteristic classCode="OBS">
                           <code code="SPLSCORE" codeSystem="2.16.840.1.113883.1.11.19255"/>
                           <value value="1" xsi:type="INT"/>
                        </characteristic>
                     </subjectOf>
                     <subjectOf>
                        <characteristic classCode="OBS">
                           <code code="SPLIMPRINT" codeSystem="2.16.840.1.113883.1.11.19255"/>
                           <value xsi:type="ST">MYLAN;3125</value>
                        </characteristic>
                     </subjectOf>
                     <consumedIn>
                        <substanceAdministration>
                           <routeCode code="C38288" codeSystem="2.16.840.1.113883.3.26.1.1" displayName="ORAL"/>
                        </substanceAdministration>
                     </consumedIn>
                  </manufacturedProduct>
               </subject>
            </section>
         </component>
         <component>
            <section ID="id_10b7c0a0-a3b5-4df6-bb1b-dee064df3daa">
               <id root="e4230e21-efe3-42f6-a3c7-db84a0a97859"/>
               <code code="34066-1" codeSystem="2.16.840.1.113883.6.1" displayName="Boxed Warning section"/>
               <title>Suicidality and Antidepressant Drugs</title>
               <text>
                  <paragraph>
                     <content styleCode="bold">Antidepressants increased the risk compared to placebo of suicidal thinking and behavior (suicidality) in children, adolescents and young adults in short-term studies of major depressive disorder (MDD) and other psychiatric disorders. Anyone considering the use of doxepin or any other antidepressant in a child, adolescent, or young adult must balance this risk with the clinical need. Short-term studies did not show an increase in the risk of suicidality with antidepressants compared to placebo in adults beyond age 24; there was a reduction in risk with antidepressants compared to placebo in adults aged 65 and older. Depression and certain other psychiatric disorders are themselves associated with increases in the risk of suicide. Patients of all ages who are started on antidepressant therapy should be monitored appropriately and observed closely for clinical worsening, suicidality, or unusual changes in behavior. Families and caregivers should be advised of the need for close observation and communication with the prescriber. Doxepin is not approved for use in pediatric patients. (See <linkHtml href="#i4i_section_id_6e133567-6c64-418a-91cd-0b8857d03aec">WARNINGS: Clinical Worsening and Suicide Risk</linkHtml>, <linkHtml href="#i4i_info_patients_id_24da8510-7c8c-42b4-b412-0c4f1ea5b03b">PRECAUTIONS: Information for Patients</linkHtml> and <linkHtml href="#i4i_section_id_02ce9fcf-6ede-4221-8578-61b355d14629">PRECAUTIONS: Pediatric Use</linkHtml>.)</content>
                  </paragraph>
               </text>
               <effectiveTime value="20130606"/>
            </section>
         </component>
         <component>
            <section ID="i4i_description_id_114d4de1-83d5-415b-8f03-1e6aa01aecc3">
               <id root="3b017390-702c-4d27-abac-205901a01942"/>
               <code codeSystem="2.16.840.1.113883.6.1" code="34089-3" displayName="DESCRIPTION SECTION"/>
               <title>DESCRIPTION</title>
               <text>
                  <paragraph>Doxepin hydrochloride is one of a class of psychotherapeutic agents known as dibenzoxepin tricyclic compounds. The molecular formula of the compound is C<sub>19</sub>H<sub>21</sub>NO • HCl having a molecular weight of 316. It is a white crystalline solid readily soluble in water, lower alcohols and chloroform. It may be represented by the following structural formula:</paragraph>
                  <renderMultiMedia referencedObject="id_dd16dfd4-5c50-4796-aeeb-29a213d0b705"/>
                  <paragraph>Chemically, doxepin hydrochloride is a dibenzoxepin derivative and is the first of a family of tricyclic psychotherapeutic agents. Specifically, it is an isomeric mixture of 1-Propanamine, 3-dibenz[<content styleCode="italics">b,e</content>]oxepin-11 (6<content styleCode="italics">H</content> )ylidene-<content styleCode="italics">N,N</content>-dimethyl-hydrochloride.</paragraph>
                  <paragraph>Each 10 mg, 25 mg, 50 mg, 75 mg and 100 mg doxepin capsule for oral administration contains doxepin hydrochloride, USP equivalent to 10 mg, 25 mg, 50 mg, 75 mg and 100 mg of doxepin, respectively and the following inactive ingredients: colloidal silicon dioxide, magnesium stearate, microcrystalline cellulose, pregelatinized starch and sodium lauryl sulfate. The empty gelatin capsule shells contain D&amp;C Yellow No. 10, gelatin, sodium lauryl sulfate and titanium dioxide. In addition, the 10 mg, 25 mg and 50 mg empty gelatin capsule shells contain FD&amp;C Yellow No. 6 and the 75 mg and 100 mg empty gelatin capsule shells contain FD&amp;C Green No. 3. </paragraph>
                  <paragraph>The imprinting ink contains black iron oxide, D&amp;C Yellow No. 10 Aluminum Lake, FD&amp;C Blue No. 1 Aluminum Lake, FD&amp;C Blue No. 2 Aluminum Lake, FD&amp;C Red No. 40 Aluminum Lake, propylene glycol and shellac glaze.</paragraph>
               </text>
               <effectiveTime value="20070802"/>
               <component>
                  <observationMedia ID="id_dd16dfd4-5c50-4796-aeeb-29a213d0b705">
                     <text>Stuctural Formula</text>
                     <value xsi:type="ED" mediaType="image/jpeg">
                        <reference value="b852ea39-c9bc-4895-8362-f0679baeccc8-01.jpg"/>
                     </value>
                  </observationMedia>
               </component>
            </section>
         </component>
         <component>
            <section ID="i4i_clinical_pharmacology_id_61546125-aefc-49a3-bc18-43d67762e12b">
               <id root="0efd9bf7-4c00-450f-bc97-3d4d55e57aa7"/>
               <code codeSystem="2.16.840.1.113883.6.1" code="34090-1" displayName="CLINICAL PHARMACOLOGY SECTION"/>
               <title>CLINICAL PHARMACOLOGY</title>
               <text>
                  <paragraph>The mechanism of action of doxepin is not definitely known. It is not a central nervous system stimulant nor a monoamine oxidase inhibitor. The current hypothesis is that the clinical effects are due, at least in part, to influences on the adrenergic activity at the synapses so that deactivation of norepinephrine by reuptake into the nerve terminals is prevented. Animal studies suggest that doxepin does not appreciably antagonize the antihypertensive action of guanethidine. In animal studies anticholinergic, antiserotonin and antihistamine effects on smooth muscle have been demonstrated. At higher than usual clinical doses norepinephrine response was potentiated in animals. This effect was not demonstrated in humans.</paragraph>
                  <paragraph>At clinical dosages up to 150 mg per day, doxepin can be given to man concomitantly with guanethidine and related compounds without blocking the antihypertensive effect. At dosages above 150 mg per day blocking of the antihypertensive effect of these compounds has been reported.</paragraph>
                  <paragraph>Doxepin is virtually devoid of euphoria as a side effect. Characteristic of this type of compound, doxepin has not been demonstrated to produce the physical tolerance or psychological dependence associated with addictive compounds.</paragraph>
               </text>
               <effectiveTime value="20070802"/>
            </section>
         </component>
         <component>
            <section ID="i4i_indications_id_57ca4d5b-68b6-4927-bac0-8a78626fecd5">
               <id root="549322b5-e0d9-40a8-90f6-8db2e5897377"/>
               <code codeSystem="2.16.840.1.113883.6.1" code="34067-9" displayName="INDICATIONS &amp; USAGE SECTION"/>
               <title>INDICATIONS AND USAGE</title>
               <text>
                  <paragraph>Doxepin is recommended for the treatment of:</paragraph>
                  <list listType="ordered">
                     <item>Psychoneurotic patients with depression and/or anxiety.</item>
                     <item>Depression and/or anxiety associated with alcoholism (not to be taken concomitantly with alcohol).</item>
                     <item>Depression and/or anxiety associated with organic disease (the possibility of drug interaction should be considered if the patient is receiving other drugs concomitantly).</item>
                     <item>Psychotic depressive disorders with associated anxiety including involutional depression and manic-depressive disorders.</item>
                  </list>
                  <paragraph>The target symptoms of psychoneurosis that respond particularly well to doxepin include anxiety, tension, depression, somatic symptoms and concerns, sleep disturbances, guilt, lack of energy, fear, apprehension and worry.</paragraph>
                  <paragraph>Clinical experience has shown that doxepin is safe and well tolerated even in the elderly patient. Owing to lack of clinical experience in the pediatric population, doxepin is not recommended for use in children under 12 years of age.</paragraph>
               </text>
               <effectiveTime value="20070802"/>
            </section>
         </component>
         <component>
            <section ID="i4i_contraindications_id_242ec6b6-b3d4-4329-9cac-8d8972febbf8">
               <id root="6152ba19-8ac5-459d-bb92-5365069bb4d3"/>
               <code codeSystem="2.16.840.1.113883.6.1" code="34070-3" displayName="CONTRAINDICATIONS SECTION"/>
               <title>CONTRAINDICATIONS</title>
               <text>
                  <paragraph>Doxepin is contraindicated in individuals who have shown hypersensitivity to the drug. Possibility of cross sensitivity with other dibenzoxepines should be kept in mind.</paragraph>
                  <paragraph>Doxepin is contraindicated in patients with glaucoma or a tendency to urinary retention. These disorders should be ruled out, particularly in older patients.</paragraph>
               </text>
               <effectiveTime value="20070802"/>
            </section>
         </component>
         <component>
            <section ID="i4i_warnings_id_93950a80-56cf-493b-bd65-a3f0481415ec">
               <id root="49490c47-2f26-4574-b4fb-2312dc2c5054"/>
               <code codeSystem="2.16.840.1.113883.6.1" code="34071-1" displayName="WARNINGS SECTION"/>
               <title>WARNINGS</title>
               <effectiveTime value="20070802"/>
               <component>
                  <section ID="i4i_section_id_6e133567-6c64-418a-91cd-0b8857d03aec">
                     <id root="26d7486a-52ab-4319-b697-5fe43de32ffd"/>
                     <code codeSystem="2.16.840.1.113883.6.1" code="42229-5" displayName="SPL UNCLASSIFIED SECTION"/>
                     <title>Clinical Worsening and Suicide Risk</title>
                     <text>
                        <paragraph>Patients with major depressive disorder (MDD), both adult and pediatric, may experience worsening of their depression and/or the emergence of suicidal ideation and behavior (suicidality) or unusual changes in behavior, whether or not they are taking antidepressant medications, and this risk may persist until significant remission occurs. Suicide is a known risk of depression and certain other psychiatric disorders, and these disorders themselves are the strongest predictors of suicide. There has been a long-standing concern, however, that antidepressants may have a role in inducing worsening of depression and the emergence of suicidality in certain patients during the early phases of treatment. Pooled analyses of short-term placebo-controlled trials of antidepressant drugs (SSRIs and others) showed that these drugs increase the risk of suicidal thinking and behavior (suicidality) in children, adolescents, and young adults (ages 18 to 24) with major depressive disorder (MDD) and other psychiatric disorders. Short-term studies did not show an increase in the risk of suicidality with antidepressants compared to placebo in adults beyond age 24; there was a reduction with antidepressants compared to placebo in adults aged 65 and older.</paragraph>
                        <paragraph>The pooled analyses of placebo-controlled trials in children and adolescents with MDD, obsessive compulsive disorder (OCD), or other psychiatric disorders included a total of 24 short-term trials of nine antidepressant drugs in over 4,400 patients. The pooled analyses of placebo-controlled trials in adults with MDD or other psychiatric disorders included a total of 295 short-term trials (median duration of 2 months) of 11 antidepressant drugs in over 77,000 patients. There was considerable variation in risk of suicidality among drugs, but a tendency toward an increase in the younger patients for almost all drugs studied. There were differences in absolute risk of suicidality across the different indications, with the highest incidence in MDD. The risk differences (drug vs. placebo), however, were relatively stable within age strata and across indications. These risk differences (drug-placebo difference in the number of cases of suicidality per 1,000 patients treated) are provided in Table 1.</paragraph>
                        <table width="430.000" ID="id_6eb5aeba-583f-4847-ac23-75821d309c20">
                           <caption ID="id_6453a736-4d18-4679-9d20-cea20bc54122">Table 1</caption>
                           <col width="50.0%" align="center"/>
                           <col width="50.0%" align="center"/>
                           <thead>
                              <tr ID="id_68ea6568-1f5d-46dd-9a87-deffd2890eed">
                                 <td align="center" valign="top" styleCode="Botrule Toprule Rrule">Age Range</td>
                                 <td align="center" valign="top" styleCode="Botrule">Drug-Placebo Difference in Number of Cases of Suicidality Per 1,000 Patients Treated</td>
                              </tr>
                           </thead>
                           <tbody>
                              <tr ID="id_c2aa1898-78b0-4b93-95a9-154997866104">
                                 <td align="center" valign="top" colspan="2" styleCode="Botrule">Increases Compared to Placebo</td>
                              </tr>
                              <tr ID="id_0cefdfc4-063b-4234-9154-c2da064f99a0">
                                 <td align="center" valign="top" styleCode="Botrule Rrule">&lt; 18</td>
                                 <td align="center" valign="top" styleCode="Botrule">14 additional cases</td>
                              </tr>
                              <tr ID="id_0260c0b3-afed-4427-8f89-b8173adcdb04">
                                 <td align="center" valign="top" styleCode="Botrule Rrule">18 to 24</td>
                                 <td align="center" valign="top" styleCode="Botrule">5 additional cases</td>
                              </tr>
                              <tr ID="id_e1381af3-1286-4a82-9acd-7f63b6c8a45f">
                                 <td align="center" valign="top" colspan="2" styleCode="Botrule">Decreases Compared to Placebo</td>
                              </tr>
                              <tr ID="id_7069f9e4-cc62-4a24-b5e8-4cd78ba0b6e5">
                                 <td align="center" valign="top" styleCode="Botrule Rrule">25 to 64</td>
                                 <td align="center" valign="top" styleCode="Botrule">1 fewer case</td>
                              </tr>
                              <tr ID="id_2190926c-6cb3-4636-8257-a4039bc1fd59">
                                 <td align="center" valign="top" styleCode="Botrule Rrule">≥ 65</td>
                                 <td align="center" valign="top" styleCode="Botrule">6 fewer cases</td>
                              </tr>
                           </tbody>
                        </table>
                        <paragraph>No suicides occurred in any of the pediatric trials. There were suicides in the adult trials, but the number was not sufficient to reach any conclusion about drug effect on suicide.</paragraph>
                        <paragraph>It is unknown whether the suicidality risk extends to longer-term use, i.e., beyond several months. However, there is substantial evidence from placebo-controlled maintenance trials in adults with depression that the use of antidepressants can delay the recurrence of depression.</paragraph>
                        <paragraph>
                           <content styleCode="bold">All patients being treated with antidepressants for any indication should be monitored appropriately and observed closely for clinical worsening, suicidality and unusual changes in behavior, especially during the initial few months of a course of drug therapy, or at times of dose changes, either increases or decreases.</content>
                        </paragraph>
                        <paragraph>The following symptoms, anxiety, agitation, panic attacks, insomnia, irritability, hostility, aggressiveness, impulsivity, akathisia (psychomotor restlessness), hypomania and mania, have been reported in adult and pediatric patients being treated with antidepressants for major depressive disorder as well as for other indications, both psychiatric and nonpsychiatric. Although a causal link between the emergence of such symptoms and either the worsening of depression and/or the emergence of suicidal impulses has not been established, there is concern that such symptoms may represent precursors to emerging suicidality.</paragraph>
                        <paragraph>Consideration should be given to changing the therapeutic regimen, including possibly discontinuing the medication, in patients whose depression is persistently worse, or who are experiencing emergent suicidality or symptoms that might be precursors to worsening depression or suicidality, especially if these symptoms are severe, abrupt in onset, or were not part of the patient's presenting symptoms.</paragraph>
                        <paragraph>
                           <content styleCode="bold">Families and caregivers of patients being treated with antidepressants for major depressive disorder or other indications, both psychiatric and nonpsychiatric, should be alerted about the need to monitor patients for the emergence of agitation, irritability, unusual changes in behavior, and the other symptoms described above, as well as the emergence of suicidality, and to report such symptoms immediately to healthcare providers. Such monitoring should include daily observation by families and caregivers.</content> Prescriptions for doxepin should be written for the smallest number of capsules consistent with good patient management, in order to reduce the risk of overdose.</paragraph>
                     </text>
                     <effectiveTime value="20070802"/>
                  </section>
               </component>
               <component>
                  <section ID="i4i_section_id_bb52136c-10e7-43bf-97ae-d19f55668041">
                     <id root="12767fff-fd52-4687-80de-1e7d5528dce8"/>
                     <code codeSystem="2.16.840.1.113883.6.1" code="42229-5" displayName="SPL UNCLASSIFIED SECTION"/>
                     <title>Screening Patients for Bipolar Disorder</title>
                     <text>
                        <paragraph>A major depressive episode may be the initial presentation of bipolar disorder. It is generally believed (though not established in controlled trials) that treating such an episode with an antidepressant alone may increase the likelihood of precipitation of a mixed/manic episode in patients at risk for bipolar disorder. Whether any of the symptoms described above represent such a conversion is unknown. However, prior to initiating treatment with an antidepressant, patients with depressive symptoms should be adequately screened to determine if they are at risk for bipolar disorder; such screening should include a detailed psychiatric history, including a family history of suicide, bipolar disorder, and depression. It should be noted that doxepin is not approved for use in treating bipolar depression.</paragraph>
                     </text>
                     <effectiveTime value="20070802"/>
                  </section>
               </component>
               <component>
                  <section ID="i4i_section_id_09d24afd-092d-4af4-b381-611ba2acc477">
                     <id root="b1483056-2938-4859-b23f-17971e38ee04"/>
                     <code codeSystem="2.16.840.1.113883.6.1" code="42229-5" displayName="SPL UNCLASSIFIED SECTION"/>
                     <title>Geriatric Use</title>
                     <text>
                        <paragraph>The use of doxepin on a once a day dosage regimen in geriatric patients should be adjusted carefully based on the patient's condition (see <linkHtml href="#i4i_geriatric_use_id_250cd235-7e28-4c2a-9df9-a0701579068a">PRECAUTIONS: Geriatric Use</linkHtml>).</paragraph>
                     </text>
                     <effectiveTime value="20070802"/>
                  </section>
               </component>
               <component>
                  <section ID="i4i_section_id_4fcdceed-3925-4ed9-9d7e-10c15d393ff1">
                     <id root="7ff9f299-7e05-4e90-8607-4673bf7c3845"/>
                     <code codeSystem="2.16.840.1.113883.6.1" code="42229-5" displayName="SPL UNCLASSIFIED SECTION"/>
                     <title>Pregnancy</title>
                     <text>
                        <paragraph>Reproduction studies have been performed in rats, rabbits, monkeys and dogs and there was no evidence of harm to the animal fetus. The relevance to humans is not known. Since there is no experience in pregnant women who have received this drug, safety in pregnancy has not been established. There has been a report of apnea and drowsiness occurring in a nursing infant whose mother was taking doxepin.</paragraph>
                     </text>
                     <effectiveTime value="20070802"/>
                  </section>
               </component>
               <component>
                  <section ID="i4i_section_id_788cc252-153b-4558-b28c-5d33459dbffe">
                     <id root="e91103bb-384d-4594-9148-ee44da801799"/>
                     <code codeSystem="2.16.840.1.113883.6.1" code="42229-5" displayName="SPL UNCLASSIFIED SECTION"/>
                     <title>Pediatric Use</title>
                     <text>
                        <paragraph>The use of doxepin in children under 12 years of age is not recommended because safe conditions for its use have not been established.</paragraph>
                     </text>
                     <effectiveTime value="20070802"/>
                  </section>
               </component>
            </section>
         </component>
         <component>
            <section ID="i4i_precautions_id_6d1608ed-5523-4bf1-a69e-f554accee223">
               <id root="f2849530-6670-4b2f-a742-b6acb4280da1"/>
               <code codeSystem="2.16.840.1.113883.6.1" code="42232-9" displayName="PRECAUTIONS SECTION"/>
               <title>PRECAUTIONS</title>
               <effectiveTime value="20070802"/>
               <component>
                  <section ID="i4i_info_patients_id_24da8510-7c8c-42b4-b412-0c4f1ea5b03b">
                     <id root="66cee724-e326-455d-a4e8-e4df524a64cc"/>
                     <code codeSystem="2.16.840.1.113883.6.1" code="34076-0" displayName="INFORMATION FOR PATIENTS SECTION"/>
                     <title>Information for Patients</title>
                     <text>
                        <paragraph>Prescribers or other health professionals should inform patients, their families and their caregivers about the benefits and risks associated with treatment with doxepin and should counsel them in its appropriate use. A patient Medication Guide about "Antidepressant Medicines, Depression and Other Serious Mental Illnesses and Suicidal Thoughts or Actions" is available for doxepin. The prescriber or health professional should instruct patients, their families and their caregivers to read the Medication Guide and should assist them in understanding its contents. Patients should be given the opportunity to discuss the contents of the Medication Guide and to obtain answers to any questions they may have. The complete text of the Medication Guide is reprinted at the end of this document.</paragraph>
                        <paragraph>Patients should be advised of the following issues and asked to alert their prescriber if these occur while taking doxepin.</paragraph>
                     </text>
                     <effectiveTime value="20070802"/>
                     <component>
                        <section ID="i4i_section_id_b0c5bec3-75ad-4fa2-aa1f-e7e95aa036b4">
                           <id root="82a28f23-9935-4676-ae8a-830032476b49"/>
                           <code codeSystem="2.16.840.1.113883.6.1" code="42229-5" displayName="SPL UNCLASSIFIED SECTION"/>
                           <title>Clinical Worsening and Suicide Risk</title>
                           <text>
                              <paragraph>Patients, their families and their caregivers should be encouraged to be alert to the emergence of anxiety, agitation, panic attacks, insomnia, irritability, hostility, aggressiveness, impulsivity, akathisia (psychomotor restlessness), hypomania, mania, other unusual changes in behavior, worsening of depression and suicidal ideation, especially early during antidepressant treatment and when the dose is adjusted up or down. Families and caregivers of patients should be advised to look for the emergence of such symptoms on a day to day basis, since changes may be abrupt. Such symptoms should be reported to the patient's prescriber or health professional, especially if they are severe, abrupt in onset, or were not part of the patient's presenting symptoms. Symptoms such as these may be associated with an increased risk for suicidal thinking and behavior and indicate a need for very close monitoring and possibly changes in the medication.</paragraph>
                           </text>
                           <effectiveTime value="20070802"/>
                        </section>
                     </component>
                  </section>
               </component>
               <component>
                  <section ID="i4i_interactions_id_46e5fd1a-7324-4c46-8169-8dd9c4ac5fce">
                     <id root="ec511121-8f45-4622-a474-eb15d6aa252e"/>
                     <code codeSystem="2.16.840.1.113883.6.1" code="34073-7" displayName="DRUG INTERACTIONS SECTION"/>
                     <title>Drug Interactions</title>
                     <effectiveTime value="20070802"/>
                     <component>
                        <section ID="i4i_section_id_5a5ecdfc-7e07-4b28-8719-111a24792808">
                           <id root="b0b3f166-a271-406b-a5c9-a513e9b39322"/>
                           <code codeSystem="2.16.840.1.113883.6.1" code="42229-5" displayName="SPL UNCLASSIFIED SECTION"/>
                           <title>Drugs Metabolized by P450 2D6</title>
                           <text>
                              <paragraph>The biochemical activity of the drug metabolizing isozyme cytochrome P450 2D6 (debrisoquin hydroxylase) is reduced in a subset of the Caucasian population (about 7% to 10% of Caucasians are so called "poor metabolizers"); reliable estimates of the prevalence of reduced P450 2D6 isozyme activity among Asian, African and other populations are not yet available. Poor metabolizers have higher than expected plasma concentrations of tricyclic antidepressants (TCAs) when given usual doses. Depending on the fraction of drug metabolized by P450 2D6, the increase in plasma concentration may be small, or quite large (8-fold increase in plasma AUC of the TCA).</paragraph>
                              <paragraph>In addition, certain drugs inhibit the activity of this isozyme and make normal metabolizers resemble poor metabolizers. An individual who is stable on a given dose of TCA may become abruptly toxic when given one of these inhibiting drugs as concomitant therapy. The drugs that inhibit cytochrome P450 2D6 include some that are not metabolized by the enzyme (quinidine; cimetidine) and many that are substrates for P450 2D6 (many other antidepressants, phenothiazines, and the Type 1C antiarrhythmics propafenone and flecainide). While all the selective serotonin reuptake inhibitors (SSRIs), e.g., citalopram, escitalopram, fluoxetine, sertraline, and paroxetine, inhibit P450 2D6, they may vary in the extent of inhibition. The extent to which SSRI-TCA interactions may pose clinical problems will depend on the degree of inhibition and the pharmacokinetics of the SSRI involved. Nevertheless, caution is indicated in the coadministration of TCAs with any of the SSRIs and also in switching from one class to the other. Of particular importance, sufficient time must elapse before initiating TCA treatment in a patient being withdrawn from fluoxetine, given the long half-life of the parent and active metabolite (at least 5 weeks may be necessary).</paragraph>
                              <paragraph>Concomitant use of tricyclic antidepressants with drugs that can inhibit cytochrome P450 2D6 may require lower doses than usually prescribed for either the tricyclic antidepressant or the other drug. Furthermore, whenever one of these other drugs is withdrawn from cotherapy, an increased dose of tricyclic antidepressant may be required. It is desirable to monitor TCA plasma levels whenever a TCA is going to be coadministered with another drug known to be an inhibitor of P450 2D6.</paragraph>
                              <paragraph>Doxepin is primarily metabolized by CYP2D6 (with CYP1A2 &amp; CYP3A4 as minor pathways). Inhibitors or substrates of CYP2D6 (i.e., quinidine, selective serotonin reuptake inhibitors [SSRIs]) may increase the plasma concentration of doxepin when administered concomitantly. The extent of interaction depends on the variability of effect on CYP2D6. The clinical significance of this interaction with doxepin has not been systematically evaluated.</paragraph>
                           </text>
                           <effectiveTime value="20070802"/>
                        </section>
                     </component>
                     <component>
                        <section ID="i4i_section_id_efc8afa6-de48-423f-8232-340d3075d815">
                           <id root="670d5ace-e7ce-44bb-866c-fc050f5dea02"/>
                           <code codeSystem="2.16.840.1.113883.6.1" code="42229-5" displayName="SPL UNCLASSIFIED SECTION"/>
                           <title>MAO Inhibitors</title>
                           <text>
                              <paragraph>Serious side effects and even death have been reported following the concomitant use of certain drugs with MAO inhibitors. Therefore, MAO inhibitors should be discontinued at least 2 weeks prior to the cautious initiation of therapy with doxepin. The exact length of time may vary and is dependent upon the particular MAO inhibitor being used, the length of time it has been administered, and the dosage involved.</paragraph>
                           </text>
                           <effectiveTime value="20070802"/>
                        </section>
                     </component>
                     <component>
                        <section ID="i4i_section_id_24a49ec3-9869-4443-9c32-305f8ea061c1">
                           <id root="7ce3a47e-6fa4-4969-a857-568f5ea368b2"/>
                           <code codeSystem="2.16.840.1.113883.6.1" code="42229-5" displayName="SPL UNCLASSIFIED SECTION"/>
                           <title>Cimetidine</title>
                           <text>
                              <paragraph>Cimetidine has been reported to produce clinically significant fluctuations in steady-state serum concentrations of various tricyclic antidepressants. Serious anticholinergic symptoms (i.e., severe dry mouth, urinary retention and blurred vision) have been associated with elevations in the serum levels of tricyclic antidepressant when cimetidine therapy is initiated. Additionally, higher than expected tricyclic antidepressant levels have been observed when they are begun in patients already taking cimetidine. In patients who have been reported to be well controlled on tricyclic antidepressants receiving concurrent cimetidine therapy, discontinuation of cimetidine has been reported to decrease established steady-state serum tricyclic antidepressant levels and compromise their therapeutic effects.</paragraph>
                           </text>
                           <effectiveTime value="20070802"/>
                        </section>
                     </component>
                     <component>
                        <section ID="i4i_section_id_0f415ee0-94f3-41ce-a82c-d6f42388fbb3">
                           <id root="de11a43e-c5ab-44fb-bdda-3fe32d04269d"/>
                           <code codeSystem="2.16.840.1.113883.6.1" code="42229-5" displayName="SPL UNCLASSIFIED SECTION"/>
                           <title>Alcohol</title>
                           <text>
                              <paragraph>It should be borne in mind that alcohol ingestion may increase the danger inherent in any intentional or unintentional doxepin overdosage. This is especially important in patients who may use alcohol excessively.</paragraph>
                           </text>
                           <effectiveTime value="20070802"/>
                        </section>
                     </component>
                     <component>
                        <section ID="i4i_section_id_57de47aa-6d69-4cf9-8201-15c6696723ef">
                           <id root="15834fbd-f6b2-414f-8d3b-f76335b1e40c"/>
                           <code codeSystem="2.16.840.1.113883.6.1" code="42229-5" displayName="SPL UNCLASSIFIED SECTION"/>
                           <title>Tolazamide</title>
                           <text>
                              <paragraph>A case of severe hypoglycemia has been reported in a type II diabetic patient maintained on tolazamide (1 gm/day) 11 days after the addition of doxepin (75 mg/day).</paragraph>
                           </text>
                           <effectiveTime value="20070802"/>
                        </section>
                     </component>
                  </section>
               </component>
               <component>
                  <section ID="i4i_section_id_38ff3d55-452a-43f3-9689-5c34b7faef66">
                     <id root="a046a804-5e81-41d6-ac90-47bfb81fa25d"/>
                     <code codeSystem="2.16.840.1.113883.6.1" code="42229-5" displayName="SPL UNCLASSIFIED SECTION"/>
                     <title>Drowsiness</title>
                     <text>
                        <paragraph>Since drowsiness may occur with the use of this drug, patients should be warned of the possibility and cautioned against driving a car or operating dangerous machinery while taking the drug. Patients should also be cautioned that their response to alcohol may be potentiated.</paragraph>
                        <paragraph>Sedating drugs may cause confusion and over sedation in the elderly; elderly patients generally should be started on low doses of doxepin and observed closely (see <linkHtml href="#i4i_geriatric_use_id_250cd235-7e28-4c2a-9df9-a0701579068a">PRECAUTIONS: Geriatric Use</linkHtml>).</paragraph>
                     </text>
                     <effectiveTime value="20070802"/>
                  </section>
               </component>
               <component>
                  <section ID="i4i_section_id_209ac45a-4d38-482e-b08c-fbb6d036a161">
                     <id root="b17dd709-6d27-4f0a-ba4d-eba975ef199c"/>
                     <code codeSystem="2.16.840.1.113883.6.1" code="42229-5" displayName="SPL UNCLASSIFIED SECTION"/>
                     <title>Suicide</title>
                     <text>
                        <paragraph>Since suicide is an inherent risk in any depressed patient and may remain so until significant improvement has occurred, patients should be closely supervised during the early course of therapy. Prescriptions should be written for the smallest feasible amount.</paragraph>
                     </text>
                     <effectiveTime value="20070802"/>
                  </section>
               </component>
               <component>
                  <section ID="i4i_section_id_f1fae360-effe-486b-9586-05ca95d26605">
                     <id root="88fb8b32-826f-4e04-88d2-e83a3433786b"/>
                     <code codeSystem="2.16.840.1.113883.6.1" code="42229-5" displayName="SPL UNCLASSIFIED SECTION"/>
                     <title>Psychosis</title>
                     <text>
                        <paragraph>Should increased symptoms of psychosis or shift to manic symptomatology occur, it may be necessary to reduce dosage or add a major tranquilizer to the dosage regimen.</paragraph>
                     </text>
                     <effectiveTime value="20070802"/>
                  </section>
               </component>
               <component>
                  <section ID="i4i_section_id_02ce9fcf-6ede-4221-8578-61b355d14629">
                     <id root="791c4ff8-2518-481d-a0c2-26190117f5e4"/>
                     <code codeSystem="2.16.840.1.113883.6.1" code="42229-5" displayName="SPL UNCLASSIFIED SECTION"/>
                     <title>Pediatric Use</title>
                     <text>
                        <paragraph>Safety and effectiveness in the pediatric population have not been established (see <linkHtml href="#id_10b7c0a0-a3b5-4df6-bb1b-dee064df3daa">BOX WARNING</linkHtml> and <linkHtml href="#i4i_section_id_6e133567-6c64-418a-91cd-0b8857d03aec">WARNINGS: Clinical Worsening and Suicide Risk</linkHtml>).</paragraph>
                        <paragraph>Anyone considering the use of doxepin in a child or adolescent must balance the potential risks with the clinical need.</paragraph>
                     </text>
                     <effectiveTime value="20070802"/>
                  </section>
               </component>
               <component>
                  <section ID="i4i_geriatric_use_id_250cd235-7e28-4c2a-9df9-a0701579068a">
                     <id root="79c017e5-eec4-4c14-bef8-554a2345c463"/>
                     <code codeSystem="2.16.840.1.113883.6.1" code="34082-8" displayName="GERIATRIC USE SECTION"/>
                     <title>Geriatric Use</title>
                     <text>
                        <paragraph>A determination has not been made whether controlled clinical studies of doxepin included sufficient numbers of subjects aged 65 and over to define a difference in response from younger subjects. Other reported clinical experience has not identified differences in responses between the elderly and younger patients. In general, dose selection for an elderly patient should be cautious, usually starting at the low end of the dosing range, reflecting the greater frequency of decreased hepatic, renal or cardiac function, and of concomitant disease or other drug therapy.</paragraph>
                        <paragraph>The extent of renal excretion of doxepin has not been determined. Because elderly patients are more likely to have decreased renal function, care should be taken in dose selections.</paragraph>
                        <paragraph>Sedating drugs may cause confusion and over sedation in the elderly; elderly patients generally should be started on low doses of doxepin and observed closely. (See <linkHtml href="#i4i_warnings_id_93950a80-56cf-493b-bd65-a3f0481415ec">WARNINGS</linkHtml>.)</paragraph>
                     </text>
                     <effectiveTime value="20070802"/>
                  </section>
               </component>
            </section>
         </component>
         <component>
            <section ID="i4i_adverse_effects_id_b101f312-6aa8-478b-a5fa-e33b867cb987">
               <id root="aa26dd5c-19d3-4983-be08-f8d9b3c6d97c"/>
               <code codeSystem="2.16.840.1.113883.6.1" code="34084-4" displayName="ADVERSE REACTIONS SECTION"/>
               <title>ADVERSE REACTIONS</title>
               <text>
                  <paragraph>
                     <content styleCode="bold">NOTE:</content> Some of the adverse reactions noted below have not been specifically reported with doxepin use. However, due to the close pharmacological similarities among the tricyclics, the reactions should be considered when prescribing doxepin.</paragraph>
                  <paragraph>
                     <content styleCode="bold">Anticholinergic Effects:</content> Dry mouth, blurred vision, constipation and urinary retention have been reported. If they do not subside with continued therapy or become severe, it may be necessary to reduce the dosage.</paragraph>
                  <paragraph>
                     <content styleCode="bold">Central Nervous System Effects:</content> Drowsiness is the most commonly noticed side effect. This tends to disappear as therapy is continued. Other infrequently reported CNS side effects are confusion, disorientation, hallucinations, numbness, paresthesias, ataxia, extrapyramidal symptoms, seizures, tardive dyskinesia and tremor.</paragraph>
                  <paragraph>
                     <content styleCode="bold">Cardiovascular:</content> Cardiovascular effects including hypotension, hypertension and tachycardia have been reported occasionally.</paragraph>
                  <paragraph>
                     <content styleCode="bold">Allergic:</content> Skin rash, edema, photosensitization and pruritus have occasionally occurred.</paragraph>
                  <paragraph>
                     <content styleCode="bold">Hematologic:</content> Eosinophilia has been reported in a few patients. There have been occasional reports of bone marrow depression manifesting as agranulocytosis, leukopenia, thrombocytopenia and purpura.</paragraph>
                  <paragraph>
                     <content styleCode="bold">Gastrointestinal:</content> Nausea, vomiting, indigestion, taste disturbances, diarrhea, anorexia and aphthous stomatitis have been reported. (See Anticholinergic Effects.)</paragraph>
                  <paragraph>
                     <content styleCode="bold">Endocrine:</content> Raised or lowered libido, testicular swelling, gynecomastia in males, enlargement of breasts and galactorrhea in the female, raising or lowering of blood sugar levels and syndrome of inappropriate antidiuretic hormone secretion have been reported with tricyclic administration.</paragraph>
                  <paragraph>
                     <content styleCode="bold">Other:</content> Dizziness, tinnitus, weight gain, sweating, chills, fatigue, weakness, flushing, jaundice, alopecia, headache, exacerbation of asthma and hyperpyrexia (in association with chlorpromazine) have been occasionally observed as adverse effects.</paragraph>
               </text>
               <effectiveTime value="20070802"/>
               <component>
                  <section ID="i4i_section_id_537dffb9-c9fa-42c6-9401-1de6f8bbcee7">
                     <id root="c820f136-bb93-4fcf-83fb-7bf64062f2fb"/>
                     <code codeSystem="2.16.840.1.113883.6.1" code="42229-5" displayName="SPL UNCLASSIFIED SECTION"/>
                     <title>Withdrawal Symptoms</title>
                     <text>
                        <paragraph>The possibility of development of withdrawal symptoms upon abrupt cessation of treatment after prolonged doxepin administration should be borne in mind. These are not indicative of addiction and gradual withdrawal of medication should not cause these symptoms.</paragraph>
                     </text>
                     <effectiveTime value="20070802"/>
                  </section>
               </component>
            </section>
         </component>
         <component>
            <section ID="i4i_overdosage_id_41003256-faa7-4622-8c60-bf7b7e7df853">
               <id root="4d224c78-5982-4ad2-a288-7d269bc8926b"/>
               <code codeSystem="2.16.840.1.113883.6.1" code="34088-5" displayName="OVERDOSAGE SECTION"/>
               <title>OVERDOSAGE</title>
               <text>
                  <paragraph>Deaths may occur from overdosage with this class of drugs. Multiple drug ingestion (including alcohol) is common in deliberate tricyclic antidepressant overdose. As the management is complex and changing, it is recommended that the physician contact a poison control center for current information on treatment. Signs and symptoms of toxicity develop rapidly after tricyclic antidepressant overdose; therefore, hospital monitoring is required as soon as possible.</paragraph>
               </text>
               <effectiveTime value="20070802"/>
               <component>
                  <section ID="i4i_section_id_830f414a-de0d-4d45-a3f7-033111af64ec">
                     <id root="576b48a7-45e6-40c7-95c4-bb6fe619e70b"/>
                     <code codeSystem="2.16.840.1.113883.6.1" code="42229-5" displayName="SPL UNCLASSIFIED SECTION"/>
                     <title>Manifestations</title>
                     <text>
                        <paragraph>Critical manifestations of overdose include: cardiac dysrhythmias, severe hypotension, convulsions and CNS depression, including coma. Changes in the electrocardiogram, particularly in QRS axis or width, are clinically significant indicators of tricyclic antidepressant toxicity.</paragraph>
                        <paragraph>Other signs of overdose may include: confusion, disturbed concentration, transient visual hallucinations, dilated pupils, agitation, hyperactive reflexes, stupor, drowsiness, muscle rigidity, vomiting, hypothermia, hyperpyrexia, or any of the symptoms listed under <linkHtml href="#i4i_adverse_effects_id_b101f312-6aa8-478b-a5fa-e33b867cb987">ADVERSE REACTIONS</linkHtml>.</paragraph>
                        <paragraph>Deaths have been reported involving overdoses of doxepin.</paragraph>
                     </text>
                     <effectiveTime value="20070802"/>
                  </section>
               </component>
               <component>
                  <section ID="i4i_section_id_97bb8ba0-90af-48af-bed7-4e3f0180fb7c">
                     <id root="d79433bc-cace-430b-b84b-996dc1d75846"/>
                     <code codeSystem="2.16.840.1.113883.6.1" code="42229-5" displayName="SPL UNCLASSIFIED SECTION"/>
                     <title>General Recommendations</title>
                     <effectiveTime value="20070802"/>
                     <component>
                        <section ID="i4i_section_id_1de8ce15-7581-49d5-9700-71ee6bf34539">
                           <id root="e98b585e-495f-4af3-bb85-5eeae674b5a4"/>
                           <code codeSystem="2.16.840.1.113883.6.1" code="42229-5" displayName="SPL UNCLASSIFIED SECTION"/>
                           <title>General</title>
                           <text>
                              <paragraph>Obtain an ECG and immediately initiate cardiac monitoring. Protect the patient's airway, establish an intravenous line and initiate gastric decontamination. A minimum of 6 hours of observation with cardiac monitoring and observation for signs of CNS or respiratory depression, hypotension, cardiac dysrhythmias and/or conduction blocks, and seizures is strongly advised. If signs of toxicity occur at any time during this period, extended monitoring is recommended. There are case reports of patients succumbing to fatal dysrhythmias late after overdose; these patients had clinical evidence of significant poisoning prior to death and most received inadequate gastrointestinal decontamination. Monitoring of plasma drug levels should not guide management of the patient.</paragraph>
                           </text>
                           <effectiveTime value="20070802"/>
                        </section>
                     </component>
                     <component>
                        <section ID="i4i_section_id_17e0e9e8-8b84-4002-b979-1ff025e89aa6">
                           <id root="ae1a95f7-3b96-429b-af8c-cfe0899c2951"/>
                           <code codeSystem="2.16.840.1.113883.6.1" code="42229-5" displayName="SPL UNCLASSIFIED SECTION"/>
                           <title>Gastrointestinal Decontamination</title>
                           <text>
                              <paragraph>All patients suspected of tricyclic antidepressant overdose should receive gastrointestinal decontamination. This should include large volume gastric lavage followed by activated charcoal. If consciousness is impaired, the airway should be secured prior to lavage. Emesis is contraindicated.</paragraph>
                           </text>
                           <effectiveTime value="20070802"/>
                        </section>
                     </component>
                     <component>
                        <section ID="i4i_section_id_fb601f2d-fc88-4a29-bed1-3b3f2d6f8b0a">
                           <id root="84c3f3a7-d799-4778-a8ff-c5b3469ba16a"/>
                           <code codeSystem="2.16.840.1.113883.6.1" code="42229-5" displayName="SPL UNCLASSIFIED SECTION"/>
                           <title>Cardiovascular</title>
                           <text>
                              <paragraph>A maximal limb lead QRS duration of ≥ 0.10 seconds may be the best indication of the severity of the overdose. Intravenous sodium bicarbonate should be used to maintain the serum pH in the range of 7.45 to 7.55. If the pH response is inadequate, hyperventilation may also be used. Concomitant use of hyperventilation and sodium bicarbonate should be done with extreme caution, with frequent pH monitoring. A pH &gt; 7.60 or a pCO<sub>2</sub>&lt; 20 mm Hg is undesirable. Dysrhythmias unresponsive to sodium bicarbonate therapy/hyperventilation may respond to lidocaine, bretylium or phenytoin. Type 1A and 1C antiarrhythmics are generally contraindicated (e.g., quinidine, disopyramide and procainamide).</paragraph>
                              <paragraph>In rare instances, hemoperfusion may be beneficial in acute refractory cardiovascular instability in patients with acute toxicity. However, hemodialysis, peritoneal dialysis, exchange transfusions and forced diuresis generally have been reported as ineffective in tricyclic antidepressant poisoning.</paragraph>
                           </text>
                           <effectiveTime value="20070802"/>
                        </section>
                     </component>
                     <component>
                        <section ID="i4i_section_id_63038964-0307-41fb-a54b-1fccbaa0a2b1">
                           <id root="2b694513-947e-4cbe-b40c-a30b7c88ca0e"/>
                           <code codeSystem="2.16.840.1.113883.6.1" code="42229-5" displayName="SPL UNCLASSIFIED SECTION"/>
                           <title>CNS</title>
                           <text>
                              <paragraph>In patients with CNS depression, early intubation is advised because of the potential for abrupt deterioration. Seizures should be controlled with benzodiazepines, or if these are ineffective, other anticonvulsants (e.g., phenobarbital, phenytoin). Physostigmine is not recommended except to treat life threatening symptoms that have been unresponsive to other therapies, and then only in consultation with a poison control center.</paragraph>
                           </text>
                           <effectiveTime value="20070802"/>
                        </section>
                     </component>
                     <component>
                        <section ID="i4i_section_id_51e9571c-6b82-4d4a-b025-72b8e24c931f">
                           <id root="78759913-0005-41c3-98dc-4f9395c30b14"/>
                           <code codeSystem="2.16.840.1.113883.6.1" code="42229-5" displayName="SPL UNCLASSIFIED SECTION"/>
                           <title>Psychiatric Follow-up</title>
                           <text>
                              <paragraph>Since overdosage is often deliberate, patients may attempt suicide by other means during the recovery phase. Psychiatric referral may be appropriate.</paragraph>
                           </text>
                           <effectiveTime value="20070802"/>
                        </section>
                     </component>
                     <component>
                        <section ID="i4i_section_id_39ebeb74-61d4-4585-99c3-85788c1f04dc">
                           <id root="122ca4ad-45aa-4b40-b9f2-d6807614881d"/>
                           <code codeSystem="2.16.840.1.113883.6.1" code="42229-5" displayName="SPL UNCLASSIFIED SECTION"/>
                           <title>Pediatric Management</title>
                           <text>
                              <paragraph>The principles of management of child and adult overdosages are similar. It is strongly recommended that the physician contact the local poison control center for specific pediatric treatment.</paragraph>
                           </text>
                           <effectiveTime value="20070802"/>
                        </section>
                     </component>
                  </section>
               </component>
            </section>
         </component>
         <component>
            <section ID="i4i_dosage_admin_id_9d0a0ee5-4d9c-45a2-afe9-eaa81c38e0e7">
               <id root="4dae3989-e0b5-4d75-9ee4-4a4fa15eac55"/>
               <code codeSystem="2.16.840.1.113883.6.1" code="34068-7" displayName="DOSAGE &amp; ADMINISTRATION SECTION"/>
               <title>DOSAGE AND ADMINISTRATION</title>
               <text>
                  <paragraph>For most patients with illness of mild to moderate severity, a starting daily dose of 75 mg is recommended. Dosage may subsequently be increased or decreased at appropriate intervals and according to individual response. The usual optimum dose range is 75 mg/day to 150 mg/day.</paragraph>
                  <paragraph>In more severely ill patients higher doses may be required with subsequent gradual increase to 300 mg/day if necessary. Additional therapeutic effect is rarely to be obtained by exceeding a dose of 300 mg/day.</paragraph>
                  <paragraph>In patients with very mild symptomatology or emotional symptoms accompanying organic disease, lower doses may suffice. Some of these patients have been controlled on doses as low as 25 to 50 mg/day.</paragraph>
                  <paragraph>The total daily dosage of doxepin (as the hydrochloride) may be given on a divided or once a day dosage schedule. If the once a day schedule is employed the maximum recommended dose is 150 mg/day. This dose may be given at bedtime. The 150 mg capsule strength is intended for maintenance therapy only and is not recommended for initiation of treatment.</paragraph>
                  <paragraph>Antianxiety effect is apparent before the antidepressant effect. Optimal antidepressant effect may not be evident for 2 to 3 weeks.</paragraph>
               </text>
               <effectiveTime value="20070802"/>
            </section>
         </component>
         <component>
            <section ID="i4i_how_supplied_id_cdd6e4cb-983c-48c2-87e1-9673819f0f49">
               <id root="a7e806ee-2010-4b2e-acf0-394bce1be5f1"/>
               <code codeSystem="2.16.840.1.113883.6.1" code="34069-5" displayName="HOW SUPPLIED SECTION"/>
               <title>HOW SUPPLIED:</title>
               <text>
                  <paragraph>Doxepin Hydrochloride Capsules, USP are available containing doxepin hydrochloride, USP equivalent to 10 mg, 25 mg, 50 mg or 100 mg of doxepin.</paragraph>
                  <paragraph>The 10 mg capsule is a hard-shell, gelatin capsule with a buff opaque cap and buff opaque body axially printed with <content styleCode="bold">MYLAN</content> over <content styleCode="bold">1049</content> in black ink on both the cap and the body. They are available as follows:</paragraph>
                  <paragraph>NDC 51079-436-20 - Unit dose blister packages of 100 (10 cards of 10 capsules each).</paragraph>
                  <paragraph>The 25 mg capsule is a hard-shell, gelatin capsule with an ivory opaque cap and white opaque body axially printed with <content styleCode="bold">MYLAN</content> over <content styleCode="bold">3125</content> in black ink on both the cap and the body. They are available as follows:</paragraph>
                  <paragraph>NDC 51079-437-20 - Unit dose blister packages of 100 (10 cards of 10 capsules each).</paragraph>
                  <paragraph>The 50 mg capsule is a hard-shell, gelatin capsule with an ivory opaque cap and ivory opaque body axially printed with <content styleCode="bold">MYLAN</content> over <content styleCode="bold">4250</content> in black ink on both the cap and the body. They are available as follows:</paragraph>
                  <paragraph>NDC 51079-438-20 - Unit dose blister packages of 100 (10 cards of 10 capsules each).</paragraph>
                  <paragraph>The 100 mg capsule is a hard-shell, gelatin capsule with a brite lite green opaque cap and white opaque body axially printed with <content styleCode="bold">MYLAN</content> over <content styleCode="bold">6410</content> in black ink on both the cap and the body. They are available as follows:</paragraph>
                  <paragraph>NDC 51079-651-20 - Unit dose blister packages of 100 (10 cards of 10 capsules each).</paragraph>
                  <paragraph>Store at 20° to 25°C (68° to 77°F). [See USP for Controlled Room Temperature.]<br/>Protect from light.</paragraph>
                  <paragraph>Manufactured by:<br/>Mylan Pharmaceuticals Inc.<br/>Morgantown, WV 26505</paragraph>
                  <paragraph>Packaged and Distributed by:<br/>UDL Laboratories, Inc.<br/>Rockford, IL 61103</paragraph>
                  <paragraph>S-3839 R17<br/>2/09</paragraph>
               </text>
               <effectiveTime value="20070802"/>
            </section>
         </component>
         <component>
            <section ID="i4i_medguide_id_955c2f34-4fc5-43be-8ff0-680bfb89d882">
               <id root="188a3bf9-013d-4c91-9fef-e5628c8d3d41"/>
               <code codeSystem="2.16.840.1.113883.6.1" code="42231-1" displayName="SPL MEDGUIDE SECTION"/>
               <title>Medication Guide</title>
               <text>
                  <paragraph>
                     <content styleCode="bold">Antidepressant Medicines, Depression and Other Serious Mental Illnesses, and Suicidal Thoughts or Actions</content>
                  </paragraph>
                  <paragraph>Read the Medication Guide that comes with you or your family member's antidepressant medicine. This Medication Guide is only about the risk of suicidal thoughts and actions with antidepressant medicines. <content styleCode="bold">Talk to your, or your family member's, healthcare provider about:</content>
                  </paragraph>
                  <list listType="unordered">
                     <item>all risks and benefits of treatment with antidepressant medicines</item>
                     <item>all treatment choices for depression or other serious mental illness</item>
                  </list>
                  <paragraph>
                     <content styleCode="bold">What is the most important information I should know about antidepressant medicines, depression and other serious mental illnesses, and suicidal thoughts or actions?</content>
                  </paragraph>
                  <list listType="unordered">
                     <item>1.<content styleCode="bold">Antidepressant medicines may increase suicidal thoughts or actions in some children, teenagers, and young adults within the first few months of treatment.</content>
                     </item>
                     <item>2.<content styleCode="bold">Depression and other serious mental illnesses are the most important causes of suicidal thoughts and actions. Some people may have a particularly high risk of having suicidal thoughts or actions.</content> These include people who have (or have a family history of) bipolar illness also called manic-depressive illness) or suicidal thoughts or actions.</item>
                     <item>3.<content styleCode="bold">How can I watch for and try to prevent suicidal thoughts and actions in myself or a family member?</content>
                        <list listType="unordered">
                           <item>Pay close attention to any changes, especially sudden changes, in mood, behaviors, thoughts, or feelings. This is very important when an antidepressant medicine is started or when the dose is changed.</item>
                           <item>Call the healthcare provider right away to report new or sudden changes in mood, behavior, thoughts, or feelings.</item>
                           <item>Keep all follow-up visits with the healthcare provider as scheduled. Call the healthcare provider between visits as needed, especially if you have concerns about symptoms.</item>
                        </list>
                     </item>
                  </list>
                  <paragraph>
                     <content styleCode="bold">Call a healthcare provider right away if you or your family member has any of the following symptoms, especially if they are new, worse, or worry you:</content>
                  </paragraph>
                  <table width="430.000" ID="id_05ff6b44-34ba-427b-9e48-5c0839adbce7">
                     <col width="50.0%" align="left"/>
                     <col width="50.0%" align="left"/>
                     <tbody>
                        <tr ID="id_f2992709-8625-4c49-b120-c88b99c510fe">
                           <td align="left" valign="top" styleCode="Botrule Rrule">
                              <list listType="unordered">
                                 <item>thoughts about suicide or dying</item>
                                 <item>attempts to commit suicide</item>
                                 <item>new or worse depression</item>
                                 <item>new or worse anxiety</item>
                                 <item>feeling very agitated or restless</item>
                                 <item>panic attacks</item>
                                 <item>trouble sleeping (insomnia)</item>
                              </list>
                           </td>
                           <td align="left" valign="top" styleCode="Botrule">
                              <list listType="unordered">
                                 <item>new or worse irritability</item>
                                 <item>acting aggressive, being angry, or violent</item>
                                 <item>acting on dangerous impulses</item>
                                 <item>an extreme increase in activity and talking (mania)</item>
                                 <item>other unusual changes in behavior or mood</item>
                              </list>
                           </td>
                        </tr>
                     </tbody>
                  </table>
                  <paragraph>
                     <content styleCode="bold">What else do I need to know about antidepressant medicines?</content>
                  </paragraph>
                  <list listType="unordered">
                     <item>
                        <content styleCode="bold">Never stop an antidepressant medicine without first talking to a healthcare provider.</content> Stopping an antidepressant medicine suddenly can cause other symptoms.</item>
                     <item>
                        <content styleCode="bold">Antidepressants are medicines used to treat depression and other illnesses.</content> It is important to discuss all the risks of treating depression and also the risks of not treating it. Patients and their families or other caregivers should discuss all treatment choices with the healthcare provider, not just the use of antidepressants.</item>
                     <item>
                        <content styleCode="bold">Antidepressant medicines have other side effects.</content> Talk to the healthcare provider about the side effects of the medicine prescribed for you or your family member.</item>
                     <item>
                        <content styleCode="bold">Antidepressant medicines can interact with other medicines.</content> Know all of the medicines that you or your family member takes. Keep a list of all medicines to show the healthcare provider. Do not start new medicines without first checking with your healthcare provider.</item>
                     <item>
                        <content styleCode="bold">Not all antidepressant medicines prescribed for children are FDA approved for use in children.</content> Talk to your child's healthcare provider for more information.</item>
                  </list>
                  <paragraph>
                     <content styleCode="bold">Call your doctor for medical advice about side effects. You may report side effects to FDA at 1-800-FDA 1088.</content>
                  </paragraph>
                  <paragraph>This Medication Guide has been approved by the U.S. Food and Drug Administration for all antidepressants.</paragraph>
                  <paragraph>Manufactured by:<br/>Mylan Pharmaceuticals Inc.<br/>Morgantown, WV 26505</paragraph>
                  <paragraph>Packaged and Distributed by:<br/>UDL Laboratories, Inc.<br/>Rockford, IL 61103</paragraph>
                  <paragraph>S-3839 R17<br/>2/09</paragraph>
               </text>
               <effectiveTime value="20070802"/>
            </section>
         </component>
         <component>
            <section ID="i4i_Principal_display_panel_id_9cdd2152-c741-4644-a129-df39a370ddb6">
               <id root="a48b3e2c-a0cf-4c69-9643-68dc082df1ef"/>
               <code codeSystem="2.16.840.1.113883.6.1" code="51945-4" displayName="PACKAGE LABEL.PRINCIPAL DISPLAY PANEL"/>
               <title>Principal Display Panel</title>
               <text>
                  <paragraph>Doxepin Hydrochloride</paragraph>
                  <paragraph>Capsules, USP 25 mg</paragraph>
                  <paragraph>10 Capsules</paragraph>
                  <renderMultiMedia referencedObject="id_ca00a517-16d3-49dd-b19b-19ef3c81a972"/>
               </text>
               <effectiveTime value="20120125"/>
               <component>
                  <observationMedia ID="id_ca00a517-16d3-49dd-b19b-19ef3c81a972">
                     <text>bag label</text>
                     <value xsi:type="ED" mediaType="image/jpeg">
                        <reference value="b852ea39-c9bc-4895-8362-f0679baeccc8-02.jpg"/>
                     </value>
                  </observationMedia>
               </component>
            </section>
         </component>
      </structuredBody>
   </component>
</document>