<?xml version="1.0" encoding="UTF-8"?><?xml-stylesheet href="http://www.accessdata.fda.gov/spl/stylesheet/spl.xsl" type="text/xsl"?>
<document xmlns="urn:hl7-org:v3" xmlns:xsi="http://www.w3.org/2001/XMLSchema-instance" xsi:schemaLocation="urn:hl7-org:v3 http://www.accessdata.fda.gov/spl/schema/spl.xsd">
   <id root="d3a3acdf-f8f8-4670-9b4e-731e5c87c044"/>
   <code code="34391-3" codeSystem="2.16.840.1.113883.6.1" displayName="HUMAN PRESCRIPTION DRUG LABEL"/>
   <title>Cyclobenzaprine Hydrochloride Tablets, USP</title>
   <effectiveTime value="20130606"/>
   <setId root="6b470377-a5b9-494f-abaf-c0454b5108b9"/>
   <versionNumber value="3"/>
   <author>
      <time/>
      <assignedEntity>
         <representedOrganization>
            <id extension="188557102" root="1.3.6.1.4.1.519.1"/>
            <name>Cardinal Health</name>
            <assignedEntity>
               <assignedOrganization>
                  <assignedEntity>
                     <assignedOrganization>
                        <id extension="188557102" root="1.3.6.1.4.1.519.1"/>
                        <name>Cardinal Health</name>
                     </assignedOrganization>
                     <performance>
                        <actDefinition>
                           <code code="C73606" codeSystem="2.16.840.1.113883.3.26.1.1" displayName="REPACK"/>
                           <product>
                              <manufacturedProduct classCode="MANU">
                                 <manufacturedMaterialKind>
                                    <code code="55154-5571" codeSystem="2.16.840.1.113883.6.69"/>
                                 </manufacturedMaterialKind>
                              </manufacturedProduct>
                           </product>
                        </actDefinition>
                     </performance>
                  </assignedEntity>
               </assignedOrganization>
            </assignedEntity>
         </representedOrganization>
      </assignedEntity>
   </author>
   <component>
      <structuredBody>
         <component>
            <section>
               <id root="856387c0-5924-4dda-bfae-b43715660704"/>
               <code code="48780-1" codeSystem="2.16.840.1.113883.6.1" displayName="SPL listing data elements section"/>
               <effectiveTime value="20081119"/>
               <subject>
                  <manufacturedProduct>
                     <manufacturedProduct>
                        <code codeSystem="2.16.840.1.113883.6.69" code="55154-5571"/>
                        <name>Cyclobenzaprine Hydrochloride</name>
                        <formCode code="C42931" codeSystem="2.16.840.1.113883.3.26.1.1" displayName="TABLET, FILM COATED"/>
                        <asEntityWithGeneric>
                           <genericMedicine>
                              <name>cyclobenzaprine hydrochloride</name>
                           </genericMedicine>
                        </asEntityWithGeneric>
                        <asEquivalentEntity classCode="EQUIV">
                           <code code="C64637" codeSystem="2.16.840.1.113883.3.26.1.1"/>
                           <definingMaterialKind>
                              <code code="51079-644" codeSystem="2.16.840.1.113883.6.69"/>
                           </definingMaterialKind>
                        </asEquivalentEntity>
                        <ingredient classCode="ACTIB">
                           <quantity>
                              <numerator value="10" unit="mg"/>
                              <denominator value="1" unit="1"/>
                           </quantity>
                           <ingredientSubstance>
                              <code code="0VE05JYS2P" codeSystem="2.16.840.1.113883.4.9"/>
                              <name>CYCLOBENZAPRINE HYDROCHLORIDE</name>
                              <activeMoiety>
                                 <activeMoiety>
                                    <code code="69O5WQQ5TI" codeSystem="2.16.840.1.113883.4.9"/>
                                    <name>CYCLOBENZAPRINE</name>
                                 </activeMoiety>
                              </activeMoiety>
                           </ingredientSubstance>
                        </ingredient>
                        <ingredient classCode="IACT">
                           <ingredientSubstance>
                              <code code="ETJ7Z6XBU4" codeSystem="2.16.840.1.113883.4.9"/>
                              <name>SILICON DIOXIDE</name>
                           </ingredientSubstance>
                        </ingredient>
                        <ingredient classCode="IACT">
                           <ingredientSubstance>
                              <code code="M28OL1HH48" codeSystem="2.16.840.1.113883.4.9"/>
                              <name>CROSCARMELLOSE SODIUM</name>
                           </ingredientSubstance>
                        </ingredient>
                        <ingredient classCode="IACT">
                           <ingredientSubstance>
                              <code code="3NXW29V3WO" codeSystem="2.16.840.1.113883.4.9"/>
                              <name>HYPROMELLOSES</name>
                           </ingredientSubstance>
                        </ingredient>
                        <ingredient classCode="IACT">
                           <ingredientSubstance>
                              <code code="EWQ57Q8I5X" codeSystem="2.16.840.1.113883.4.9"/>
                              <name>LACTOSE MONOHYDRATE</name>
                           </ingredientSubstance>
                        </ingredient>
                        <ingredient classCode="IACT">
                           <ingredientSubstance>
                              <code code="70097M6I30" codeSystem="2.16.840.1.113883.4.9"/>
                              <name>MAGNESIUM STEARATE</name>
                           </ingredientSubstance>
                        </ingredient>
                        <ingredient classCode="IACT">
                           <ingredientSubstance>
                              <code code="OP1R32D61U" codeSystem="2.16.840.1.113883.4.9"/>
                              <name>CELLULOSE, MICROCRYSTALLINE</name>
                           </ingredientSubstance>
                        </ingredient>
                        <ingredient classCode="IACT">
                           <ingredientSubstance>
                              <code code="VH2XOU12IE" codeSystem="2.16.840.1.113883.4.9"/>
                              <name>POLYDEXTROSE</name>
                           </ingredientSubstance>
                        </ingredient>
                        <ingredient classCode="IACT">
                           <ingredientSubstance>
                              <code code="3WJQ0SDW1A" codeSystem="2.16.840.1.113883.4.9"/>
                              <name>POLYETHYLENE GLYCOLS</name>
                           </ingredientSubstance>
                        </ingredient>
                        <ingredient classCode="IACT">
                           <ingredientSubstance>
                              <code code="368GB5141J" codeSystem="2.16.840.1.113883.4.9"/>
                              <name>SODIUM LAURYL SULFATE</name>
                           </ingredientSubstance>
                        </ingredient>
                        <ingredient classCode="IACT">
                           <ingredientSubstance>
                              <code code="15FIX9V2JP" codeSystem="2.16.840.1.113883.4.9"/>
                              <name>TITANIUM DIOXIDE</name>
                           </ingredientSubstance>
                        </ingredient>
                        <ingredient classCode="IACT">
                           <ingredientSubstance>
                              <code code="XHX3C3X673" codeSystem="2.16.840.1.113883.4.9"/>
                              <name>TRIACETIN</name>
                           </ingredientSubstance>
                        </ingredient>
                        <ingredient classCode="IACT">
                           <ingredientSubstance>
                              <code code="C269C4G2ZQ" codeSystem="2.16.840.1.113883.4.9"/>
                              <name>SODIUM ALGINATE</name>
                           </ingredientSubstance>
                        </ingredient>
                        <ingredient classCode="IACT">
                           <ingredientSubstance>
                              <code code="EX438O2MRT" codeSystem="2.16.840.1.113883.4.9"/>
                              <name>FERRIC OXIDE YELLOW</name>
                           </ingredientSubstance>
                        </ingredient>
                        <asContent>
                           <quantity>
                              <numerator value="1" unit="1"/>
                              <denominator value="1"/>
                           </quantity>
                           <containerPackagedProduct>
                              <code/>
                              <formCode code="C43168" codeSystem="2.16.840.1.113883.3.26.1.1" displayName="BLISTER PACK"/>
                              <asContent>
                                 <quantity>
                                    <numerator value="10" unit="1"/>
                                    <denominator value="1"/>
                                 </quantity>
                                 <containerPackagedProduct>
                                    <code code="55154-5571-0" codeSystem="2.16.840.1.113883.6.69"/>
                                    <formCode code="C43167" codeSystem="2.16.840.1.113883.3.26.1.1" displayName="BAG"/>
                                 </containerPackagedProduct>
                              </asContent>
                           </containerPackagedProduct>
                        </asContent>
                     </manufacturedProduct>
                     <subjectOf>
                        <approval>
                           <id extension="ANDA073144" root="2.16.840.1.113883.3.150"/>
                           <code code="C73584" codeSystem="2.16.840.1.113883.3.26.1.1" displayName="ANDA"/>
                           <author>
                              <territorialAuthority>
                                 <territory>
                                    <code code="USA" codeSystem="2.16.840.1.113883.5.28"/>
                                 </territory>
                              </territorialAuthority>
                           </author>
                        </approval>
                     </subjectOf>
                     <subjectOf>
                        <marketingAct>
                           <code code="C53292" codeSystem="2.16.840.1.113883.3.26.1.1"/>
                           <statusCode code="active"/>
                           <effectiveTime>
                              <low value="20110715"/>
                           </effectiveTime>
                        </marketingAct>
                     </subjectOf>
                     <subjectOf>
                        <characteristic classCode="OBS">
                           <code code="SPLCOLOR" codeSystem="2.16.840.1.113883.1.11.19255"/>
                           <value xsi:type="CE" code="C48330" codeSystem="2.16.840.1.113883.3.26.1.1" displayName="YELLOW">
                              <originalText>butterscotch yellow</originalText>
                           </value>
                        </characteristic>
                     </subjectOf>
                     <subjectOf>
                        <characteristic classCode="OBS">
                           <code code="SPLSIZE" codeSystem="2.16.840.1.113883.1.11.19255"/>
                           <value unit="mm" value="8" xsi:type="PQ"/>
                        </characteristic>
                     </subjectOf>
                     <subjectOf>
                        <characteristic classCode="OBS">
                           <code code="SPLSHAPE" codeSystem="2.16.840.1.113883.1.11.19255"/>
                           <value xsi:type="CE" code="C48348" codeSystem="2.16.840.1.113883.3.26.1.1" displayName="ROUND"/>
                        </characteristic>
                     </subjectOf>
                     <subjectOf>
                        <characteristic classCode="OBS">
                           <code code="SPLSCORE" codeSystem="2.16.840.1.113883.1.11.19255"/>
                           <value value="1" xsi:type="INT"/>
                        </characteristic>
                     </subjectOf>
                     <subjectOf>
                        <characteristic classCode="OBS">
                           <code code="SPLIMPRINT" codeSystem="2.16.840.1.113883.1.11.19255"/>
                           <value xsi:type="ST">M;751</value>
                        </characteristic>
                     </subjectOf>
                     <consumedIn>
                        <substanceAdministration>
                           <routeCode code="C38288" codeSystem="2.16.840.1.113883.3.26.1.1" displayName="ORAL"/>
                        </substanceAdministration>
                     </consumedIn>
                  </manufacturedProduct>
               </subject>
            </section>
         </component>
         <component>
            <section ID="i4i_description_id_4217dd86-7b08-4264-a9a4-dc18cd240ade">
               <id root="8ce5caed-d67f-4aad-9b4c-118b91f9b6e3"/>
               <code codeSystem="2.16.840.1.113883.6.1" code="34089-3" displayName="DESCRIPTION SECTION"/>
               <title>DESCRIPTION</title>
               <text>
                  <paragraph>Cyclobenzaprine hydrochloride, USP is a white, crystalline tricyclic amine salt with the molecular formula C<sub>20</sub>H<sub>21</sub>N • HCl and a molecular weight of 311.9. It has a melting point of 217°C, and a pK<sub>a</sub> of 8.47 at 25°C. It is freely soluble in water and alcohol, sparingly soluble in isopropanol, and insoluble in hydrocarbon solvents. If aqueous solutions are made alkaline, the free base separates. Cyclobenzaprine hydrochloride is designated chemically as 3-(5<content styleCode="italics">H</content> -dibenzo[<content styleCode="italics">a,d</content>] cyclohepten-5-ylidene)<content styleCode="italics">-N</content>, <content styleCode="italics">N</content>-dimethyl-1-propanamine hydrochloride, and has the following structural formula:</paragraph>
                  <renderMultiMedia referencedObject="id_186fa227-9601-4708-bcbb-066f7c9f00ec"/>
                  <paragraph>Cyclobenzaprine hydrochloride tablets, USP are available as 5 mg and 10 mg tablets for oral administration. Each 5 mg and 10 mg tablet contains cyclobenzaprine hydrochloride and the following inactive ingredients: colloidal silicon dioxide, croscarmellose sodium, hypromellose, lactose monohydrate, magnesium stearate, microcrystalline cellulose, polydextrose, polyethylene glycol, sodium lauryl sulfate, titanium dioxide, and triacetin. In addition, the 5 mg tablet contains FD&amp;C Blue No. 2 Aluminum Lake and the 10 mg tablet contains lecithin, sodium alginate and yellow iron oxide.</paragraph>
               </text>
               <effectiveTime value="20101112"/>
               <component>
                  <observationMedia ID="id_186fa227-9601-4708-bcbb-066f7c9f00ec">
                     <text>Structural Formula</text>
                     <value xsi:type="ED" mediaType="image/jpeg">
                        <reference value="d3a3acdf-f8f8-4670-9b4e-731e5c87c044-01.jpg"/>
                     </value>
                  </observationMedia>
               </component>
            </section>
         </component>
         <component>
            <section ID="i4i_clinical_pharmacology_id_ee539e9d-6fdc-44f1-b8ce-f90f42e99fc1">
               <id root="16ef5e3b-19a3-46cf-827f-a61f04615442"/>
               <code codeSystem="2.16.840.1.113883.6.1" code="34090-1" displayName="CLINICAL PHARMACOLOGY SECTION"/>
               <title>CLINICAL PHARMACOLOGY</title>
               <text>
                  <paragraph>Cyclobenzaprine hydrochloride relieves skeletal muscle spasm of local origin without interfering with muscle function. It is ineffective in muscle spasm due to central nervous system disease.</paragraph>
                  <paragraph>Cyclobenzaprine reduced or abolished skeletal muscle hyperactivity in several animal models. Animal studies indicate that cyclobenzaprine does not act at the neuromuscular junction or directly on skeletal muscle. Such studies show that cyclobenzaprine acts primarily within the central nervous system at brain stem as opposed to spinal cord levels, although its action on the latter may contribute to its overall skeletal muscle relaxant activity. Evidence suggests that the net effect of cyclobenzaprine is a reduction of tonic somatic motor activity, influencing both gamma (γ) and alpha (α) motor systems.</paragraph>
                  <paragraph>Pharmacological studies in animals showed a similarity between the effects of cyclobenzaprine and the structurally related tricyclic antidepressants, including reserpine antagonism, norepinephrine potentiation, potent peripheral and central anticholinergic effects, and sedation. Cyclobenzaprine caused slight to moderate increase in heart rate in animals.</paragraph>
               </text>
               <effectiveTime value="20101112"/>
               <component>
                  <section ID="i4i_pharmacokinetics_id_a7298642-9498-4b41-85a4-46a425605100">
                     <id root="1737dd34-82f5-4760-acd6-2474375e73fc"/>
                     <code codeSystem="2.16.840.1.113883.6.1" code="43682-4" displayName="PHARMACOKINETICS SECTION"/>
                     <title>Pharmacokinetics</title>
                     <text>
                        <paragraph>Estimates of mean oral bioavailability of cyclobenzaprine range from 33% to 55%. Cyclobenzaprine exhibits linear pharmacokinetics over the dose range 2.5 mg to 10 mg, and is subject to enterohepatic circulation. It is highly bound to plasma proteins. Drug accumulates when dosed 3 times a day, reaching steady-state within 3 to 4 days at plasma concentrations about 4-fold higher than after a single dose. At steady-state in healthy subjects receiving 10 mg t.i.d. (n = 18), peak plasma concentration was 25.9 ng/mL (range, 12.8 to 46.1 ng/mL), and area under the concentration-time (AUC) curve over an 8-hour dosing interval was 177 ng·hr/mL (range, 80 to 319 ng·hr/mL).</paragraph>
                        <paragraph>Cyclobenzaprine is extensively metabolized, and is excreted primarily as glucuronides via the kidney. Cytochromes P450 3A4, 1A2, and, to a lesser extent, 2D6, mediate N-demethylation, one of the oxidative pathways for cyclobenzaprine. Cyclobenzaprine is eliminated quite slowly, with an effective half-life of 18 hours (range 8 to 37 hours; n = 18); plasma clearance is 0.7 L/min.</paragraph>
                        <paragraph>The plasma concentration of cyclobenzaprine is generally higher in the elderly and in patients with hepatic impairment (see <linkHtml href="#i4i_section_id_e0e94bdb-3adb-44b1-96e5-cffc058edca9">PRECAUTIONS: Use in the Elderly</linkHtml> and <linkHtml href="#i4i_section_id_8582ee3d-3b69-42a0-aa2b-044577b698dd">PRECAUTIONS: Impaired Hepatic Function</linkHtml>).</paragraph>
                     </text>
                     <effectiveTime value="20101112"/>
                     <component>
                        <section ID="i4i_section_id_d1f10b56-c24c-496d-b516-65a03a636e13">
                           <id root="5492fa2a-fbe0-4f78-be45-9f47d6161872"/>
                           <code codeSystem="2.16.840.1.113883.6.1" code="42229-5" displayName="SPL UNCLASSIFIED SECTION"/>
                           <title>Elderly</title>
                           <text>
                              <paragraph>In a pharmacokinetic study in elderly individuals (≥ 65 yrs old), mean (n = 10) steady-state cyclobenzaprine AUC values were approximately 1.7-fold (171 ng·hr/mL, range 96.1 to 255.3) higher than those seen in a group of eighteen younger adults (101.4 ng·hr/mL, range 36.1 to 182.9) from another study. Elderly male subjects had the highest observed mean increase, approximately 2.4-fold (198.3 ng·hr/mL, range 155.6 to 255.3 vs. 83.2 ng·hr/mL, range 41.1 to 142.5 for younger males) while levels in elderly females were increased to a much lesser extent, approximately 1.2-fold (143.8 ng·hr/mL, range 96.1 to 196.3 vs. 115.9 ng·hr/mL, range 36.1 to 182.9 for younger females).</paragraph>
                              <paragraph>In light of these findings, therapy with cyclobenzaprine in the elderly should be initiated with a 5 mg dose and titrated slowly upward.</paragraph>
                           </text>
                           <effectiveTime value="20101112"/>
                        </section>
                     </component>
                     <component>
                        <section ID="i4i_section_id_41a53b3d-6e35-4f77-90c9-5ee0afada965">
                           <id root="b95e8674-50a9-4ba2-9bac-280b114264d4"/>
                           <code codeSystem="2.16.840.1.113883.6.1" code="42229-5" displayName="SPL UNCLASSIFIED SECTION"/>
                           <title>Hepatic Impairment</title>
                           <text>
                              <paragraph>In a pharmacokinetic study of 16 subjects with hepatic impairment (15 mild, 1 moderate per Child-Pugh score), both AUC and C<sub>max</sub> were approximately double the values seen in the healthy control group. Based on the findings, cyclobenzaprine should be used with caution in subjects with mild hepatic impairment starting with the 5 mg dose and titrating slowly upward. Due to the lack of data in subjects with more severe hepatic insufficiency, the use of cyclobenzaprine in subjects with moderate to severe impairment is not recommended.</paragraph>
                              <paragraph>No significant effect on plasma levels or bioavailability of cyclobenzaprine or aspirin was noted when single or multiple doses of the two drugs were administered concomitantly. Concomitant administration of cyclobenzaprine and naproxen or diflunisal was well tolerated with no reported unexpected adverse effects. However combination therapy of cyclobenzaprine with naproxen was associated with more side effects than therapy with naproxen alone, primarily in the form of drowsiness. No well controlled studies have been performed to indicate that cyclobenzaprine enhances the clinical effect of aspirin or other analgesics, or whether analgesics enhance the clinical effect of cyclobenzaprine in acute musculoskeletal conditions.</paragraph>
                           </text>
                           <effectiveTime value="20101112"/>
                        </section>
                     </component>
                  </section>
               </component>
               <component>
                  <section ID="i4i_section_id_127f4929-a180-47df-b01b-5226f570071e">
                     <id root="50d81aea-21ac-4d90-96fd-94cf4c30242a"/>
                     <code codeSystem="2.16.840.1.113883.6.1" code="42229-5" displayName="SPL UNCLASSIFIED SECTION"/>
                     <title>Clinical Studies</title>
                     <text>
                        <paragraph>Eight double-blind controlled clinical studies were performed in 642 patients comparing cyclobenzaprine hydrochloride 10 mg, diazepam<footnote ID="id_30111590-3ab2-447f-bba4-c7a7c758ec24">
                              <paragraph>VALIUM<sup>®</sup> (diazepam) is a registered trademark of Roche</paragraph>
                           </footnote>, and placebo. Muscle spasm, local pain and tenderness, limitation of motion, and restriction in activities of daily living were evaluated. In three of these studies there was a significantly greater improvement with cyclobenzaprine than with diazepam, while in the other studies the improvement following both treatments was comparable.</paragraph>
                        <paragraph>Although the frequency and severity of adverse reactions observed in patients treated with cyclobenzaprine were comparable to those observed in patients treated with diazepam, dry mouth was observed more frequently in patients treated with cyclobenzaprine and dizziness more frequently in those treated with diazepam. The incidence of drowsiness, the most frequent adverse reaction, was similar with both drugs.</paragraph>
                        <paragraph>The efficacy of cyclobenzaprine hydrochloride 5 mg was demonstrated in two 7-day, double-blind, controlled clinical trials enrolling 1,405 patients. One study compared cyclobenzaprine hydrochloride 5 mg and 10 mg t.i.d. to placebo; and a second study compared cyclobenzaprine hydrochloride 5 mg and 2.5 mg t.i.d. to placebo. Primary endpoints for both trials were determined by patient-generated data and included global impression of change, medication helpfulness, and relief from starting backache. Each endpoint consisted of a score on a 5-point rating scale (from 0 or worst outcome to 4 or best outcome). Secondary endpoints included a physician’s evaluation of the presence and extent of palpable muscle spasm.</paragraph>
                        <paragraph>Comparisons of cyclobenzaprine hydrochloride 5 mg and placebo groups in both trials established the statistically significant superiority of the 5 mg dose for all three primary endpoints at day 8 and, in the study comparing 5 mg and 10 mg, at day 3 or 4 as well. A similar effect was observed with cyclobenzaprine hydrochloride 10 mg (all endpoints). Physician-assessed secondary endpoints also showed that cyclobenzaprine hydrochloride 5 mg was associated with a greater reduction in palpable muscle spasm than placebo.</paragraph>
                        <paragraph>Analysis of the data from controlled studies shows that cyclobenzaprine produces clinical improvement whether or not sedation occurs.</paragraph>
                     </text>
                     <effectiveTime value="20101112"/>
                  </section>
               </component>
               <component>
                  <section ID="i4i_section_id_3bea0a3f-5ff2-47dd-bdf1-cfaad6a7c4d4">
                     <id root="e42b1ec2-f26e-4023-8043-9e2b3dec8880"/>
                     <code codeSystem="2.16.840.1.113883.6.1" code="42229-5" displayName="SPL UNCLASSIFIED SECTION"/>
                     <title>Surveillance Program</title>
                     <text>
                        <paragraph>A post-marketing surveillance program was carried out in 7,607 patients with acute musculoskeletal disorders, and included 297 patients treated with cyclobenzaprine hydrochloride 10 mg for 30 days or longer. The overall effectiveness of cyclobenzaprine was similar to that observed in the double-blind controlled studies; the overall incidence of adverse effects was less (see <linkHtml href="#i4i_adverse_effects_id_3d24c738-f824-4482-b9ee-ee785ee006e5">ADVERSE REACTIONS</linkHtml>).</paragraph>
                     </text>
                     <effectiveTime value="20101112"/>
                  </section>
               </component>
            </section>
         </component>
         <component>
            <section ID="i4i_indications_id_2263961d-50e2-4600-bb1d-c9dbda7924d6">
               <id root="4d74d2be-5ee1-4c32-b46c-c6b7be0cfdc9"/>
               <code codeSystem="2.16.840.1.113883.6.1" code="34067-9" displayName="INDICATIONS &amp; USAGE SECTION"/>
               <title>INDICATIONS AND USAGE</title>
               <text>
                  <paragraph>Cyclobenzaprine hydrochloride tablets are indicated as an adjunct to rest and physical therapy for relief of muscle spasm associated with acute, painful musculoskeletal conditions.</paragraph>
                  <paragraph>Improvement is manifested by relief of muscle spasm and its associated signs and symptoms, namely, pain, tenderness, limitation of motion, and restriction in activities of daily living.</paragraph>
                  <paragraph>
                     <content styleCode="italics">Cyclobenzaprine </content>
                     <content styleCode="italics">hydrochloride tablets </content>
                     <content styleCode="italics">should be used only for short periods (up to 2 or 3 weeks) because adequate evidence of effectiveness for more prolonged use is not available and because muscle spasm associated with acute, painful musculoskeletal conditions is generally of short duration and specific therapy for longer periods is seldom warranted.</content>
                  </paragraph>
                  <paragraph>Cyclobenzaprine hydrochloride tablets have not been found effective in the treatment of spasticity associated with cerebral or spinal cord disease, or in children with cerebral palsy.</paragraph>
               </text>
               <effectiveTime value="20101112"/>
            </section>
         </component>
         <component>
            <section ID="i4i_contraindications_id_ac347561-4eed-49aa-8668-ddec8035b06e">
               <id root="6c031e41-f65d-4226-9237-0daba123d64f"/>
               <code codeSystem="2.16.840.1.113883.6.1" code="34070-3" displayName="CONTRAINDICATIONS SECTION"/>
               <title>CONTRAINDICATIONS</title>
               <text>
                  <paragraph>Hypersensitivity to any component of this product.</paragraph>
                  <paragraph>Concomitant use of monoamine oxidase (MAO) inhibitors or within 14 days after their discontinuation. Hyperpyretic crisis seizures, and deaths have occurred in patients receiving cyclobenzaprine (or structurally similar tricyclic antidepressants) concomitantly with MAO inhibitor drugs.</paragraph>
                  <paragraph>Acute recovery phase of myocardial infarction, and patients with arrhythmias, heart block or conduction disturbances, or congestive heart failure.</paragraph>
                  <paragraph>Hyperthyroidism.</paragraph>
               </text>
               <effectiveTime value="20101112"/>
            </section>
         </component>
         <component>
            <section ID="i4i_warnings_id_651e1ec6-f1eb-471e-a72d-725138777ff3">
               <id root="c43f2939-3fef-4152-ad5b-b710e812b6fa"/>
               <code codeSystem="2.16.840.1.113883.6.1" code="34071-1" displayName="WARNINGS SECTION"/>
               <title>WARNINGS</title>
               <text>
                  <paragraph>Cyclobenzaprine is closely related to the tricyclic antidepressants, e.g., amitriptyline and imipramine. In short-term studies for indications other than muscle spasm associated with acute musculoskeletal conditions, and usually at doses somewhat greater than those recommended for skeletal muscle spasm, some of the more serious central nervous system reactions noted with the tricyclic antidepressants have occurred (see <linkHtml href="#i4i_warnings_id_651e1ec6-f1eb-471e-a72d-725138777ff3">WARNINGS</linkHtml>, below, and <linkHtml href="#i4i_adverse_effects_id_3d24c738-f824-4482-b9ee-ee785ee006e5">ADVERSE REACTIONS</linkHtml>).</paragraph>
                  <paragraph>Tricyclic antidepressants have been reported to produce arrhythmias, sinus tachycardia, prolongation of the conduction time leading to myocardial infarction and stroke.</paragraph>
                  <paragraph>Cyclobenzaprine may enhance the effects of alcohol, barbiturates, and other CNS depressants.</paragraph>
               </text>
               <effectiveTime value="20101112"/>
            </section>
         </component>
         <component>
            <section ID="i4i_precautions_id_44d9b6cb-a7ad-4616-b91d-a3f8c51a12cd">
               <id root="a663cdf2-722a-4e88-b078-624ecce82a35"/>
               <code codeSystem="2.16.840.1.113883.6.1" code="42232-9" displayName="PRECAUTIONS SECTION"/>
               <title>PRECAUTIONS</title>
               <effectiveTime value="20101112"/>
               <component>
                  <section ID="i4i_precautions_general_id_a30794f5-2b86-449f-9eb9-9cde40ce2af6">
                     <id root="f4f5a226-281e-452e-ad55-d5aadfd2db7a"/>
                     <code codeSystem="2.16.840.1.113883.6.1" code="34072-9" displayName="GENERAL PRECAUTIONS SECTION"/>
                     <title>General</title>
                     <text>
                        <paragraph>Because of its atropine like action, cyclobenzaprine should be used with caution in patients with a history of urinary retention, angle closure glaucoma, increased intraocular pressure, and in patients taking anticholinergic medication.</paragraph>
                     </text>
                     <effectiveTime value="20101112"/>
                  </section>
               </component>
               <component>
                  <section ID="i4i_section_id_8582ee3d-3b69-42a0-aa2b-044577b698dd">
                     <id root="7177aa64-17b9-454e-95a7-4f37f17426dc"/>
                     <code codeSystem="2.16.840.1.113883.6.1" code="42229-5" displayName="SPL UNCLASSIFIED SECTION"/>
                     <title>Impaired Hepatic Function</title>
                     <text>
                        <paragraph>The plasma concentration of cyclobenzaprine is increased in patients with hepatic impairment (see <linkHtml href="#i4i_section_id_41a53b3d-6e35-4f77-90c9-5ee0afada965">CLINICAL PHARMACOLOGY: Pharmacokinetics: Hepatic Impairment</linkHtml>). These patients are generally more susceptible to drugs with potentially sedating effects, including cyclobenzaprine. Cyclobenzaprine hydrochloride should be used with caution in subjects with mild hepatic impairment starting with a 5 mg dose and titrating slowly upward. Due to the lack of data in subjects with more severe hepatic insufficiency, the use of cyclobenzaprine in subjects with moderate to severe impairment is not recommended.</paragraph>
                     </text>
                     <effectiveTime value="20101112"/>
                  </section>
               </component>
               <component>
                  <section ID="i4i_section_id_c39ebd8d-564f-4879-8b89-da60db3a22d8">
                     <id root="efc869be-91c1-460c-85d1-70a798156bc5"/>
                     <code codeSystem="2.16.840.1.113883.6.1" code="42229-5" displayName="SPL UNCLASSIFIED SECTION"/>
                     <title>Information for Patients</title>
                     <text>
                        <paragraph>Cyclobenzaprine, especially when used with alcohol or other CNS depressants, may impair mental and/or physical abilities required for performance of hazardous tasks, such as operating machinery or driving a motor vehicle. In the elderly, the frequency and severity of adverse events associated with the use of cyclobenzaprine, with or without concomitant medications, is increased. In elderly patients, cyclobenzaprine hydrochloride should be initiated with a 5 mg dose and titrated slowly upward.</paragraph>
                     </text>
                     <effectiveTime value="20101112"/>
                  </section>
               </component>
               <component>
                  <section ID="i4i_section_id_61fc0abc-2239-4985-a113-e864da9c4226">
                     <id root="2c70b230-33a6-4c4e-8ca9-7de103f8228d"/>
                     <code codeSystem="2.16.840.1.113883.6.1" code="42229-5" displayName="SPL UNCLASSIFIED SECTION"/>
                     <title>Drug Interactions</title>
                     <text>
                        <paragraph>Cyclobenzaprine may have life threatening interactions with MAO inhibitors (see <linkHtml href="#i4i_contraindications_id_ac347561-4eed-49aa-8668-ddec8035b06e">CONTRAINDICATIONS</linkHtml>).</paragraph>
                        <paragraph>Cyclobenzaprine may enhance the effects of alcohol, barbiturates, and other CNS depressants.</paragraph>
                        <paragraph>Tricyclic antidepressants may block the antihypertensive action of guanethidine and similarly acting compounds.</paragraph>
                        <paragraph>Tricyclic antidepressants may enhance the seizure risk in patients taking tramadol<footnote ID="id_8ca4d5be-5821-480b-8c2a-423c6b98aa2a">
                              <paragraph>ULTRAM<sup>®</sup> (tramadol HCl tablets) and ULTRACET<sup>®</sup> (tramadol HCl and acetaminophen tablets) are registered trademarks of Ortho-McNeil Pharmaceutical</paragraph>
                           </footnote>.</paragraph>
                     </text>
                     <effectiveTime value="20101112"/>
                  </section>
               </component>
               <component>
                  <section ID="i4i_section_id_8f84b335-cae0-475d-89fa-d38eab9ce784">
                     <id root="806984e8-afca-495d-ad82-e69a2a77408a"/>
                     <code codeSystem="2.16.840.1.113883.6.1" code="42229-5" displayName="SPL UNCLASSIFIED SECTION"/>
                     <title>Carcinogenesis, Mutagenesis, Impairment of Fertility</title>
                     <text>
                        <paragraph>In rats treated with cyclobenzaprine for up to 67 weeks at doses of approximately 5 to 40 times the maximum recommended human dose, pale, sometimes enlarged, livers were noted and there was a dose related hepatocyte vacuolation with lipidosis. In the higher dose groups this microscopic change was seen after 26 weeks and even earlier in rats which died prior to 26 weeks; at lower doses, the change was not seen until after 26 weeks.</paragraph>
                        <paragraph>Cyclobenzaprine did not affect the onset, incidence or distribution of neoplasia in an 81-week study in the mouse or in a 105-week study in the rat.</paragraph>
                        <paragraph>At oral doses of up to 10 times the human dose, cyclobenzaprine did not adversely affect the reproductive performance or fertility of male or female rats.</paragraph>
                        <paragraph>Cyclobenzaprine did not demonstrate mutagenic activity in the male mouse at dose levels of up to 20 times the human dose.</paragraph>
                     </text>
                     <effectiveTime value="20101112"/>
                  </section>
               </component>
               <component>
                  <section ID="i4i_section_id_18fe9ad9-82d5-4829-b24e-d7da3d76f403">
                     <id root="e18514a4-306a-4725-bf22-f53cde06f0a0"/>
                     <code codeSystem="2.16.840.1.113883.6.1" code="42229-5" displayName="SPL UNCLASSIFIED SECTION"/>
                     <title>Pregnancy</title>
                     <effectiveTime value="20101112"/>
                     <component>
                        <section ID="i4i_section_id_ad33bcbc-0c07-4e09-96ad-97395002c078">
                           <id root="ed268dad-2566-4e2d-a190-763430049d24"/>
                           <code codeSystem="2.16.840.1.113883.6.1" code="42229-5" displayName="SPL UNCLASSIFIED SECTION"/>
                           <title>Teratogenic Effects. Pregnancy Category B</title>
                           <text>
                              <paragraph>Reproduction studies have been performed in rats, mice and rabbits at doses up to 20 times the human dose, and have revealed no evidence of impaired fertility or harm to the fetus due to cyclobenzaprine. There are, however, no adequate and well controlled studies in pregnant women. Because animal reproduction studies are not always predictive of human response, this drug should be used during pregnancy only if clearly needed.</paragraph>
                           </text>
                           <effectiveTime value="20080522"/>
                        </section>
                     </component>
                  </section>
               </component>
               <component>
                  <section ID="i4i_section_id_3dba58cf-c5e1-4360-ab45-5887eb821977">
                     <id root="50e27da1-c43f-4291-af12-a025ea39f544"/>
                     <code codeSystem="2.16.840.1.113883.6.1" code="42229-5" displayName="SPL UNCLASSIFIED SECTION"/>
                     <title>Nursing Mothers</title>
                     <text>
                        <paragraph>It is not known whether this drug is excreted in human milk. Because cyclobenzaprine is closely related to the tricyclic antidepressants, some of which are known to be excreted in human milk, caution should be exercised when cyclobenzaprine hydrochloride is administered to a nursing woman.</paragraph>
                     </text>
                     <effectiveTime value="20101112"/>
                  </section>
               </component>
               <component>
                  <section ID="i4i_section_id_dae8c4ea-32e8-4cfe-a179-e808391fff01">
                     <id root="c9795565-c6fe-43bd-bd57-db05526e2208"/>
                     <code codeSystem="2.16.840.1.113883.6.1" code="42229-5" displayName="SPL UNCLASSIFIED SECTION"/>
                     <title>Pediatric Use</title>
                     <text>
                        <paragraph>Safety and effectiveness of cyclobenzaprine in pediatric patients below 15 years of age have not been established.</paragraph>
                     </text>
                     <effectiveTime value="20101112"/>
                  </section>
               </component>
               <component>
                  <section ID="i4i_section_id_e0e94bdb-3adb-44b1-96e5-cffc058edca9">
                     <id root="e72b3ca9-ffdd-4d96-bea8-4fc493959210"/>
                     <code codeSystem="2.16.840.1.113883.6.1" code="42229-5" displayName="SPL UNCLASSIFIED SECTION"/>
                     <title>Use in the Elderly</title>
                     <text>
                        <paragraph>The plasma concentration of cyclobenzaprine is increased in the elderly (see <linkHtml href="#i4i_section_id_d1f10b56-c24c-496d-b516-65a03a636e13">CLINICAL PHARMACOLOGY: Pharmacokinetics: Elderly</linkHtml>). The elderly may also be more at risk for CNS adverse events such as hallucinations and confusion, cardiac events resulting in falls or other sequelae, drug-drug and drug-disease interactions. For these reasons, in the elderly, cyclobenzaprine should be used only if clearly needed. In such patients cyclobenzaprine hydrochloride should be initiated with a 5 mg dose and titrated slowly upward.</paragraph>
                     </text>
                     <effectiveTime value="20101112"/>
                  </section>
               </component>
            </section>
         </component>
         <component>
            <section ID="i4i_adverse_effects_id_3d24c738-f824-4482-b9ee-ee785ee006e5">
               <id root="d6e552b8-f53c-4a2c-a0bb-48b03f6d2e7c"/>
               <code codeSystem="2.16.840.1.113883.6.1" code="34084-4" displayName="ADVERSE REACTIONS SECTION"/>
               <title>ADVERSE REACTIONS</title>
               <text>
                  <paragraph>Incidence of most common adverse reactions in the two double-blind<footnote ID="id_4907a84c-cefe-4813-aa7a-d7e50f1d1d78">
                        <paragraph>Note: Cyclobenzaprine hydrochloride 10 mg data are from one clinical trial. Cyclobenzaprine hydrochloride 5 mg and placebo data are from two studies.</paragraph>
                     </footnote>, placebo-controlled 5 mg studies (incidence of &gt; 3% on cyclobenzaprine hydrochloride 5 mg):</paragraph>
                  <table border="0" width="863.000" ID="id_3e7577e3-6794-45e0-a778-f3574f78042d" rules="all">
                     <col width="26.0%"/>
                     <col width="24.7%"/>
                     <col width="24.7%"/>
                     <col width="24.7%"/>
                     <tbody>
                        <tr ID="id_315964b3-5503-4567-b7d7-26ce49e6f636">
                           <td align="left" valign="top" styleCode="Toprule"> </td>
                           <td align="center" valign="top" styleCode="Toprule">Cyclobenzaprine<br/>hydrochloride 5 mg</td>
                           <td align="center" valign="top" styleCode="Toprule">Cyclobenzaprine<br/>hydrochloride 10 mg</td>
                           <td align="center" valign="top">Placebo</td>
                        </tr>
                        <tr ID="id_5540bd86-e247-4d6c-aba3-177d4e308ffa">
                           <td align="left" valign="top"> </td>
                           <td align="center" valign="top">N = 464</td>
                           <td align="center" valign="top">N = 249</td>
                           <td align="center" valign="top">N = 469</td>
                        </tr>
                        <tr ID="id_6fd106cc-a7da-4a28-b83f-27d322d31b0a">
                           <td align="left" valign="top">Drowsiness</td>
                           <td align="center" valign="top">29%</td>
                           <td align="center" valign="top">38%</td>
                           <td align="center" valign="top">10%</td>
                        </tr>
                        <tr ID="id_941e2286-b35d-482b-b362-92fa1165f998">
                           <td align="left" valign="top">Dry Mouth</td>
                           <td align="center" valign="top">21%</td>
                           <td align="center" valign="top">32%</td>
                           <td align="center" valign="top">7%</td>
                        </tr>
                        <tr ID="id_4f6e7482-e8f7-44bd-9811-e61a281731d9">
                           <td align="left" valign="top">Fatigue</td>
                           <td align="center" valign="top">6%</td>
                           <td align="center" valign="top">6%</td>
                           <td align="center" valign="top">3%</td>
                        </tr>
                        <tr ID="id_618d4e4a-9c6e-4c72-a44f-a573f0eaed68">
                           <td align="left" valign="top" styleCode="Botrule">Headache</td>
                           <td align="center" valign="top" styleCode="Botrule">5%</td>
                           <td align="center" valign="top" styleCode="Botrule">5%</td>
                           <td align="center" valign="top" styleCode="Botrule">8%</td>
                        </tr>
                     </tbody>
                  </table>
                  <paragraph>Adverse reactions which were reported in 1% to 3% of the patients were: abdominal pain, acid regurgitation, constipation, diarrhea, dizziness, nausea, irritability, mental acuity decreased, nervousness, upper respiratory infection, and pharyngitis.</paragraph>
                  <paragraph>The following list of adverse reactions is based on the experience in 473 patients treated with cyclobenzaprine hydrochloride 10 mg in additional controlled clinical studies, 7,607 patients in the post-marketing surveillance program, and reports received since the drug was marketed. The overall incidence of adverse reactions among patients in the surveillance program was less than the incidence in the controlled clinical studies.</paragraph>
                  <paragraph>The adverse reactions reported most frequently with cyclobenzaprine were drowsiness, dry mouth and dizziness. The incidence of these common adverse reactions was lower in the surveillance program than in the controlled clinical studies:</paragraph>
                  <table border="0" width="650.000" ID="id_72c5a182-70bb-436f-8af2-072ec6245977" rules="all">
                     <col width="34.5%"/>
                     <col width="32.8%"/>
                     <col width="32.8%"/>
                     <tbody>
                        <tr ID="id_ddef3945-2a25-49b8-9752-4155ebb8831a">
                           <td align="left" valign="top" styleCode="Toprule"> </td>
                           <td align="center" valign="top" styleCode="Toprule">Clinical Studies with<br/>Cyclobenzaprine<br/>hydrochloride 10 mg</td>
                           <td align="center" valign="top">Surveillance Program with<br/>Cyclobenzaprine<br/>hydrochloride 10 mg</td>
                        </tr>
                        <tr ID="id_c2c14312-75b7-441e-87b0-08e6cba4dc1b">
                           <td align="left" valign="top">Drowsiness</td>
                           <td align="center" valign="top">39%</td>
                           <td align="center" valign="top">16%</td>
                        </tr>
                        <tr ID="id_82f9a8df-f7be-4e4f-b51b-c79d01694858">
                           <td align="left" valign="top">Dry Mouth</td>
                           <td align="center" valign="top">27%</td>
                           <td align="center" valign="top">7%</td>
                        </tr>
                        <tr ID="id_ad0010a0-7fec-4885-acf0-a4ccaeb69fe0">
                           <td align="left" valign="top" styleCode="Botrule">Dizziness</td>
                           <td align="center" valign="top" styleCode="Botrule">11%</td>
                           <td align="center" valign="top" styleCode="Botrule">3%</td>
                        </tr>
                     </tbody>
                  </table>
                  <paragraph>Among the less frequent adverse reactions, there was no appreciable difference in incidence in controlled clinical studies or in the surveillance program. Adverse reactions which were reported in 1% to 3% of the patients were: fatigue/tiredness, asthenia, nausea, constipation, dyspepsia, unpleasant taste, blurred vision, headache, nervousness, and confusion.</paragraph>
                  <paragraph>The following adverse reactions have been reported in post-marketing experience or with an incidence of less than 1% of patients in clinical trials with the 10 mg tablet:</paragraph>
                  <paragraph>
                     <content styleCode="bold">
                        <content styleCode="italics">Body as a Whole: </content>
                     </content>Syncope; malaise.</paragraph>
                  <paragraph>
                     <content styleCode="bold">
                        <content styleCode="italics">Cardiovascular: </content>
                     </content>Tachycardia; arrhythmia; vasodilatation; palpitation; hypotension.</paragraph>
                  <paragraph>
                     <content styleCode="bold">
                        <content styleCode="italics">Digestive: </content>
                     </content>Vomiting; anorexia; diarrhea; gastrointestinal pain; gastritis; thirst; flatulence; edema of the tongue; abnormal liver function and rare reports of hepatitis, jaundice and cholestasis.</paragraph>
                  <paragraph>
                     <content styleCode="bold">
                        <content styleCode="italics">Hypersensitivity: </content>
                     </content>Anaphylaxis; angioedema; pruritus; facial edema; urticaria; rash.</paragraph>
                  <paragraph>
                     <content styleCode="bold">
                        <content styleCode="italics">Musculoskeletal: </content>
                     </content>Local weakness.</paragraph>
                  <paragraph>
                     <content styleCode="bold">
                        <content styleCode="italics">Nervous System and Psychiatric:</content>
                     </content> Seizures; ataxia; vertigo; dysarthria; tremors; hypertonia; convulsions; muscle twitching; disorientation; insomnia; depressed mood; abnormal sensations; anxiety; agitation; psychosis; abnormal thinking and dreaming; hallucinations; excitement; paresthesia; diplopia.</paragraph>
                  <paragraph>
                     <content styleCode="bold">
                        <content styleCode="italics">Skin: </content>
                     </content>Sweating.</paragraph>
                  <paragraph>
                     <content styleCode="bold">
                        <content styleCode="italics">Special Senses: </content>
                     </content>Ageusia; tinnitus.</paragraph>
                  <paragraph>
                     <content styleCode="bold">
                        <content styleCode="italics">Urogenital: </content>
                     </content>Urinary frequency and/or retention.</paragraph>
               </text>
               <effectiveTime value="20101112"/>
               <component>
                  <section ID="i4i_section_id_4527a396-2ccd-4c27-80f1-383c30266a68">
                     <id root="de3b8cc2-0194-40d9-b684-bca9a30b77fd"/>
                     <code codeSystem="2.16.840.1.113883.6.1" code="42229-5" displayName="SPL UNCLASSIFIED SECTION"/>
                     <title>Causal Relationship Unknown</title>
                     <text>
                        <paragraph>Other reactions, reported rarely for cyclobenzaprine under circumstances where a causal relationship could not be established or reported for other tricyclic drugs, are listed to serve as alerting information to physicians:</paragraph>
                        <paragraph>
                           <content styleCode="bold">
                              <content styleCode="italics">Body as a Whole: </content>
                           </content>Chest pain; edema.</paragraph>
                        <paragraph>
                           <content styleCode="bold">
                              <content styleCode="italics">Cardiovascular: </content>
                           </content>Hypertension; myocardial infarction; heart block; stroke.</paragraph>
                        <paragraph>
                           <content styleCode="bold">
                              <content styleCode="italics">Digestive: </content>
                           </content>Paralytic ileus; tongue discoloration; stomatitis; parotid swelling.</paragraph>
                        <paragraph>
                           <content styleCode="bold">
                              <content styleCode="italics">Endocrine: </content>
                           </content>Inappropriate ADH syndrome.</paragraph>
                        <paragraph>
                           <content styleCode="bold">
                              <content styleCode="italics">Hematic and Lymphatic: </content>
                           </content>Purpura; bone marrow depression; leukopenia; eosinophilia; thrombocytopenia.</paragraph>
                        <paragraph>
                           <content styleCode="bold">
                              <content styleCode="italics">Metabolic, Nutritional and Immune: </content>
                           </content>Elevation and lowering of blood sugar levels; weight gain or loss.</paragraph>
                        <paragraph>
                           <content styleCode="bold">
                              <content styleCode="italics">Musculoskeletal: </content>
                           </content>Myalgia.</paragraph>
                        <paragraph>
                           <content styleCode="bold">
                              <content styleCode="italics">Nervous System and Psychiatric: </content>
                           </content>Decreased or increased libido; abnormal gait; delusions; aggressive behavior; paranoia; peripheral neuropathy; Bell’s palsy; alteration in EEG patterns; extrapyramidal symptoms.</paragraph>
                        <paragraph>
                           <content styleCode="bold">
                              <content styleCode="italics">Respiratory: </content>
                           </content>Dyspnea.</paragraph>
                        <paragraph>
                           <content styleCode="bold">
                              <content styleCode="italics">Skin: </content>
                           </content>Photosensitization; alopecia.</paragraph>
                        <paragraph>
                           <content styleCode="bold">
                              <content styleCode="italics">Urogenital: </content>
                           </content>Impaired urination; dilatation of urinary tract; impotence; testicular swelling; gynecomastia; breast enlargement; galactorrhea.</paragraph>
                     </text>
                     <effectiveTime value="20101112"/>
                  </section>
               </component>
            </section>
         </component>
         <component>
            <section ID="i4i_abuse_dependence_id_a829f6f9-b501-4853-91ce-9d1034fe2373">
               <id root="f31c7621-3a4c-4dbd-bf89-0ab75dffeab0"/>
               <code codeSystem="2.16.840.1.113883.6.1" code="42227-9" displayName="DRUG ABUSE AND DEPENDENCE SECTION"/>
               <title>DRUG ABUSE AND DEPENDENCE</title>
               <text>
                  <paragraph>Pharmacologic similarities among the tricyclic drugs require that certain withdrawal symptoms be considered when cyclobenzaprine is administered, even though they have not been reported to occur with this drug. Abrupt cessation of treatment after prolonged administration rarely may produce nausea, headache, and malaise. These are not indicative of addiction.</paragraph>
               </text>
               <effectiveTime value="20101112"/>
            </section>
         </component>
         <component>
            <section ID="i4i_overdosage_id_9a7b3968-4b28-4995-8c2d-b82ead45652b">
               <id root="86441cce-0946-4267-beeb-7edd779e8f9c"/>
               <code codeSystem="2.16.840.1.113883.6.1" code="34088-5" displayName="OVERDOSAGE SECTION"/>
               <title>OVERDOSAGE</title>
               <text>
                  <paragraph>Although rare, deaths may occur from overdosage with cyclobenzaprine. Multiple drug ingestion (including alcohol) is common in deliberate cyclobenzaprine overdose. <content styleCode="bold">As management of overdose is complex and changing, it is recommended that the physician contact a poison control center for current information on treatment. </content>Signs and symptoms of toxicity may develop rapidly after cyclobenzaprine overdose; therefore, hospital monitoring is required as soon as possible. The acute oral LD<sub>50</sub> of cyclobenzaprine is approximately 338 and 425 mg/kg in mice and rats, respectively.</paragraph>
               </text>
               <effectiveTime value="20101112"/>
               <component>
                  <section ID="i4i_section_id_b0357cb3-5bd9-4830-92c9-94ae10fe450b">
                     <id root="85ed4255-243c-4580-9924-72515b8239ef"/>
                     <code codeSystem="2.16.840.1.113883.6.1" code="42229-5" displayName="SPL UNCLASSIFIED SECTION"/>
                     <title>Manifestations</title>
                     <text>
                        <paragraph>The most common effects associated with cyclobenzaprine overdose are drowsiness and tachycardia. Less frequent manifestations include tremor, agitation, coma, ataxia, hypertension, slurred speech, confusion, dizziness, nausea, vomiting, and hallucinations. Rare but potentially critical manifestations of overdose are cardiac arrest, chest pain, cardiac dysrhythmias, severe hypotension, seizures, and neuroleptic malignant syndrome. </paragraph>
                        <paragraph>Changes in the electrocardiogram, particularly in QRS axis or width, are clinically significant indicators of cyclobenzaprine toxicity. Other potential effects of overdosage include any of the symptoms listed under <linkHtml href="#i4i_adverse_effects_id_3d24c738-f824-4482-b9ee-ee785ee006e5">ADVERSE REACTIONS</linkHtml>.</paragraph>
                     </text>
                     <effectiveTime value="20101112"/>
                  </section>
               </component>
               <component>
                  <section ID="i4i_section_id_5f71ab87-f936-4ccd-b9ac-137ebd826901">
                     <id root="af719e26-3a43-49aa-84cb-68b4b698fe04"/>
                     <code codeSystem="2.16.840.1.113883.6.1" code="42229-5" displayName="SPL UNCLASSIFIED SECTION"/>
                     <title>Management</title>
                     <effectiveTime value="20101112"/>
                     <component>
                        <section ID="i4i_section_id_8bb335da-39c6-41df-b461-b3c72cf1be22">
                           <id root="96c7322f-bdab-4482-8f63-618d7aac3f3a"/>
                           <code codeSystem="2.16.840.1.113883.6.1" code="42229-5" displayName="SPL UNCLASSIFIED SECTION"/>
                           <title>General</title>
                           <text>
                              <paragraph>
                                 <content styleCode="bold">As management of overdose is complex and changing, it is recommended that the physician contact a poison control center for current information on treatment.</content>
                              </paragraph>
                              <paragraph>In order to protect against the rare but potentially critical manifestations described above, obtain an ECG and immediately initiate cardiac monitoring. Protect the patient’s airway, establish an intravenous line and initiate gastric decontamination. Observation with cardiac monitoring and observation for signs of CNS or respiratory depression, hypotension, cardiac dysrhythmias and/or conduction blocks, and seizures is necessary. If signs of toxicity occur at any time during this period, extended monitoring is required. Monitoring of plasma drug levels should not guide management of the patient. Dialysis is probably of no value because of low plasma concentrations of the drug.</paragraph>
                           </text>
                           <effectiveTime value="20101112"/>
                        </section>
                     </component>
                     <component>
                        <section ID="i4i_section_id_3f2a001c-9662-4114-bfcd-8cf229bdb8c3">
                           <id root="a9316852-155e-4139-b608-dbfe2447d2f4"/>
                           <code codeSystem="2.16.840.1.113883.6.1" code="42229-5" displayName="SPL UNCLASSIFIED SECTION"/>
                           <title>Gastrointestinal Decontamination</title>
                           <text>
                              <paragraph>All patients suspected of an overdose with cyclobenzaprine should receive gastrointestinal decontamination. This should include large volume gastric lavage followed by activated charcoal. If consciousness is impaired, the airway should be secured prior to lavage and emesis is contraindicated.</paragraph>
                           </text>
                           <effectiveTime value="20101112"/>
                        </section>
                     </component>
                     <component>
                        <section ID="i4i_section_id_fc5df21a-5596-4c44-93a2-f8c6e7bf420c">
                           <id root="75c47021-8936-466a-86e2-09709077b7ae"/>
                           <code codeSystem="2.16.840.1.113883.6.1" code="42229-5" displayName="SPL UNCLASSIFIED SECTION"/>
                           <title>Cardiovascular</title>
                           <text>
                              <paragraph>A maximal limb-lead QRS duration of ≥ 0.10 seconds may be the best indication of the severity of the overdose. Serum alkalinization, to a pH of 7.45 to 7.55, using intravenous sodium bicarbonate and hyperventilation (as needed), should be instituted for patients with dysrhythmias and/or QRS widening. A pH &gt; 7.60 or a pCO<sub>2</sub> &lt; 20 mmHg is undesirable. Dysrhythmias unresponsive to sodium bicarbonate therapy/hyperventilation may respond to lidocaine, bretylium or phenytoin. Type 1A and 1C antiarrhythmics are generally contraindicated (e.g., quinidine, disopyramide, and procainamide).</paragraph>
                           </text>
                           <effectiveTime value="20101112"/>
                        </section>
                     </component>
                     <component>
                        <section ID="i4i_section_id_f1765991-4af8-422b-ba6d-d91f59d76ecf">
                           <id root="a2f9d5bd-ef3f-4d98-9629-34a198f9d8d6"/>
                           <code codeSystem="2.16.840.1.113883.6.1" code="42229-5" displayName="SPL UNCLASSIFIED SECTION"/>
                           <title>CNS</title>
                           <text>
                              <paragraph>In patients with CNS depression, early intubation is advised because of the potential for abrupt deterioration. Seizures should be controlled with benzodiazepines or, if these are ineffective, other anticonvulsants (e.g., phenobarbital, phenytoin). Physostigmine is not recommended except to treat life threatening symptoms that have been unresponsive to other therapies, and then only in close consultation with a poison control center.</paragraph>
                           </text>
                           <effectiveTime value="20101112"/>
                        </section>
                     </component>
                  </section>
               </component>
               <component>
                  <section ID="i4i_section_id_a2cc1cdb-f575-40f8-957b-7d4ca2aa5f74">
                     <id root="aee4f9f2-f00f-4d63-b731-d19098af05f6"/>
                     <code codeSystem="2.16.840.1.113883.6.1" code="42229-5" displayName="SPL UNCLASSIFIED SECTION"/>
                     <title>Psychiatric Follow-up</title>
                     <text>
                        <paragraph>Since overdosage is often deliberate, patients may attempt suicide by other means during the recovery phase. Psychiatric referral may be appropriate.</paragraph>
                     </text>
                     <effectiveTime value="20101112"/>
                  </section>
               </component>
               <component>
                  <section ID="i4i_section_id_8a845897-100f-4c9f-b58e-084371a00626">
                     <id root="00238c91-8c5d-45b4-aa16-ec7d9a537837"/>
                     <code codeSystem="2.16.840.1.113883.6.1" code="42229-5" displayName="SPL UNCLASSIFIED SECTION"/>
                     <title>Pediatric Management</title>
                     <text>
                        <paragraph>The principles of management of child and adult overdosages are similar. It is strongly recommended that the physician contact the local poison control center for specific pediatric treatment.</paragraph>
                     </text>
                     <effectiveTime value="20101112"/>
                  </section>
               </component>
            </section>
         </component>
         <component>
            <section ID="i4i_dosage_admin_id_508482f1-d328-422e-a888-ccd50be90288">
               <id root="e3e23631-4704-4e05-ace2-ed2663a41bd6"/>
               <code codeSystem="2.16.840.1.113883.6.1" code="34068-7" displayName="DOSAGE &amp; ADMINISTRATION SECTION"/>
               <title>DOSAGE AND ADMINISTRATION</title>
               <text>
                  <paragraph>For most patients, the recommended dose of cyclobenzaprine hydrochloride tablets is 5 mg three times a day. Based on individual patient response, the dose may be increased to 10 mg three times a day. Use of cyclobenzaprine hydrochloride tablets for periods longer than 2 or 3 weeks is not recommended (see <linkHtml href="#i4i_indications_id_2263961d-50e2-4600-bb1d-c9dbda7924d6">INDICATIONS AND USAGE</linkHtml>). </paragraph>
                  <paragraph>Less frequent dosing should be considered for hepatically impaired or elderly patients (see <linkHtml href="#i4i_section_id_8582ee3d-3b69-42a0-aa2b-044577b698dd">PRECAUTIONS: Impaired Hepatic Function</linkHtml>, and <linkHtml href="#i4i_section_id_e0e94bdb-3adb-44b1-96e5-cffc058edca9">Use in the Elderly</linkHtml>).</paragraph>
               </text>
               <effectiveTime value="20101112"/>
            </section>
         </component>
         <component>
            <section ID="i4i_how_supplied_id_6a035bf6-c623-43d3-8261-ffe8f47aa571">
               <id root="95638eae-4022-4a16-819c-dd96798f76f4"/>
               <code codeSystem="2.16.840.1.113883.6.1" code="34069-5" displayName="HOW SUPPLIED SECTION"/>
               <title>HOW SUPPLIED:</title>
               <text>
                  <paragraph>Cyclobenzaprine Hydrochloride Tablets, USP are available containing 10 mg of cyclobenzaprine hydrochloride, USP.</paragraph>
                  <paragraph>The 10 mg tablets are butterscotch yellow film-coated, round, unscored tablets debossed with <content styleCode="bold">M</content> on one side of the tablet and <content styleCode="bold">751</content> on the other side. They are available as follows:</paragraph>
                  <paragraph>NDC 51079-644-20 - Unit dose blister packages of 100 (10 cards of 10 tablets each).<br/>NDC 51079-644-19 - Robot Ready blister packages of 25 (25 cards of 1 tablet each).</paragraph>
                  <paragraph>Store at 20° to 25°C (68° to 77°F). [See USP Controlled Room Temperature.]</paragraph>
                  <paragraph>Manufactured by:<br/>Mylan Pharmaceuticals Inc. <br/>Morgantown, WV 26505 U.S.A.</paragraph>
                  <paragraph>Distributed by:<br/>UDL Laboratories, Inc.<br/>Rockford, IL 61103</paragraph>
                  <paragraph>S-4590 R14<br/>11/10</paragraph>
               </text>
               <effectiveTime value="20101112"/>
            </section>
         </component>
         <component>
            <section ID="i4i_Principal_display_panel_id_801e4484-a85d-4fb2-9c38-7d6ea914c1b8">
               <id root="1c4ad893-af2e-4c04-9372-2a41aba802bb"/>
               <code codeSystem="2.16.840.1.113883.6.1" code="51945-4" displayName="PACKAGE LABEL.PRINCIPAL DISPLAY PANEL"/>
               <title>Principal Display Panel</title>
               <text>
                  <paragraph>Cyclobenzaprine Hydrochloride Tablets, USP</paragraph>
                  <paragraph>10 mg</paragraph>
                  <paragraph>10 Tablets</paragraph>
                  <renderMultiMedia referencedObject="id_76e9267d-f277-4c94-9df7-c84b1383e152"/>
               </text>
               <effectiveTime value="20130606"/>
               <component>
                  <observationMedia ID="id_76e9267d-f277-4c94-9df7-c84b1383e152">
                     <text>bag label</text>
                     <value xsi:type="ED" mediaType="image/jpeg">
                        <reference value="d3a3acdf-f8f8-4670-9b4e-731e5c87c044-02.jpg"/>
                     </value>
                  </observationMedia>
               </component>
            </section>
         </component>
      </structuredBody>
   </component>
</document>