<?xml version="1.0" encoding="UTF-8"?><?xml-stylesheet href="http://www.accessdata.fda.gov/spl/stylesheet/spl.xsl" type="text/xsl"?>
<document xmlns="urn:hl7-org:v3" xmlns:xsi="http://www.w3.org/2001/XMLSchema-instance" xsi:schemaLocation="urn:hl7-org:v3 http://www.accessdata.fda.gov/spl/schema/spl.xsd">
   <id root="9028aa46-2554-48e8-936c-6cd63bd4601a"/>
   <code code="34390-5" codeSystem="2.16.840.1.113883.6.1" displayName="HUMAN OTC DRUG LABEL"/>
   <title>Drug Facts</title>
   <effectiveTime value="20130605"/>
   <setId root="0b260a11-0b00-4bc6-bf3b-f994b594f5ef"/>
   <versionNumber value="2"/>
   <author>
      <time/>
      <assignedEntity>
         <representedOrganization>
            <id root="1.3.6.1.4.1.519.1" extension="002136794"/>
            <name>L'Oreal USA Products Inc</name>
            <assignedEntity>
               <assignedOrganization>
                  <assignedEntity>
                     <assignedOrganization>
                        <id root="1.3.6.1.4.1.519.1" extension="255080491"/>
                        <name>Cosmetica Laboratories Inc.</name>
                     </assignedOrganization>
                     <performance>
                        <actDefinition>
                           <code code="C43360" displayName="manufacture" codeSystem="2.16.840.1.113883.3.26.1.1"/>
                           <product>
                              <manufacturedProduct classCode="MANU">
                                 <manufacturedMaterialKind>
                                    <code code="49967-311" codeSystem="2.16.840.1.113883.6.69"/>
                                 </manufacturedMaterialKind>
                              </manufacturedProduct>
                           </product>
                        </actDefinition>
                     </performance>
                  </assignedEntity>
               </assignedOrganization>
            </assignedEntity>
         </representedOrganization>
      </assignedEntity>
   </author>
   <component>
      <structuredBody>
         <component>
            <section>
               <id root="1fe04a37-16a0-4549-9cea-afb1adec6b69"/>
               <code code="48780-1" codeSystem="2.16.840.1.113883.6.1" displayName="SPL product data elements section"/>
               <title/>
               <text/>
               <effectiveTime value="20130605"/>
               <subject>
                  <manufacturedProduct>
                     <manufacturedProduct>
                        <code code="49967-311" codeSystem="2.16.840.1.113883.6.69"/>
                        <name>Dermablend Cover</name>
                        <formCode code="C28944" codeSystem="2.16.840.1.113883.3.26.1.1" displayName="CREAM"/>
                        <asEntityWithGeneric>
                           <genericMedicine>
                              <name>Titanium Dioxide</name>
                           </genericMedicine>
                        </asEntityWithGeneric>
                        <ingredient classCode="ACTIB">
                           <quantity>
                              <numerator value="30" unit="mg"/>
                              <denominator value="1" unit="g"/>
                           </quantity>
                           <ingredientSubstance>
                              <code code="15FIX9V2JP" codeSystem="2.16.840.1.113883.4.9"/>
                              <name>TITANIUM DIOXIDE</name>
                              <activeMoiety>
                                 <activeMoiety>
                                    <code code="15FIX9V2JP" codeSystem="2.16.840.1.113883.4.9"/>
                                    <name>TITANIUM DIOXIDE</name>
                                 </activeMoiety>
                              </activeMoiety>
                           </ingredientSubstance>
                        </ingredient>
                        <asContent>
                           <quantity>
                              <numerator value="28" unit="g"/>
                              <denominator value="1" unit="1"/>
                           </quantity>
                           <containerPackagedProduct>
                              <code/>
                              <formCode code="C43195" displayName="JAR" codeSystem="2.16.840.1.113883.3.26.1.1"/>
                              <asContent>
                                 <quantity>
                                    <numerator value="1" unit="1"/>
                                    <denominator value="1" unit="1"/>
                                 </quantity>
                                 <containerPackagedProduct>
                                    <code code="49967-311-01" codeSystem="2.16.840.1.113883.6.69"/>
                                    <formCode code="C43182" displayName="CARTON" codeSystem="2.16.840.1.113883.3.26.1.1"/>
                                 </containerPackagedProduct>
                              </asContent>
                           </containerPackagedProduct>
                        </asContent>
                     </manufacturedProduct>
                     <subjectOf>
                        <marketingAct>
                           <code code="C53292" codeSystem="2.16.840.1.113883.3.26.1.1"/>
                           <statusCode code="active"/>
                           <effectiveTime>
                              <low value="20060101"/>
                           </effectiveTime>
                        </marketingAct>
                     </subjectOf>
                     <subjectOf>
                        <approval>
                           <id extension="part352" root="2.16.840.1.113883.3.149"/>
                           <code code="C73604" codeSystem="2.16.840.1.113883.3.26.1.1" displayName="OTC monograph not final"/>
                           <author>
                              <territorialAuthority>
                                 <territory>
                                    <code code="USA" codeSystem="2.16.840.1.113883.5.28"/>
                                 </territory>
                              </territorialAuthority>
                           </author>
                        </approval>
                     </subjectOf>
                     <consumedIn>
                        <substanceAdministration>
                           <routeCode code="C38304" codeSystem="2.16.840.1.113883.3.26.1.1" displayName="TOPICAL"/>
                        </substanceAdministration>
                     </consumedIn>
                  </manufacturedProduct>
               </subject>
            </section>
         </component>
         <component>
            <section ID="La3be645d-7f13-4e8b-b4f4-28bb738a1db7">
               <id root="97d858c7-ee3a-4883-9a06-ed9fd4ed177b"/>
               <code code="55106-9" codeSystem="2.16.840.1.113883.6.1" displayName="OTC - ACTIVE INGREDIENT SECTION"/>
               <title>Active ingredient</title>
               <text>
                  <paragraph>Titanium dioxide 3%</paragraph>
               </text>
               <effectiveTime value="20130605"/>
            </section>
         </component>
         <component>
            <section ID="L13917a38-0955-496d-987f-c6f7186612f4">
               <id root="d9ade9e9-acdc-4fd5-8632-83306a7ad0ca"/>
               <code code="55105-1" codeSystem="2.16.840.1.113883.6.1" displayName="OTC - PURPOSE SECTION"/>
               <title>Purpose</title>
               <text>
                  <paragraph>Sunscreen</paragraph>
               </text>
               <effectiveTime value="20130605"/>
            </section>
         </component>
         <component>
            <section ID="L5a26c51b-8c1c-4e9b-a2dd-999bfe96d888">
               <id root="f6372ba2-617f-46be-b83d-a3cd17caf0e4"/>
               <code code="34067-9" codeSystem="2.16.840.1.113883.6.1" displayName="INDICATIONS &amp; USAGE SECTION"/>
               <title>Uses</title>
               <text>
                  <paragraph>- helps prevent sunburn</paragraph>
                  <paragraph>- if used as directed with other sun protection measures (see Directions), decreases the risk of skin cancer and early skin aging caused by the sun</paragraph>
               </text>
               <effectiveTime value="20130605"/>
            </section>
         </component>
         <component>
            <section ID="L8463a899-648d-49e5-81cf-28b75c332fc2">
               <id root="9babd7c1-7437-4ccb-84cf-a254c40b77dc"/>
               <code code="34071-1" codeSystem="2.16.840.1.113883.6.1" displayName="WARNINGS SECTION"/>
               <title>Warnings</title>
               <text>
                  <paragraph>For external use only</paragraph>
               </text>
               <effectiveTime value="20130605"/>
            </section>
         </component>
         <component>
            <section ID="L2cd5a59d-0ff4-4e06-b785-1093238d0ea7">
               <id root="5f875433-ef52-45b6-9c64-2d31c7107aab"/>
               <code code="50570-1" codeSystem="2.16.840.1.113883.6.1" displayName="OTC - DO NOT USE SECTION"/>
               <title>Do not use</title>
               <text>
                  <paragraph>on damaged or broken skin</paragraph>
               </text>
               <effectiveTime value="20130605"/>
            </section>
         </component>
         <component>
            <section ID="L334ebafb-51c5-4726-9ab5-282205acd1a6">
               <id root="4bea9e35-8dd4-4f30-8865-a5cdee74dabc"/>
               <code code="50567-7" codeSystem="2.16.840.1.113883.6.1" displayName="OTC - WHEN USING SECTION"/>
               <title>When using this product</title>
               <text>
                  <paragraph>keep out of eyes. Rinse with water to remove.</paragraph>
               </text>
               <effectiveTime value="20130605"/>
            </section>
         </component>
         <component>
            <section ID="L8aa26a67-e5a8-4362-b4bb-061d8c6d75ee">
               <id root="ab191783-8589-465c-aab2-4986981d00c3"/>
               <code code="50566-9" codeSystem="2.16.840.1.113883.6.1" displayName="OTC - STOP USE SECTION"/>
               <title>Stop use and ask a doctor if</title>
               <text>
                  <paragraph>rash occurs</paragraph>
               </text>
               <effectiveTime value="20130605"/>
            </section>
         </component>
         <component>
            <section ID="Le61a0bfd-d1be-473b-bbfb-8dae4c4bc909">
               <id root="6ce16bbd-3b86-4da7-a149-943c0e72b735"/>
               <code code="50565-1" codeSystem="2.16.840.1.113883.6.1" displayName="OTC - KEEP OUT OF REACH OF CHILDREN SECTION"/>
               <title>Keep out of reach of children.</title>
               <text>
                  <paragraph>If swallowed, get medical help or contact a Poison Control Center right away.</paragraph>
               </text>
               <effectiveTime value="20130605"/>
            </section>
         </component>
         <component>
            <section ID="L8ecda54a-ddee-475a-a280-b8ea9922e450">
               <id root="f6a71070-5948-45c1-ad3c-95b43c6a0da5"/>
               <code code="34068-7" codeSystem="2.16.840.1.113883.6.1" displayName="DOSAGE &amp; ADMINISTRATION SECTION"/>
               <title>Directions</title>
               <text>
                  <paragraph>For sunscreen use:</paragraph>
                  <paragraph>● apply liberally 15 minutes before sun exposure</paragraph>
                  <paragraph>● reapply at least every 2 hours</paragraph>
                  <paragraph>● use a water resistant sunscreen if swimming or sweating</paragraph>
                  <paragraph>● Sun Protection Measures. Spending time in the sun increases your risk of skin cancer and early skin aging. To decrease this risk, regularly use a sunscreen with a Broad Spectrum SPF value of 15 or higher and other sun protection measures including:</paragraph>
                  <paragraph>● limit time in the sun, especially from 10 a.m. – 2 p.m.</paragraph>
                  <paragraph>● wear long-sleeved shirts, pants, hats, and sunglasses</paragraph>
                  <paragraph>● children under 6 months of age: Ask a doctor</paragraph>
               </text>
               <effectiveTime value="20130605"/>
            </section>
         </component>
         <component>
            <section ID="Lcba4adf8-e89d-4e27-a953-641857ff20ef">
               <id root="8ae2e9c4-0568-460c-a982-534da226fe1d"/>
               <code code="44425-7" codeSystem="2.16.840.1.113883.6.1" displayName="STORAGE AND HANDLING SECTION"/>
               <title>Other information</title>
               <text>
                  <paragraph>protect the product in this container from excessive heat and direct sun</paragraph>
               </text>
               <effectiveTime value="20130605"/>
            </section>
         </component>
         <component>
            <section ID="L663b68f6-c699-478e-b7f4-730047fb7368">
               <id root="6285eed3-97d7-4d16-9140-8f17b67ce3b9"/>
               <code code="51727-6" codeSystem="2.16.840.1.113883.6.1" displayName="INACTIVE INGREDIENT SECTION"/>
               <title>Inactive ingredients</title>
               <text>
                  <paragraph>mineral oil, talc, beeswax, isopropyl palmitate, stearyl stearate, kaolin, magnesium carbonate, copernicia cerifera (carnauba) wax, allantoin, microcrystalline wax, lauroyl lysine; may contain: titanium dioxide, barium sulfate, iron oxides</paragraph>
               </text>
               <effectiveTime value="20130605"/>
            </section>
         </component>
         <component>
            <section ID="Lbefc562c-2db4-46fa-8849-9b5aae59c808">
               <id root="af1aa58b-1abc-424b-b0ee-be067285806d"/>
               <code code="53413-1" codeSystem="2.16.840.1.113883.6.1" displayName="OTC - QUESTIONS SECTION"/>
               <title>Questions or comments?</title>
               <text>
                  <paragraph>1-877-900-6700</paragraph>
                  <paragraph>Monday - Friday (9 a.m. - 5 p.m. EST)</paragraph>
               </text>
               <effectiveTime value="20130605"/>
            </section>
         </component>
         <component>
            <section ID="La8d73572-4008-4fea-98ba-5fbc53d7fa38">
               <id root="6d349c29-f58f-48ad-a99a-9ae5ffa4a359"/>
               <code code="51945-4" codeSystem="2.16.840.1.113883.6.1" displayName="PACKAGE LABEL.PRINCIPAL DISPLAY PANEL"/>
               <text>
                  <paragraph>
                     <renderMultiMedia referencedObject="L09e0dce7-cdbb-4a81-b4f8-85581396be69"/>
                  </paragraph>
               </text>
               <effectiveTime value="20130605"/>
               <component>
                  <observationMedia ID="L09e0dce7-cdbb-4a81-b4f8-85581396be69">
                     <text>image of carton</text>
                     <value mediaType="image/jpeg" xsi:type="ED">
                        <reference value="DermCC.jpg"/>
                     </value>
                  </observationMedia>
               </component>
            </section>
         </component>
      </structuredBody>
   </component>
</document>