<?xml version="1.0" encoding="UTF-8"?><?xml-stylesheet href="http://www.accessdata.fda.gov/spl/stylesheet/spl.xsl" type="text/xsl"?>
<document xmlns="urn:hl7-org:v3" xmlns:xsi="http://www.w3.org/2001/XMLSchema-instance" xsi:schemaLocation="urn:hl7-org:v3 http://www.accessdata.fda.gov/spl/schema/spl.xsd">
   <id root="7c254070-c7cf-11e2-8b8b-0800200c9a66"/>
   <code code="34391-3" codeSystem="2.16.840.1.113883.6.1" displayName="HUMAN PRESCRIPTION DRUG LABEL"/>
   <title>ADRENACLICK<sup>®</sup> - (epinephrine injection, USP) auto-injector<br/>Amedra Pharmaceuticals LLC</title>
   <effectiveTime value="20130430"/>
   <setId root="ddee42e1-7e9e-4d2e-83ed-2e501b0dac25"/>
   <versionNumber value="1"/>
   <author>
      <time/>
      <assignedEntity>
         <representedOrganization>
            <id extension="961668824" root="1.3.6.1.4.1.519.1"/>
            <name>Amedra Phramaceuticals LLC</name>
         </representedOrganization>
      </assignedEntity>
   </author>
   <relatedDocument typeCode="RPLC">
      <relatedDocument>
         <id root="e9b3a1c4-7a21-4f52-bad9-ed76a41ad12a"/>
         <setId root="0db2b107-5796-447d-b438-e850092626f3"/>
         <versionNumber value="3"/>
      </relatedDocument>
   </relatedDocument>
   <component>
      <structuredBody>
         <component>
            <section ID="DLDE">
               <id root="7c254071-c7cf-11e2-8b8b-0800200c9a66"/>
               <code code="48780-1" codeSystem="2.16.840.1.113883.6.1" displayName="SPL LISTING DATA ELEMENTS SECTION"/>
               <effectiveTime value="20130430"/>
               <subject>
                  <manufacturedProduct>
                     <manufacturedProduct>
                        <code code="52054-803" codeSystem="2.16.840.1.113883.6.69"/>
                        <name>Adrenaclick</name>
                        <formCode code="C42946" codeSystem="2.16.840.1.113883.3.26.1.1" displayName="INJECTION"/>
                        <asEntityWithGeneric>
                           <genericMedicine>
                              <name>Epinephrine</name>
                           </genericMedicine>
                        </asEntityWithGeneric>
                        <ingredient classCode="ACTIB">
                           <quantity>
                              <numerator value="0.15" unit="mg"/>
                              <denominator value="0.15" unit="mL"/>
                           </quantity>
                           <ingredientSubstance>
                              <code code="YKH834O4BH" codeSystem="2.16.840.1.113883.4.9"/>
                              <name>Epinephrine</name>
                              <activeMoiety>
                                 <activeMoiety>
                                    <code code="YKH834O4BH" codeSystem="2.16.840.1.113883.4.9"/>
                                    <name>Epinephrine</name>
                                 </activeMoiety>
                              </activeMoiety>
                           </ingredientSubstance>
                        </ingredient>
                        <ingredient classCode="IACT">
                           <ingredientSubstance>
                              <code code="451W47IQ8X" codeSystem="2.16.840.1.113883.4.9"/>
                              <name>sodium chloride</name>
                           </ingredientSubstance>
                        </ingredient>
                        <ingredient classCode="IACT">
                           <ingredientSubstance>
                              <code code="HM4YQM8WRC" codeSystem="2.16.840.1.113883.4.9"/>
                              <name>chlorobutanol</name>
                           </ingredientSubstance>
                        </ingredient>
                        <ingredient classCode="IACT">
                           <ingredientSubstance>
                              <code code="TZX5469Z6I" codeSystem="2.16.840.1.113883.4.9"/>
                              <name>sodium bisulfite</name>
                           </ingredientSubstance>
                        </ingredient>
                        <asContent>
                           <quantity>
                              <numerator value="0.15" unit="mL"/>
                              <denominator value="1"/>
                           </quantity>
                           <containerPackagedProduct>
                              <code/>
                              <formCode code="C43203" codeSystem="2.16.840.1.113883.3.26.1.1" displayName="SYRINGE, GLASS"/>
                              <asContent>
                                 <quantity>
                                    <numerator value="1" unit="1"/>
                                    <denominator value="1"/>
                                 </quantity>
                                 <containerPackagedProduct>
                                    <code/>
                                    <formCode code="C43184" codeSystem="2.16.840.1.113883.3.26.1.1" displayName="CASE"/>
                                    <asContent>
                                       <quantity>
                                          <numerator value="2" unit="1"/>
                                          <denominator value="1"/>
                                       </quantity>
                                       <containerPackagedProduct>
                                          <code code="52054-803-02" codeSystem="2.16.840.1.113883.6.69"/>
                                          <formCode code="C43182" codeSystem="2.16.840.1.113883.3.26.1.1" displayName="CARTON"/>
                                       </containerPackagedProduct>
                                    </asContent>
                                 </containerPackagedProduct>
                              </asContent>
                           </containerPackagedProduct>
                        </asContent>
                     </manufacturedProduct>
                     <subjectOf>
                        <approval>
                           <id extension="NDA020800" root="2.16.840.1.113883.3.150"/>
                           <code code="C73594" codeSystem="2.16.840.1.113883.3.26.1.1" displayName="NDA"/>
                           <author>
                              <territorialAuthority>
                                 <territory>
                                    <code code="USA" codeSystem="2.16.840.1.113883.5.28"/>
                                 </territory>
                              </territorialAuthority>
                           </author>
                        </approval>
                     </subjectOf>
                     <subjectOf>
                        <marketingAct>
                           <code code="C53292" codeSystem="2.16.840.1.113883.3.26.1.1"/>
                           <statusCode code="active"/>
                           <effectiveTime>
                              <low value="20091125"/>
                           </effectiveTime>
                        </marketingAct>
                     </subjectOf>
                     <consumedIn>
                        <substanceAdministration>
                           <routeCode code="C38299" codeSystem="2.16.840.1.113883.3.26.1.1" displayName="SUBCUTANEOUS"/>
                        </substanceAdministration>
                     </consumedIn>
                  </manufacturedProduct>
               </subject>
               <subject>
                  <manufacturedProduct>
                     <manufacturedProduct>
                        <code code="52054-804" codeSystem="2.16.840.1.113883.6.69"/>
                        <name>Adrenaclick</name>
                        <formCode code="C42946" codeSystem="2.16.840.1.113883.3.26.1.1" displayName="INJECTION"/>
                        <asEntityWithGeneric>
                           <genericMedicine>
                              <name>Epinephrine</name>
                           </genericMedicine>
                        </asEntityWithGeneric>
                        <ingredient classCode="ACTIB">
                           <quantity>
                              <numerator value="0.3" unit="mg"/>
                              <denominator value="0.3" unit="mL"/>
                           </quantity>
                           <ingredientSubstance>
                              <code code="YKH834O4BH" codeSystem="2.16.840.1.113883.4.9"/>
                              <name>Epinephrine</name>
                              <activeMoiety>
                                 <activeMoiety>
                                    <code code="YKH834O4BH" codeSystem="2.16.840.1.113883.4.9"/>
                                    <name>Epinephrine</name>
                                 </activeMoiety>
                              </activeMoiety>
                           </ingredientSubstance>
                        </ingredient>
                        <ingredient classCode="IACT">
                           <ingredientSubstance>
                              <code code="451W47IQ8X" codeSystem="2.16.840.1.113883.4.9"/>
                              <name>sodium chloride</name>
                           </ingredientSubstance>
                        </ingredient>
                        <ingredient classCode="IACT">
                           <ingredientSubstance>
                              <code code="HM4YQM8WRC" codeSystem="2.16.840.1.113883.4.9"/>
                              <name>chlorobutanol</name>
                           </ingredientSubstance>
                        </ingredient>
                        <ingredient classCode="IACT">
                           <ingredientSubstance>
                              <code code="TZX5469Z6I" codeSystem="2.16.840.1.113883.4.9"/>
                              <name>sodium bisulfite</name>
                           </ingredientSubstance>
                        </ingredient>
                        <asContent>
                           <quantity>
                              <numerator value="0.3" unit="mL"/>
                              <denominator value="1"/>
                           </quantity>
                           <containerPackagedProduct>
                              <code/>
                              <formCode code="C43203" codeSystem="2.16.840.1.113883.3.26.1.1" displayName="SYRINGE, GLASS"/>
                              <asContent>
                                 <quantity>
                                    <numerator value="1" unit="1"/>
                                    <denominator value="1"/>
                                 </quantity>
                                 <containerPackagedProduct>
                                    <code/>
                                    <formCode code="C43184" codeSystem="2.16.840.1.113883.3.26.1.1" displayName="CASE"/>
                                    <asContent>
                                       <quantity>
                                          <numerator value="2" unit="1"/>
                                          <denominator value="1"/>
                                       </quantity>
                                       <containerPackagedProduct>
                                          <code code="52054-804-02" codeSystem="2.16.840.1.113883.6.69"/>
                                          <formCode code="C43182" codeSystem="2.16.840.1.113883.3.26.1.1" displayName="CARTON"/>
                                       </containerPackagedProduct>
                                    </asContent>
                                 </containerPackagedProduct>
                              </asContent>
                           </containerPackagedProduct>
                        </asContent>
                     </manufacturedProduct>
                     <subjectOf>
                        <approval>
                           <id extension="NDA020800" root="2.16.840.1.113883.3.150"/>
                           <code code="C73594" codeSystem="2.16.840.1.113883.3.26.1.1" displayName="NDA"/>
                           <author>
                              <territorialAuthority>
                                 <territory>
                                    <code code="USA" codeSystem="2.16.840.1.113883.5.28"/>
                                 </territory>
                              </territorialAuthority>
                           </author>
                        </approval>
                     </subjectOf>
                     <subjectOf>
                        <marketingAct>
                           <code code="C53292" codeSystem="2.16.840.1.113883.3.26.1.1"/>
                           <statusCode code="active"/>
                           <effectiveTime>
                              <low value="20091125"/>
                           </effectiveTime>
                        </marketingAct>
                     </subjectOf>
                     <consumedIn>
                        <substanceAdministration>
                           <routeCode code="C38299" codeSystem="2.16.840.1.113883.3.26.1.1" displayName="SUBCUTANEOUS"/>
                        </substanceAdministration>
                     </consumedIn>
                  </manufacturedProduct>
               </subject>
            </section>
         </component>
         <component>
            <section>
               <id root="7c254072-c7cf-11e2-8b8b-0800200c9a66"/>
               <code code="42229-5" codeSystem="2.16.840.1.113883.6.1" displayName="SPL UNCLASSIFIED SECTION"/>
               <title/>
               <text>
                  <paragraph>
                     <content styleCode="bold">PRESCRIBING INFORMATION</content>
                  </paragraph>
                  <paragraph>
                     <content styleCode="bold">Available as      0.15 mg     0.3 mg</content>
                  </paragraph>
                  <paragraph>each unit delivers 0.15 mg or 0.3 mg of epinephrine</paragraph>
               </text>
               <effectiveTime value="20130430"/>
            </section>
         </component>
         <component>
            <section>
               <id root="7c254073-c7cf-11e2-8b8b-0800200c9a66"/>
               <code code="34089-3" codeSystem="2.16.840.1.113883.6.1" displayName="DESCRIPTION SECTION"/>
               <title>DESCRIPTION</title>
               <text>
                  <paragraph>Adrenaclick<sup>®</sup> auto-injector contains 1.1 mL epinephrine injection, USP (1 mg/mL), from which one dose of either 0.15 mg (0.15 mL) or 0.3 mg (0.3 mL) each is available for use by injection. The dose is administered by auto-injection after the patient prepares and fires Adrenaclick<sup>®</sup> as directed. The remaining volume is not available for use and should be discarded. See PATIENT DIRECTIONS FOR USE on the accompanying Patient Information Leaflet.</paragraph>
                  <paragraph>This single, available dose of epinephrine injection, USP contains either 0.15 mg or 0.3 mg l-epinephrine, sodium chloride, chlorobutanol and sodium bisulfite, all sealed under nitrogen.</paragraph>
                  <paragraph>Epinephrine is a sympathomimetic catecholamine. Its naturally occurring l-isomer, which is twenty times as active as the d-isomer, is obtained in pure form by separation from the synthetically produced racemate.</paragraph>
                  <paragraph>Chemically, epinephrine is 1-(3,4-dihydroxyphenyl)-2-(methylamino)ethanol with the following structure:</paragraph>
                  <paragraph>
                     <renderMultiMedia referencedObject="MM1"/>
                  </paragraph>
                  <paragraph>Epinephrine deteriorates rapidly on exposure to air or light, turning pink from oxidation to adrenochrome and brown from the formation of melanin. Epinephrine solutions that show evidence of discoloration should be discarded.</paragraph>
                  <paragraph>Adrenaclick contains no latex.</paragraph>
               </text>
               <effectiveTime value="20130430"/>
               <component>
                  <observationMedia ID="MM1">
                     <text>Chemical Structure</text>
                     <value xsi:type="ED" mediaType="image/jpeg">
                        <reference value="adrenaclick-01.jpg"/>
                     </value>
                  </observationMedia>
               </component>
            </section>
         </component>
         <component>
            <section>
               <id root="7c25407e-c7cf-11e2-8b8b-0800200c9a66"/>
               <code code="34090-1" codeSystem="2.16.840.1.113883.6.1" displayName="CLINICAL PHARMACOLOGY SECTION"/>
               <title>CLINICAL PHARMACOLOGY</title>
               <text>
                  <paragraph>Epinephrine is the drug of choice for the emergency treatment of severe allergic reactions (Type I) to allergens, such as those present in certain insect venoms, foods, or drugs. It can also be used in the treatment of anaphylaxis of unknown cause (idiopathic anaphylaxis) or exercise-induced anaphylaxis. Epinephrine, when given intramuscularly or subcutaneously, has a rapid onset and short duration of action. Epinephrine acts on both alpha and beta adrenergic receptors. Through its action on alpha adrenergic receptors, epinephrine lessens the vasodilation and increased vascular permeability that occurs during an anaphylactic reaction and can lead to loss of intravascular fluid volume and hypotension. Through its action on beta adrenergic receptors, epinephrine causes bronchial smooth muscle relaxation that helps alleviate bronchospasm, wheezing, and dyspnea that may occur during anaphylaxis. Epinephrine also helps alleviate pruritus, urticaria, and angioedema, and may be effective in relieving gastrointestinal and genitourinary symptoms of anaphylaxis because of its relaxer effects on the smooth muscle of the stomach, intestine, uterus and urinary bladder.</paragraph>
               </text>
               <effectiveTime value="20130430"/>
            </section>
         </component>
         <component>
            <section ID="usage">
               <id root="7c25407f-c7cf-11e2-8b8b-0800200c9a66"/>
               <code code="34067-9" codeSystem="2.16.840.1.113883.6.1" displayName="INDICATIONS &amp; USAGE SECTION"/>
               <title>INDICATIONS AND USAGE</title>
               <text>
                  <paragraph>Adrenaclick (epinephrine injection, USP) is indicated in the emergency treatment of severe allergic reactions (Type I) including anaphylaxis to stinging insects (e.g. order Hymenoptera, which includes bees, wasps, hornets, yellow jackets and fire ants), and biting insects (e.g. triatoma, mosquitos), allergen immunotherapy, foods, drugs, diagnostic testing substances (e.g. radiocontrast media), and other allergens, as well as anaphylaxis to unknown substances (idiopathic anaphylaxis) or exercise-induced anaphylaxis. Adrenaclick is intended for immediate administration in patients with a history of anaphylactic reactions. Selection of the appropriate dosage strength is determined according to patient body weight (See <linkHtml href="#dosage">DOSAGE AND ADMINISTRATION</linkHtml> section).</paragraph>
                  <paragraph>Such reactions may occur within minutes after exposure and consist of flushing, apprehension, syncope, tachycardia, thready or unobtainable pulse associated with a fall in blood pressure, convulsions, vomiting, diarrhea and abdominal cramps, involuntary voiding, wheezing, dyspnea due to laryngeal spasm, pruritus, rashes, urticaria, or angioedema. Adrenaclick is designed as emergency supportive therapy only and is not a replacement or substitute for immediate medical care.</paragraph>
               </text>
               <effectiveTime value="20130430"/>
            </section>
         </component>
         <component>
            <section>
               <id root="7c254080-c7cf-11e2-8b8b-0800200c9a66"/>
               <code code="34070-3" codeSystem="2.16.840.1.113883.6.1" displayName="CONTRAINDICATIONS SECTION"/>
               <title>CONTRAINDICATIONS</title>
               <text>
                  <paragraph>There are no absolute contraindications to the use of epinephrine in a life-threatening allergic reaction.</paragraph>
               </text>
               <effectiveTime value="20130430"/>
            </section>
         </component>
         <component>
            <section>
               <id root="7c254081-c7cf-11e2-8b8b-0800200c9a66"/>
               <code code="34071-1" codeSystem="2.16.840.1.113883.6.1" displayName="WARNINGS SECTION"/>
               <title>WARNINGS</title>
               <text>
                  <paragraph>Adrenaclick should only be injected into the anterolateral aspect of the thigh. Accidental injection into the hands or feet may result in loss of blood flow to the affected area and should be avoided. DO NOT INJECT INTO BUTTOCK. If there is an accidental injection into these areas, advise the patient to inform the healthcare provider of the accidental injection when he/she goes to the nearest emergency room for further treatment of anaphylaxis.</paragraph>
                  <paragraph>Avoid possible inadvertent intravascular administration. Large doses or accidental intravenous injection of epinephrine may result in cerebral hemorrhage due to a sharp rise in blood pressure. DO NOT INJECT INTRAVENOUSLY. Rapidly acting vasodilators can counteract the marked pressor effects of epinephrine if there is such inadvertent administration.</paragraph>
                  <paragraph>Epinephrine is the preferred treatment for serious allergic reactions or other emergency situations even though this product contains sodium bisulfite, a sulfite that may, in other products, cause allergic-type reactions including anaphylactic symptoms or life-threatening or less severe asthmatic episodes in certain susceptible persons. The alternatives to using epinephrine in a life-threatening situation may not be satisfactory. The presence of a sulfite in this product should not deter administration of the drug for treatment of serious allergic or other emergency situations, even if the patient is sulfite-sensitive.</paragraph>
                  <paragraph>Epinephrine should be administered with caution to patients with cardiac arrhythmias, coronary artery or organic heart disease, or hypertension. In patients with coronary insufficiency or ischemic heart disease, epinephrine may precipitate or aggravate angina pectoris as well as produce ventricular arrhythmias. It should be recognized that the presence of these conditions is not a contraindication to epinephrine administration in an acute, life-threatening situation.</paragraph>
                  <paragraph>Epinephrine is light sensitive and should be stored in the carrying-case provided. Store at room temperature (20°-25°C/68°-77°F) with excursions permitted to 15°-30°C (59°-86°F). Do not refrigerate; protect from freezing. Patients should periodically check the solution in Adrenaclick for any discoloration and/or precipitates. If the solution is discolored or contains a precipitate, the patient should replace their Adrenaclick.</paragraph>
               </text>
               <effectiveTime value="20130430"/>
            </section>
         </component>
         <component>
            <section>
               <id root="7c254074-c7cf-11e2-8b8b-0800200c9a66"/>
               <code code="42232-9" codeSystem="2.16.840.1.113883.6.1" displayName="PRECAUTIONS SECTION"/>
               <title>PRECAUTIONS</title>
               <effectiveTime value="20130430"/>
               <component>
                  <section>
                     <id root="7c254082-c7cf-11e2-8b8b-0800200c9a66"/>
                     <code code="34072-9" codeSystem="2.16.840.1.113883.6.1" displayName="GENERAL PRECAUTIONS SECTION"/>
                     <title>(1) General</title>
                     <text>
                        <paragraph>Adrenaclick is not intended as a substitute for immediate medical care. In conjunction with the administration of epinephrine, the patient should seek appropriate medical care. More than two sequential doses of epinephrine should only be administered under direct medical supervision.</paragraph>
                        <paragraph>Epinephrine is essential for the treatment of anaphylaxis. Patients with a history of severe allergic reactions should be instructed about the circumstances under which epinephrine should be used (See <linkHtml href="#usage">INDICATIONS AND USAGE</linkHtml> Section). It should be determined that the patient is at risk of future anaphylaxis, since there are some concerns in specific patients with epinephrine administration. (a) Epinephrine should be used with caution in patients with cardiac arrhythmias, coronary artery or organic heart disease, hypertension, or in patients who are on medications that may sensitize the heart to arrhythmias, e.g., digitalis, diuretics, or anti-arrhythmics. In such patients, epinephrine may precipitate or aggravate angina pectoris as well as produce ventricular arrhythmias. (b) The effects of epinephrine may be potentiated by tricyclic antidepressants and monoamine oxidase inhibitors. (c) Some patients may be at greater risk of developing adverse reactions after epinephrine administration. These include patients with hyperthyroidism, cardiovascular disease, hypertension, diabetes, and elderly individuals, and pregnant women. It must be noted that, despite these concerns, epinephrine is essential for the treatment of anaphylaxis. Therefore, patients with these conditions, or any other person who might be in a position to administer epinephrine to a patient with these conditions experiencing anaphylaxis, should be instructed about the circumstances under which epinephrine should be used.</paragraph>
                     </text>
                     <effectiveTime value="20130430"/>
                  </section>
               </component>
               <component>
                  <section>
                     <id root="7c254083-c7cf-11e2-8b8b-0800200c9a66"/>
                     <code code="34076-0" codeSystem="2.16.840.1.113883.6.1" displayName="INFORMATION FOR PATIENTS SECTION"/>
                     <title>(2) Information for Patients</title>
                     <text>
                        <paragraph>Complete patient information, including dosage, directions for proper administration, and precautions, can be found inside each Adrenaclick package within the Patient Information Leaflet.</paragraph>
                        <paragraph>Epinephrine may produce symptoms and signs that include an increase in pulse rate, the sensation of a more forceful heartbeat, palpitations, a throbbing headache, pallor, feelings of overstimulation, anxiety, weakness, shakiness, dizziness, or nausea. These signs and symptoms usually subside rapidly, especially with rest, quiet, and recumbency. Patients with hypertension or hyperthyroidism may develop more severe or persistent effects, and patients with coronary artery disease could experience angina. Patients with diabetes may develop increased blood glucose levels following epinephrine administration. Patients with Parkinson's disease may notice a temporary worsening of symptoms.</paragraph>
                     </text>
                     <effectiveTime value="20130430"/>
                  </section>
               </component>
               <component>
                  <section ID="DI">
                     <id root="7c254075-c7cf-11e2-8b8b-0800200c9a66"/>
                     <code code="34073-7" codeSystem="2.16.840.1.113883.6.1" displayName="DRUG INTERACTIONS SECTION"/>
                     <title>(3) Drug Interactions</title>
                     <text>
                        <paragraph>Patients who receive epinephrine while concomitantly taking cardiac glycosides or diuretics should be observed carefully for the development of cardiac arrhythmias.</paragraph>
                        <paragraph>The effects of epinephrine may be potentiated by tricyclic antidepressants, monoamine oxidase inhibitors, sodium levothyroxine, and certain antihistamines, notably chlorpheniramine, tripelennamine, and diphenhydramine.</paragraph>
                        <paragraph>The cardiostimulating and bronchodilating effects of epinephrine are antagonized by beta-adrenergic blocking drugs, such as propranolol. The vasoconstricting and hypertensive effects are antagonized by alpha-adrenergic blocking drugs, such as phentolamine. Ergot alkaloids and phenothiazines may also reverse the pressor effects of epinephrine.</paragraph>
                     </text>
                     <effectiveTime value="20130430"/>
                  </section>
               </component>
               <component>
                  <section>
                     <id root="7c254084-c7cf-11e2-8b8b-0800200c9a66"/>
                     <code code="34083-6" codeSystem="2.16.840.1.113883.6.1" displayName="CARCINOGENESIS &amp; MUTAGENESIS &amp; IMPAIRMENT OF FERTILITY SECTION"/>
                     <title>(4) Carcinogenesis, Mutagenesis, Impairment of Fertility</title>
                     <text>
                        <paragraph>There are no data from either animal or human studies regarding the carcinogenicity or mutagenicity of epinephrine, and no studies have been conducted to determine its potential for the impairment of fertility. This should not prevent the use of epinephrine under the conditions noted under <linkHtml href="#usage">INDICATIONS AND USAGE</linkHtml> section.</paragraph>
                     </text>
                     <effectiveTime value="20130430"/>
                  </section>
               </component>
               <component>
                  <section>
                     <id root="7c254076-c7cf-11e2-8b8b-0800200c9a66"/>
                     <code code="42228-7" codeSystem="2.16.840.1.113883.6.1" displayName="PREGNANCY SECTION"/>
                     <title>(5) Pregnancy</title>
                     <text>
                        <paragraph>Pregnancy Category C.<br/>Epinephrine has been shown to have developmental effects in rabbits at a subcutaneous dose of 1.2 mg/kg (approximately 30 times the maximum recommended daily subcutaneous or intramuscular dose on a mg/m<sup>2</sup> basis), in mice at a subcutaneous dose of 1 mg/kg (approximately 7 times the maximum recommended daily subcutaneous or intramuscular dose on a mg/m<sup>2</sup> basis), and in hamsters at a subcutaneous dose of 0.5 mg/kg (approximately 5 times the maximum recommended daily subcutaneous or intramuscular dose on a mg/m<sup>2</sup> basis). These effects were not seen in mice at a subcutaneous dose of 0.5 mg/kg (approximately 3 times the maximum recommended daily subcutaneous or intramuscular dose on a mg/m<sup>2</sup> basis). Although there are no adequate and well-controlled studies in pregnant women, epinephrine crosses the placenta and could lead to fetal anoxia, spontaneous abortion or both. Therefore, epinephrine should be used in pregnancy only if the potential benefit justifies the potential risk to the fetus.</paragraph>
                     </text>
                     <effectiveTime value="20130430"/>
                  </section>
               </component>
            </section>
         </component>
         <component>
            <section>
               <id root="7c254085-c7cf-11e2-8b8b-0800200c9a66"/>
               <code code="34084-4" codeSystem="2.16.840.1.113883.6.1" displayName="ADVERSE REACTIONS SECTION"/>
               <title>ADVERSE REACTIONS</title>
               <text>
                  <paragraph>Adverse reactions to epinephrine include transient, moderate anxiety; apprehensiveness; restlessness; tremor; weakness; dizziness; sweating; palpitations; pallor; nausea and vomiting; headache, and/or respiratory difficulties. These symptoms occur in some persons receiving therapeutic doses of epinephrine, but are more likely to occur in patients with hypertension or hyperthyroidism. Large doses of epinephrine can cause acute hypertension. Arrhythmias, including fatal ventricular fibrillation, have been reported, particularly in patients with underlying cardiac disease or those receiving certain drugs [see <linkHtml href="#DI">(3) Drug Interactions</linkHtml>]. Rapid rises in blood pressure have produced cerebral hemorrhage, particularly in elderly patients with cardiovascular disease. Angina may occur in patients with coronary artery disease. The potential for epinephrine to produce these types of adverse reactions does not contraindicate its use in an acute, life-threatening allergic reaction.</paragraph>
               </text>
               <effectiveTime value="20130430"/>
            </section>
         </component>
         <component>
            <section>
               <id root="7c254086-c7cf-11e2-8b8b-0800200c9a66"/>
               <code code="34088-5" codeSystem="2.16.840.1.113883.6.1" displayName="OVERDOSAGE SECTION"/>
               <title>OVERDOSAGE</title>
               <text>
                  <paragraph>Epinephrine is rapidly inactivated in the body, and treatment following overdose with epinephrine is primarily supportive. If necessary, pressor effects may be counteracted by rapidly acting vasodilators or alpha-adrenergic blocking drugs. If prolonged hypotension follows such measures, it may be necessary to administer another pressor drug.</paragraph>
                  <paragraph>Overdosage of epinephrine may produce extremely elevated arterial pressure, which may result in cerebrovascular hemorrhage, particularly in elderly patients.</paragraph>
                  <paragraph>If an epinephrine overdose induces pulmonary edema that interferes with respiration, treatment consists of a rapidly acting alpha-adrenergic blocking drug and/or respiratory support.</paragraph>
                  <paragraph>Epinephrine overdosage can also cause transient bradycardia followed by tachycardia, and these may be accompanied by potentially fatal cardiac arrhythmias. Premature ventricular contractions may appear within one minute after injection and may be followed by multifocal ventricular tachycardia (prefibrillation rhythm). Subsidence of the ventricular effects may be followed by atrial tachycardia and occasionally by atrioventricular block. Treatment of arrhythmias consists of administration of a beta-adrenergic blocking drug such as propranolol.</paragraph>
                  <paragraph>Overdosage sometimes results in extreme pallor and coldness of the skin, metabolic acidosis, and kidney failure. Suitable corrective measures must be taken in such situations.</paragraph>
               </text>
               <effectiveTime value="20130430"/>
            </section>
         </component>
         <component>
            <section ID="dosage">
               <id root="7c254077-c7cf-11e2-8b8b-0800200c9a66"/>
               <code code="34068-7" codeSystem="2.16.840.1.113883.6.1" displayName="DOSAGE &amp; ADMINISTRATION SECTION"/>
               <title>DOSAGE AND ADMINISTRATION</title>
               <text>
                  <paragraph>The physician who prescribes Adrenaclick<sup>®</sup> should review this Prescribing Information insert in detail with the patient. This review should include the proper use of Adrenaclick to ensure that subcutaneous or intramuscular injections are given into the anterolateral aspect of the thigh, through clothing if necessary. The accompanying Patient Information Leaflet and Wrap Label should also be reviewed with the patient.</paragraph>
                  <paragraph>Adrenaclick is capable of delivering one dose of either 0.15 mg or 0.3 mg (0.15 mL or 0.3 mL) of epinephrine. This dose is available for auto-injection by the patient.</paragraph>
                  <paragraph>Selection of the appropriate Adrenaclick dosage strength is determined according to patient body weight.</paragraph>
                  <table width="100%">
                     <col width="20%" align="left" valign="top"/>
                     <col width="80%" align="left" valign="top"/>
                     <tbody>
                        <tr styleCode="Toprule">
                           <td>Adrenaclick 0.15 mg</td>
                           <td>For use by patients who weigh 15 - 30 kilograms (approximately 33 - 66 pounds)</td>
                        </tr>
                        <tr styleCode="Botrule">
                           <td>Adrenaclick 0.3 mg</td>
                           <td>For use by patients who weigh 30 kilograms (approximately 66 pounds) or greater</td>
                        </tr>
                     </tbody>
                  </table>
                  <paragraph>The usual dose of epinephrine for allergic emergencies in patients who weigh 30 kilograms or greater is 0.3 mg (0.3 mL) of epinephrine.</paragraph>
                  <paragraph>Since the doses of epinephrine delivered from Adrenaclick are fixed, the physician should consider other forms of injectable epinephrine if doses lower than those available from Adrenaclick are felt to be necessary. The prescribing physician should carefully assess each patient to determine the most appropriate dose of epinephrine, recognizing the life-threatening nature of the reactions for which this drug is being prescribed.</paragraph>
                  <paragraph>Patients should be instructed to periodically visually inspect the epinephrine solution for particulate matter and discoloration. If the solution contains particulate matter or develops a pinkish color or becomes darker than slightly yellow, the patient should immediately contact their physician for a replacement, since these changes indicate that the effectiveness of the drug product may be decreased.</paragraph>
               </text>
               <effectiveTime value="20130430"/>
            </section>
         </component>
         <component>
            <section>
               <id root="7c254078-c7cf-11e2-8b8b-0800200c9a66"/>
               <code code="34069-5" codeSystem="2.16.840.1.113883.6.1" displayName="HOW SUPPLIED SECTION"/>
               <title>HOW SUPPLIED</title>
               <text>
                  <paragraph>Adrenaclick is a patient (or caregiver) actuated product that contains 1.1 mL of epinephrine injection, USP (1 mg/mL), of which one dose can be delivered by auto-injection. THE REMAINING VOLUME THAT IS LEFT AFTER THIS FIXED DOSE CANNOT BE FURTHER ADMINISTERED AND SHOULD BE DISCARDED WITH THE DEVICE AS OUTLINED IN THE PATIENT INFORMATION LEAFLET.<br/>Adrenaclick 0.15 mg is available in a Two-Pack carton, NDC 52054-803-02, containing two Adrenaclick 0.15 mg auto-injectors.<br/>Adrenaclick 0.3 mg is available in Two-Pack carton, NDC 52054-804-02, containing two Adrenaclick 0.3 mg auto-injectors.</paragraph>
               </text>
               <effectiveTime value="20130430"/>
               <component>
                  <section>
                     <id root="7c254087-c7cf-11e2-8b8b-0800200c9a66"/>
                     <code code="44425-7" codeSystem="2.16.840.1.113883.6.1" displayName="STORAGE AND HANDLING SECTION"/>
                     <title/>
                     <text>
                        <paragraph>
                           <content styleCode="bold">PROTECT FROM LIGHT. STORE AT ROOM TEMPERATURE, 20°-25°C (68°-77°F) WITH EXCURSIONS PERMITTED TO 15°-30°C (59°-86°F). PROTECT FROM FREEZING. DO NOT REFRIGERATE.</content>
                        </paragraph>
                     </text>
                     <effectiveTime value="20130430"/>
                  </section>
               </component>
            </section>
         </component>
         <component>
            <section>
               <id root="7c254088-c7cf-11e2-8b8b-0800200c9a66"/>
               <code code="42229-5" codeSystem="2.16.840.1.113883.6.1" displayName="SPL UNCLASSIFIED SECTION"/>
               <title/>
               <text>
                  <paragraph>
                     <content styleCode="bold">Rx only.</content>
                  </paragraph>
               </text>
               <effectiveTime value="20130430"/>
            </section>
         </component>
         <component>
            <section>
               <id root="7c254079-c7cf-11e2-8b8b-0800200c9a66"/>
               <code code="42229-5" codeSystem="2.16.840.1.113883.6.1" displayName="SPL UNCLASSIFIED SECTION"/>
               <title/>
               <text>
                  <paragraph>Manufactured for and Distributed by: Amedra Pharmaceuticals LLC, Horsham, PA  19044</paragraph>
                  <paragraph>© 2013 Amedra Pharmaceuticals LLC, Horsham, PA. All rights reserved. This product and the use thereof is proprietary and protected under one or more of United States Patents 5,358,489; 5,540,664; 5,833,669; 5,665,071; 5,695,472; 7,297,136; 7,905,352; 7,621,891; 7,927,303; 7,931,618; 8,187,224; and/or related patents in countries other than the U.S.</paragraph>
                  <paragraph>Printed in USA<br/>For inquiries call 1-888-894-6528<br/>51006-04<br/>Revised April, 2013</paragraph>
               </text>
               <effectiveTime value="20130430"/>
            </section>
         </component>
         <component>
            <section>
               <id root="7c25407a-c7cf-11e2-8b8b-0800200c9a66"/>
               <code code="42230-3" codeSystem="2.16.840.1.113883.6.1" displayName="SPL PATIENT PACKAGE INSERT SECTION"/>
               <text>
                  <paragraph> </paragraph>
                  <paragraph>
                     <content styleCode="bold">Patient Information</content>
                     <br/>
                     <content styleCode="bold">ADRENACLICK</content>
                     <sup>®</sup>
                     <br/>(epinephrine injection, USP) auto-injector<br/>
                     <content styleCode="bold">Available as 0.15 mg 0.3 mg</content>
                  </paragraph>
                  <paragraph>The patient, and caregiver, if possible, should read this information carefully before using Adrenaclick<sup>®</sup> (a-dren-a-click). You must know how to use Adrenaclick before you have an emergency. This information contains additional details beyond the quick-reference instructions on the Adrenaclick label. This information does not replace talking with your doctor about your medical condition or your treatment.</paragraph>
                  <paragraph>
                     <content styleCode="bold">What is the most important information I should know about Adrenaclick?<br/>Use Adrenaclick and go to your doctor or emergency room right away for more medical treatment.</content>
                  </paragraph>
                  <list>
                     <item>Epinephrine, the active ingredient in Adrenaclick helps treat life-threatening allergic reactions.</item>
                     <item>Make sure to tell your doctor about all your medical conditions and allergies.</item>
                     <item>Always get medical treatment right away after using Adrenaclick.</item>
                  </list>
                  <paragraph>
                     <content styleCode="bold">Since you cannot predict when a life-threatening allergic reaction will occur, carry Adrenaclick with you at all times.</content>
                     <br/>Look at the medicine in your Adrenaclick regularly. If it looks cloudy (has particles in it), is discolored, or if the expiration date has passed, the Adrenaclick should be replaced.<br/>After administration, liquid will remain in the auto-injector that can't be used and should be discarded with the auto-injector as outlined in this Patient Information Leaflet.
                  </paragraph>
                  <paragraph>
                     <content styleCode="bold">What is Adrenaclick?</content>
                     <br/>Adrenaclick is an emergency injection ("shot") of epinephrine. It is a medicine used for life-threatening allergic reactions such as severe swelling, breathing problems, or loss of blood pressure. Allergic reactions can be caused by stinging and biting insects (bugs), allergy injections, food, medicines, exercise, or unknown causes.<br/>Life-threatening allergic reactions may show up as closing of your breathing airways, wheezing, sneezing, hoarseness, hives, itching, swelling, skin redness, fast heartbeat, weak pulse, feeling very anxious, confusion, stomach pain, losing control of urine or bowel movements (incontinence), faintness, or "passing out" (unconsciousness).
                  </paragraph>
                  <list>
                     <item>Adrenaclick 0.15mg is for patients who weigh 33-66 pounds (15-30 kg).</item>
                     <item>Adrenaclick 0.3mg is for patients who weigh 66 pounds (30 kg) or greater.</item>
                     <item>Use of Adrenaclick must be followed by emergency medical care.</item>
                     <item>Each Adrenaclick unit contains a single dose of epinephrine.</item>
                  </list>
                  <paragraph>
                     <content styleCode="bold">Who should not use Adrenaclick?</content>
                  </paragraph>
                  <paragraph>There are no absolute contraindications to the use of Adrenaclick in a life-threatening allergic reaction. People with certain medical conditions have a higher chance of getting serious side effects from Adrenaclick.<br/>
                     <content styleCode="bold">Tell your doctor about all your medical conditions, but especially if you:</content>
                  </paragraph>
                  <list>
                     <item>
                        <content styleCode="bold">have heart disease or high blood pressure</content>
                     </item>
                     <item>
                        <content styleCode="bold">have diabetes</content>
                     </item>
                     <item>
                        <content styleCode="bold">have thyroid conditions</content>
                     </item>
                     <item>
                        <content styleCode="bold">have asthma</content>
                     </item>
                     <item>
                        <content styleCode="bold">have depression or other mental disease</content>
                     </item>
                     <item>
                        <content styleCode="bold">have Parkinson's disease</content>
                     </item>
                     <item>
                        <content styleCode="bold">are pregnant</content>
                     </item>
                     <item>
                        <content styleCode="bold">are allergic to any of the ingredients in Adrenaclick</content>
                     </item>
                  </list>
                  <paragraph>
                     <content styleCode="bold">Tell your doctor about all the medicines you take, including prescription and non-prescription medicines, vitamins and herbal supplements.</content> Some medicines may cause serious side effects if taken while you use Adrenaclick. Some medicines may affect how Adrenaclick works, or Adrenaclick may affect how your other medicines work. Diabetic patients may need to adjust the dose of their diabetes medicines or insulin after using Adrenaclick.</paragraph>
                  <paragraph>
                     <content styleCode="bold">How should I use Adrenaclick?</content>
                  </paragraph>
                  <list>
                     <item>
                        <content styleCode="bold">Do NOT remove the gray caps until you are ready to use.</content>
                     </item>
                     <item>
                        <content styleCode="bold">Never put thumb, fingers, or hand over the red tip.</content> The needle comes out of the red tip. Accidental injection into hand or feet may result in the loss of blood flow to these areas. If this happens, go immediately to the nearest emergency room.</item>
                     <item>Inject Adrenaclick only into the middle of the outer side of your thigh (upper leg).</item>
                     <item>Hold Adrenaclick in the thigh while slowly counting to 10 to make sure all medicine is delivered.</item>
                     <item>Additional video instructions on the use of Adrenaclick are available at www.adrenaclick.com.</item>
                  </list>
                  <paragraph>
                     <content styleCode="bold">What should I avoid while using Adrenaclick?</content>
                  </paragraph>
                  <list>
                     <item>Avoid injecting Adrenaclick into your buttock or any other part of your body, other than the middle of the outer side of your thigh (upper leg).</item>
                     <item>Avoid injecting Adrenaclick into a vein.</item>
                  </list>
                  <paragraph>
                     <content styleCode="bold">What are the possible side effects of Adrenaclick?<br/>Too much epinephrine (Adrenaclick) can cause dangerously high blood pressure, stroke, or death.
                        <br/>If you take certain medicines, you may develop serious life-threatening side effects from the epinephrine in Adrenaclick.</content> Be sure to tell your doctor about all the medicines you take, especially medicines for asthma.
                     <br/>Patients with certain medical conditions, or who take certain medicines, may get more side effects from Adrenaclick, or the side effects may last longer. This includes patients who take certain types of medicines for asthma, allergies, depression, hyperthyroidism, high blood pressure, and heart disease. Patients with heart disease may feel chest pain (angina). Patients with mental disease or Parkinson's disease may have worsening symptoms of their illness. Adrenaclick (epinephrine) can cause the following reactions. Some reactions can be serious. They usually go away with rest.
                  <br/>Common side effects of Adrenaclick include:</paragraph>
                  <list>
                     <item>faster, irregular (wrong) or 'pounding' heartbeat</item>
                     <item>throbbing headache</item>
                     <item>paleness</item>
                     <item>feelings of over excitement, anxiety, or fear</item>
                     <item>weakness or shakiness</item>
                     <item>dizziness</item>
                     <item>nausea and vomiting</item>
                     <item>sweating</item>
                  </list>
                  <paragraph>These are not all the possible side effects of Adrenaclick. For more information, ask your doctor or pharmacist.</paragraph>
                  <paragraph>
                     <content styleCode="bold">How should I store Adrenaclick?</content>
                     <br/>The medicine in Adrenaclick can be damaged by light. Therefore, keep it in the protective carrying case provided. Keep it at room temperature and protect it from freezing. Do not refrigerate.
                     <br/>Keep Adrenaclick with you at all times.<br/>Check your Adrenaclick regularly to be sure:</paragraph>
                  <list>
                     <item>it has not expired</item>
                     <item>the medicine in Adrenaclick is not cloudy, discolored, or has particles in it.</item>
                  </list>
                  <paragraph>Replace the Adrenaclick if needed.</paragraph>
                  <paragraph>
                     <content styleCode="bold">General information about the safe and effective use of Adrenaclick.</content>
                     <br/>Medicines are sometimes prescribed for conditions that are not mentioned in patient information leaflets. Do not use Adrenaclick for a condition for which it was not prescribed. Do not give Adrenaclick to other people, even if they have the same symptoms you have. It may harm them.
                     <br/>This leaflet summarizes the most important information about Adrenaclick. If you would like more information, talk with your doctor. You can ask your pharmacist or doctor for information about Adrenaclick that is written for health professionals.
                  </paragraph>
                  <paragraph>© 2013 Amedra Pharmaceuticals LLC, Horsham, PA. All rights reserved.
                  <br/>This product and the use thereof is proprietary and protected under one or more of United States Patents 5,358,489; 5,540,664; 5,833,669; 5,665,071; 5,695,472; 7,297,136; 7,905,352; 7,621,891; 7,927,303; 7,931,618; 8,187,224; and/or related patents in countries other than the U.S.
                   <br/>
                     <content styleCode="bold">Rx</content> only</paragraph>
                  <paragraph>Manufactured for and Distributed by:<br/>
                     Amedra Pharmaceuticals LLC
                     <br/>Horsham, PA  19044 </paragraph>
                  <paragraph>Printed in U.S.A.<br/>51007-04<br/>Revised April, 2013</paragraph>
               </text>
               <effectiveTime value="20130430"/>
            </section>
         </component>
         <component>
            <section>
               <id root="7c25407b-c7cf-11e2-8b8b-0800200c9a66"/>
               <code code="42230-3" codeSystem="2.16.840.1.113883.6.1" displayName="SPL PATIENT PACKAGE INSERT SECTION"/>
               <title>PATIENT PACKAGE INSERT</title>
               <text>
                  <paragraph>
                     <content styleCode="bold">ADRENACLICK</content>
                     <sup>®</sup>
                     <br/>(epinephrine injection, USP) auto-injector<br/>Available as 0.15 mg    0.3 mg</paragraph>
                  <paragraph>
                     <content styleCode="bold">Patient Directions for Use</content>
                     <br/>Before Use Make Sure Medicine Is Ready When You Need It
                     <br/>Look at the medicine in the Adrenaclick regularly. If it looks cloudy, is discolored, has particles in it, or if the expiration date has passed, the Adrenaclick should be replaced.
                  </paragraph>
                  <table width="100%">
                     <col width="30%" align="left" valign="top"/>
                     <col width="70%" align="left" valign="top"/>
                     <tbody>
                        <tr styleCode="Toprule Botrule">
                           <td>
                              <content styleCode="bold">Do <content styleCode="underline">NOT</content> remove GRAY caps until you are ready to use the Adrenaclick.</content>
                           </td>
                           <td>
                              <paragraph>
                                 <renderMultiMedia referencedObject="MM2"/>
                              </paragraph>
                           </td>
                        </tr>
                     </tbody>
                  </table>
                  <paragraph>The following instructions should be followed for both Adrenaclick 0.15mg and Adrenaclick 0.3mg. Additional video instructions on the use of Adrenaclick are available at www.adrenaclick.com.</paragraph>
                  <paragraph>
                     <content styleCode="bold">STEP A</content>
                  </paragraph>
                  <list>
                     <item>Pull off <content styleCode="bold">GRAY</content> end cap with the <content styleCode="bold">[1]</content>; you will now see a <content styleCode="bold">RED</content> tip. Never put thumb, finger, or hand over the <content styleCode="bold">RED</content> tip.</item>
                     <item>Pull off <content styleCode="bold">GRAY</content> end cap with <content styleCode="bold">[2]</content>.</item>
                  </list>
                  <renderMultiMedia referencedObject="MM3"/>
                  <paragraph>
                     <content styleCode="bold">STEP B</content>
                  </paragraph>
                  <list>
                     <item>Put the <content styleCode="bold">RED</content> tip against the middle of the outer side of your thigh (upper leg) as shown. It can go through clothes.<br/>
                        <renderMultiMedia referencedObject="MM4"/>
                     </item>
                     <item>Press down hard until the needle enters your thigh (upper leg) through your skin. Hold it in place while slowly counting to 10.</item>
                     <item>Remove the Adrenaclick from your thigh.</item>
                     <item>Check the <content styleCode="bold">RED</content> tip. If the needle is exposed you received the dose. If needle is not visible, repeat Step B.</item>
                  </list>
                  <paragraph>
                     <content styleCode="bold">Get emergency medical help right away. <br/>Call 911</content>
                  </paragraph>
                  <paragraph>
                     <content styleCode="bold">AFTER USE/DISPOSAL</content>
                  </paragraph>
                  <list>
                     <item>The remaining liquid that is left after this fixed dose cannot be further administered and should be discarded.<br/>
                        <renderMultiMedia referencedObject="MM5"/>
                     </item>
                     <item>Put the auto-injector, <content styleCode="underline">needle first</content>, into the carrying case.</item>
                     <item>Put the light gray case top over the non-needle end of the Adrenaclick unit and close the case.</item>
                     <item>Give your used Adrenaclick to a healthcare worker for proper disposal. Do NOT throw away in a regular trash can.</item>
                  </list>
               </text>
               <effectiveTime value="20130430"/>
               <component>
                  <observationMedia ID="MM2">
                     <text>PRINCIPAL DISPLAY PANEL</text>
                     <value xsi:type="ED" mediaType="image/jpeg">
                        <reference value="adrenaclick-02.jpg"/>
                     </value>
                  </observationMedia>
               </component>
               <component>
                  <observationMedia ID="MM3">
                     <text>PRINCIPAL DISPLAY PANEL</text>
                     <value xsi:type="ED" mediaType="image/jpeg">
                        <reference value="adrenaclick-03.jpg"/>
                     </value>
                  </observationMedia>
               </component>
               <component>
                  <observationMedia ID="MM4">
                     <text>PRINCIPAL DISPLAY PANEL</text>
                     <value xsi:type="ED" mediaType="image/jpeg">
                        <reference value="adrenaclick-04.jpg"/>
                     </value>
                  </observationMedia>
               </component>
               <component>
                  <observationMedia ID="MM5">
                     <text>PRINCIPAL DISPLAY PANEL</text>
                     <value xsi:type="ED" mediaType="image/jpeg">
                        <reference value="adrenaclick-05.jpg"/>
                     </value>
                  </observationMedia>
               </component>
            </section>
         </component>
         <component>
            <section>
               <id root="7c25407c-c7cf-11e2-8b8b-0800200c9a66"/>
               <code code="51945-4" codeSystem="2.16.840.1.113883.6.1" displayName="PACKAGE LABEL.PRINCIPAL DISPLAY PANEL"/>
               <title>PRINCIPAL DISPLAY PANEL - 0.15 MG CARTON</title>
               <text>
                  <paragraph>
                     <content styleCode="bold">Rx Only</content>
                  </paragraph>
                  <paragraph>Contains TWO Adrenaclick<sup>®</sup> 0.15 mg Auto-Injectors</paragraph>
                  <paragraph>
                     <content styleCode="bold">Two-Pack</content>
                     <br/>NDC 52054-803-02</paragraph>
                  <paragraph>
                     <content styleCode="bold">ADRENACLICK<sup>®</sup>
                     </content>
                     <br/>(epinephrine injection, USP) auto-injector<br/>
                     <content styleCode="bold">0.15 mg</content>
                  </paragraph>
                  <paragraph>
                     <content styleCode="bold">For Subcutaneous or<br/>Intramuscular Use Only</content>
                  </paragraph>
                  <paragraph>
                     <content styleCode="bold">For Allergic Emergencies (Anaphylaxis)</content>
                  </paragraph>
                  <paragraph>Distributed by:<br/>Amedra Pharmaceuticals LLC<br/>Horsham, PA  19044</paragraph>
                  <renderMultiMedia referencedObject="MM6"/>
               </text>
               <effectiveTime value="20130430"/>
               <component>
                  <observationMedia ID="MM6">
                     <text>PRINCIPAL DISPLAY PANEL - 0.15 mg Carton</text>
                     <value xsi:type="ED" mediaType="image/jpeg">
                        <reference value="adrenaclick-06.jpg"/>
                     </value>
                  </observationMedia>
               </component>
            </section>
         </component>
         <component>
            <section>
               <id root="7c25407d-c7cf-11e2-8b8b-0800200c9a66"/>
               <code code="51945-4" codeSystem="2.16.840.1.113883.6.1" displayName="PACKAGE LABEL.PRINCIPAL DISPLAY PANEL"/>
               <title>PRINCIPAL DISPLAY PANEL - 0.3 MG CARTON</title>
               <text>
                  <paragraph>
                     <content styleCode="bold">Rx Only</content>
                  </paragraph>
                  <paragraph>Contains TWO Adrenaclick<sup>®</sup> 0.3 mg Auto-Injectors</paragraph>
                  <paragraph>
                     <content styleCode="bold">Two-Pack</content>
                     <br/>NDC 52054-804-02</paragraph>
                  <paragraph>
                     <content styleCode="bold">ADRENACLICK<sup>®</sup>
                     </content>
                     <br/>(epinephrine injection, USP) auto-injector<br/>
                     <content styleCode="bold">0.3 mg</content>
                  </paragraph>
                  <paragraph>
                     <content styleCode="bold">For Subcutaneous or<br/>Intramuscular Use Only</content>
                  </paragraph>
                  <paragraph>
                     <content styleCode="bold">For Allergic Emergencies (Anaphylaxis)</content>
                  </paragraph>
                  <paragraph>
                     <content styleCode="bold"/>
                  </paragraph>
                  <paragraph>Distributed by:<br/>Amedra Pharmaceuticals LLC<br/>Horsham, PA  19044</paragraph>
                  <renderMultiMedia referencedObject="MM7"/>
                  <paragraph>Revised: 04/2013                                        
                                                             
                                                                  Distributed by: Amedra Pharmaceuticals LLC</paragraph>
               </text>
               <effectiveTime value="20130430"/>
               <component>
                  <observationMedia ID="MM7">
                     <text>PRINCIPAL DISPLAY PANEL - 0.3 mg Carton</text>
                     <value xsi:type="ED" mediaType="image/jpeg">
                        <reference value="adrenaclick-07.jpg"/>
                     </value>
                  </observationMedia>
               </component>
            </section>
         </component>
      </structuredBody>
   </component>
</document>