<?xml version="1.0" encoding="UTF-8"?><?xml-stylesheet href="http://www.accessdata.fda.gov/spl/stylesheet/spl.xsl" type="text/xsl"?>
<document xmlns="urn:hl7-org:v3" xmlns:xsi="http://www.w3.org/2001/XMLSchema-instance" xsi:schemaLocation="urn:hl7-org:v3 http://www.accessdata.fda.gov/spl/schema/spl.xsd">
   <id root="ee845b94-1461-44e8-884d-1d50de79e51b"/>
   <code code="34390-5" codeSystem="2.16.840.1.113883.6.1" displayName="HUMAN OTC DRUG LABEL"/>
   <title>Drug Facts</title>
   <effectiveTime value="20130606"/>
   <setId root="1b739ef9-d416-45c0-975e-6ab499eb0067"/>
   <versionNumber value="1"/>
   <author>
      <time/>
      <assignedEntity>
         <representedOrganization>
            <id extension="006959555" root="1.3.6.1.4.1.519.1"/>
            <name>Meijer Distribution Inc.  </name>
         </representedOrganization>
      </assignedEntity>
   </author>
   <component>
      <structuredBody>
         <component>
            <section>
               <id root="0999a3fe-046b-4968-990d-9a5e875826f0"/>
               <code code="48780-1" codeSystem="2.16.840.1.113883.6.1" displayName="SPL listing data elements section"/>
               <effectiveTime value="20130606"/>
               <subject>
                  <manufacturedProduct>
                     <manufacturedProduct>
                        <code code="41250-055" codeSystem="2.16.840.1.113883.6.69"/>
                        <name>meijer<suffix>REGULAR SCENT</suffix>
                        </name>
                        <formCode code="C60884" codeSystem="2.16.840.1.113883.3.26.1.1" displayName="CLOTH"/>
                        <asEntityWithGeneric>
                           <genericMedicine>
                              <name>Benzalkonium chloride</name>
                           </genericMedicine>
                        </asEntityWithGeneric>
                        <ingredient classCode="ACTIB">
                           <quantity>
                              <numerator value="0.115" unit="g"/>
                              <denominator value="1" unit="1"/>
                           </quantity>
                           <ingredientSubstance>
                              <code code="F5UM2KM3W7" codeSystem="2.16.840.1.113883.4.9"/>
                              <name>BENZALKONIUM CHLORIDE</name>
                              <activeMoiety>
                                 <activeMoiety>
                                    <code code="7N6JUD5X6Y" codeSystem="2.16.840.1.113883.4.9"/>
                                    <name>BENZALKONIUM</name>
                                 </activeMoiety>
                              </activeMoiety>
                           </ingredientSubstance>
                        </ingredient>
                        <ingredient classCode="IACT">
                           <ingredientSubstance>
                              <code code="059QF0KO0R" codeSystem="2.16.840.1.113883.4.9"/>
                              <name>WATER</name>
                           </ingredientSubstance>
                        </ingredient>
                        <ingredient classCode="IACT">
                           <ingredientSubstance>
                              <code code="ZY81Z83H0X" codeSystem="2.16.840.1.113883.4.9"/>
                              <name>ALOE VERA LEAF</name>
                           </ingredientSubstance>
                        </ingredient>
                        <ingredient classCode="IACT">
                           <ingredientSubstance>
                              <code code="18L9G3U51M" codeSystem="2.16.840.1.113883.4.9"/>
                              <name>DISODIUM COCOAMPHODIACETATE</name>
                           </ingredientSubstance>
                        </ingredient>
                        <ingredient classCode="IACT">
                           <ingredientSubstance>
                              <code code="DEL7T5QRPN" codeSystem="2.16.840.1.113883.4.9"/>
                              <name>METHYLCHLOROISOTHIAZOLINONE</name>
                           </ingredientSubstance>
                        </ingredient>
                        <ingredient classCode="IACT">
                           <ingredientSubstance>
                              <code code="229D0E1QFA" codeSystem="2.16.840.1.113883.4.9"/>
                              <name>METHYLISOTHIAZOLINONE</name>
                           </ingredientSubstance>
                        </ingredient>
                        <ingredient classCode="IACT">
                           <ingredientSubstance>
                              <code code="9E8X80D2L0" codeSystem="2.16.840.1.113883.4.9"/>
                              <name>.ALPHA.-TOCOPHEROL ACETATE</name>
                           </ingredientSubstance>
                        </ingredient>
                        <ingredient classCode="IACT">
                           <ingredientSubstance>
                              <code code="7FLD91C86K" codeSystem="2.16.840.1.113883.4.9"/>
                              <name>EDETATE DISODIUM</name>
                           </ingredientSubstance>
                        </ingredient>
                        <ingredient classCode="IACT">
                           <ingredientSubstance>
                              <code code="2968PHW8QP" codeSystem="2.16.840.1.113883.4.9"/>
                              <name>CITRIC ACID MONOHYDRATE</name>
                           </ingredientSubstance>
                        </ingredient>
                        <asContent>
                           <quantity>
                              <numerator value="40" unit="1"/>
                              <denominator value="1" unit="1"/>
                           </quantity>
                           <containerPackagedProduct>
                              <code code="41250-055-40" codeSystem="2.16.840.1.113883.6.69"/>
                              <formCode code="C43181" displayName="CANISTER" codeSystem="2.16.840.1.113883.3.26.1.1"/>
                           </containerPackagedProduct>
                        </asContent>
                     </manufacturedProduct>
                     <subjectOf>
                        <marketingAct>
                           <code code="C53292" codeSystem="2.16.840.1.113883.3.26.1.1"/>
                           <statusCode code="active"/>
                           <effectiveTime>
                              <low value="20130527"/>
                           </effectiveTime>
                        </marketingAct>
                     </subjectOf>
                     <subjectOf>
                        <approval>
                           <id extension="part333A" root="2.16.840.1.113883.3.149"/>
                           <code code="C73604" codeSystem="2.16.840.1.113883.3.26.1.1" displayName="OTC monograph not final"/>
                           <author>
                              <territorialAuthority>
                                 <territory>
                                    <code code="USA" codeSystem="2.16.840.1.113883.5.28"/>
                                 </territory>
                              </territorialAuthority>
                           </author>
                        </approval>
                     </subjectOf>
                     <consumedIn>
                        <substanceAdministration>
                           <routeCode code="C38304" codeSystem="2.16.840.1.113883.3.26.1.1" displayName="TOPICAL"/>
                        </substanceAdministration>
                     </consumedIn>
                  </manufacturedProduct>
               </subject>
            </section>
         </component>
         <component>
            <section>
               <id root="66d37809-8d59-4db7-8cd8-00a8c38047cb"/>
               <code code="55106-9" codeSystem="2.16.840.1.113883.6.1" displayName="OTC - ACTIVE INGREDIENT SECTION"/>
               <title>
                  <content styleCode="italics">Active Ingredient</content>
               </title>
               <text>
                  <paragraph>Benzalkonium Chloride 0.115%</paragraph>
               </text>
               <effectiveTime value="20130606"/>
            </section>
         </component>
         <component>
            <section>
               <id root="65c81166-bcb7-43fa-b050-f8ee45c13a97"/>
               <code code="55105-1" codeSystem="2.16.840.1.113883.6.1" displayName="OTC - PURPOSE SECTION"/>
               <title>
                  <content styleCode="italics">Purpose</content>
               </title>
               <text>
                  <paragraph>Antibacterial</paragraph>
               </text>
               <effectiveTime value="20130606"/>
            </section>
         </component>
         <component>
            <section>
               <id root="896e8036-7feb-4d31-a707-c66811fc9725"/>
               <code code="34067-9" codeSystem="2.16.840.1.113883.6.1" displayName="INDICATIONS &amp; USAGE SECTION"/>
               <title>
                  <content styleCode="italics">Uses</content>
               </title>
               <text>
                  <paragraph>For handwashing to decrease bacteria on the skin</paragraph>
               </text>
               <effectiveTime value="20130606"/>
            </section>
         </component>
         <component>
            <section>
               <id root="336183bb-e93a-4e20-95be-fe6dfb5d5478"/>
               <code code="34071-1" codeSystem="2.16.840.1.113883.6.1" displayName="WARNINGS SECTION"/>
               <title>
                  <content styleCode="italics">Warnings</content>
               </title>
               <text>
                  <paragraph>
                     <content styleCode="bold">For external use only</content>
                     <br/>
                  </paragraph>
               </text>
               <effectiveTime value="20130606"/>
            </section>
         </component>
         <component>
            <section ID="Le8262e5b-f807-4c44-a135-d794934ea969">
               <id root="2408018e-b498-4dc3-872d-65a277c9cf0a"/>
               <code code="50570-1" codeSystem="2.16.840.1.113883.6.1" displayName="OTC - DO NOT USE SECTION"/>
               <title>
                  <content styleCode="italics">Do not use</content>
               </title>
               <text>
                  <list listType="unordered">
                     <item>in the eyes</item>
                     <item>if you are allergic to any of the ingredients</item>
                  </list>
               </text>
               <effectiveTime value="20130606"/>
            </section>
         </component>
         <component>
            <section>
               <id root="473d7ef7-d775-45f8-b833-759abda45491"/>
               <code code="50567-7" codeSystem="2.16.840.1.113883.6.1" displayName="OTC - WHEN USING SECTION"/>
               <title>
                  <content styleCode="italics">When using this product</content>
               </title>
               <text>
                  <paragraph>if eye contact occurs, rinse eyes thoroughly with water.</paragraph>
               </text>
               <effectiveTime value="20130606"/>
            </section>
         </component>
         <component>
            <section>
               <id root="a21c5882-1374-450c-9d50-07d1426eff32"/>
               <code code="50566-9" codeSystem="2.16.840.1.113883.6.1" displayName="OTC - STOP USE SECTION"/>
               <title>
                  <content styleCode="italics">Stop use and ask a doctor if</content>
               </title>
               <text>
                  <paragraph>if irritation and redness develops and persist for more than 72 hours.</paragraph>
               </text>
               <effectiveTime value="20130606"/>
            </section>
         </component>
         <component>
            <section>
               <id root="b6262bd0-438f-4033-ac9a-f6805d4ed794"/>
               <code code="50565-1" codeSystem="2.16.840.1.113883.6.1" displayName="OTC - KEEP OUT OF REACH OF CHILDREN SECTION"/>
               <text>
                  <paragraph>
                     <content styleCode="bold">Keep out of reach of children.</content> If swallowed contact a doctor or Poison Control Center right away.</paragraph>
               </text>
               <effectiveTime value="20130606"/>
            </section>
         </component>
         <component>
            <section>
               <id root="d1ec7797-bca0-4408-bc0f-46f83d7521f3"/>
               <code code="34068-7" codeSystem="2.16.840.1.113883.6.1" displayName="DOSAGE &amp; ADMINISTRATION SECTION"/>
               <title>
                  <content styleCode="italics">Directions</content>
               </title>
               <text>
                  <list listType="unordered">
                     <item>
                        <content styleCode="bold">Storage, </content>Store at room temperature</item>
                     <item>
                        <content styleCode="bold">Dispensing</content> Remove seal band. Lift tab at front of lid. Pull up corner of center sheet and thread through dispenser slit in lid. Close lid to retain moisture.</item>
                     <item>
                        <content styleCode="bold">Use</content>. Apply wipe thoroughly to hands as desired. Allow to dry without rinsing.</item>
                     <item>
                        <content styleCode="bold">Disposal</content>. Dispose of used wipes in a trash receptacle after use. Do not flush.</item>
                  </list>
               </text>
               <effectiveTime value="20130606"/>
            </section>
         </component>
         <component>
            <section>
               <id root="de5ad1ea-6f21-4d15-89c4-535eb387a56c"/>
               <code code="51727-6" codeSystem="2.16.840.1.113883.6.1" displayName="INACTIVE INGREDIENT SECTION"/>
               <title>Inactive Ingredients</title>
               <text>
                  <paragraph>Water, Aloe Barbadensis Leaf Extract, Disodium Cocoamphodiacetate, SD Alcohol 40-B, Methylchloroisothiazolinone, Methylisothiazolinone, Tocopheryl Acetate, Disodium EDTA, Citric Acid, Fragrance</paragraph>
               </text>
               <effectiveTime value="20130606"/>
            </section>
         </component>
         <component>
            <section>
               <id root="fa997511-a44c-49ba-a8e4-d3eb85332b5b"/>
               <code code="51945-4" codeSystem="2.16.840.1.113883.6.1" displayName="PACKAGE LABEL.PRINCIPAL DISPLAY PANEL"/>
               <title>Package Label</title>
               <text>
                  <paragraph>
                     <renderMultiMedia referencedObject="L1ee95b3b-b57d-49ce-b13e-20cfb60fdd04"/>
                  </paragraph>
               </text>
               <effectiveTime value="20130606"/>
               <component>
                  <observationMedia ID="L1ee95b3b-b57d-49ce-b13e-20cfb60fdd04">
                     <text>image description</text>
                     <value mediaType="image/jpeg" xsi:type="ED">
                        <reference value="AntbacWpesMjr.jpg"/>
                     </value>
                  </observationMedia>
               </component>
            </section>
         </component>
      </structuredBody>
   </component>
</document>