<?xml version="1.0" encoding="UTF-8"?><?xml-stylesheet href="http://www.accessdata.fda.gov/spl/stylesheet/spl.xsl" type="text/xsl"?>
<document xmlns="urn:hl7-org:v3" xmlns:xsi="http://www.w3.org/2001/XMLSchema-instance" xsi:schemaLocation="urn:hl7-org:v3 http://www.accessdata.fda.gov/spl/schema/spl.xsd">
   <id root="1b59e76b-1b60-48a6-94bd-8b03d1e4103a"/>
   <code code="34390-5" codeSystem="2.16.840.1.113883.6.1" displayName="HUMAN OTC DRUG LABEL"/>
   <title>LEDUM PAL.</title>
   <effectiveTime value="20130605"/>
   <setId root="24af8a4e-0dee-4e3c-bb80-7b26dc528c07"/>
   <versionNumber value="1"/>
   <author>
      <time/>
      <assignedEntity>
         <representedOrganization>
            <id extension="028570695" root="1.3.6.1.4.1.519.1"/>
            <name>Hyland's</name>
            <assignedEntity>
               <assignedOrganization>
                  <assignedEntity>
                     <assignedOrganization>
                        <id extension="008316655" root="1.3.6.1.4.1.519.1"/>
                        <name>Standard Homeopathic Company</name>
                     </assignedOrganization>
                     <performance>
                        <actDefinition>
                           <code code="C43360" codeSystem="2.16.840.1.113883.3.26.1.1" displayName="MANUFACTURE"/>
                           <product>
                              <manufacturedProduct classCode="MANU">
                                 <manufacturedMaterialKind>
                                    <code code="54973-2918" codeSystem="2.16.840.1.113883.6.69"/>
                                 </manufacturedMaterialKind>
                              </manufacturedProduct>
                           </product>
                        </actDefinition>
                     </performance>
                     <performance>
                        <actDefinition>
                           <code code="C84731" codeSystem="2.16.840.1.113883.3.26.1.1" displayName="PACK"/>
                           <product>
                              <manufacturedProduct classCode="MANU">
                                 <manufacturedMaterialKind>
                                    <code code="54973-2918" codeSystem="2.16.840.1.113883.6.69"/>
                                 </manufacturedMaterialKind>
                              </manufacturedProduct>
                           </product>
                        </actDefinition>
                     </performance>
                  </assignedEntity>
               </assignedOrganization>
            </assignedEntity>
         </representedOrganization>
      </assignedEntity>
   </author>
   <component>
      <structuredBody>
         <component>
            <section ID="DLDE">
               <id root="73d4fcc2-42b9-412e-9534-22fe8b15ab04"/>
               <code code="48780-1" codeSystem="2.16.840.1.113883.6.1" displayName="SPL PRODUCT DATA ELEMENTS SECTION"/>
               <effectiveTime value="20130605"/>
               <subject>
                  <manufacturedProduct>
                     <manufacturedProduct>
                        <code code="54973-2918" codeSystem="2.16.840.1.113883.6.69"/>
                        <name>LEDUM PAL</name>
                        <formCode code="C42998" codeSystem="2.16.840.1.113883.3.26.1.1" displayName="TABLET"/>
                        <asEntityWithGeneric>
                           <genericMedicine>
                              <name>LEDUM PALUSTRE TWIG</name>
                           </genericMedicine>
                        </asEntityWithGeneric>
                        <ingredient classCode="ACTIB">
                           <quantity>
                              <numerator value="30" unit="[hp_X]"/>
                              <denominator value="1" unit="1"/>
                           </quantity>
                           <ingredientSubstance>
                              <code code="877L01IZ0P" codeSystem="2.16.840.1.113883.4.9"/>
                              <name>LEDUM PALUSTRE TWIG</name>
                              <activeMoiety>
                                 <activeMoiety>
                                    <code code="877L01IZ0P" codeSystem="2.16.840.1.113883.4.9"/>
                                    <name>LEDUM PALUSTRE TWIG</name>
                                 </activeMoiety>
                              </activeMoiety>
                           </ingredientSubstance>
                        </ingredient>
                        <ingredient classCode="IACT">
                           <ingredientSubstance>
                              <code code="5C5403N26O" codeSystem="2.16.840.1.113883.4.9"/>
                              <name>ACACIA</name>
                           </ingredientSubstance>
                        </ingredient>
                        <ingredient classCode="IACT">
                           <ingredientSubstance>
                              <code code="J2B2A4N98G" codeSystem="2.16.840.1.113883.4.9"/>
                              <name>LACTOSE</name>
                           </ingredientSubstance>
                        </ingredient>
                        <asContent>
                           <quantity>
                              <numerator value="250" unit="1"/>
                              <denominator value="1"/>
                           </quantity>
                           <containerPackagedProduct>
                              <code code="54973-2918-4" codeSystem="2.16.840.1.113883.6.69"/>
                              <formCode code="C43173" codeSystem="2.16.840.1.113883.3.26.1.1" displayName="BOTTLE, PLASTIC"/>
                           </containerPackagedProduct>
                        </asContent>
                     </manufacturedProduct>
                     <subjectOf>
                        <approval>
                           <code code="C73614" codeSystem="2.16.840.1.113883.3.26.1.1" displayName="UNAPPROVED HOMEOPATHIC"/>
                           <author>
                              <territorialAuthority>
                                 <territory>
                                    <code code="USA" codeSystem="2.16.840.1.113883.5.28"/>
                                 </territory>
                              </territorialAuthority>
                           </author>
                        </approval>
                     </subjectOf>
                     <subjectOf>
                        <marketingAct>
                           <code code="C53292" codeSystem="2.16.840.1.113883.3.26.1.1"/>
                           <statusCode code="active"/>
                           <effectiveTime>
                              <low value="19550101"/>
                           </effectiveTime>
                        </marketingAct>
                     </subjectOf>
                     <subjectOf>
                        <characteristic classCode="OBS">
                           <code code="SPLCOLOR" codeSystem="2.16.840.1.113883.1.11.19255"/>
                           <value code="C48332" codeSystem="2.16.840.1.113883.3.26.1.1" displayName="BROWN" xsi:type="CE">
                              <originalText/>
                           </value>
                        </characteristic>
                     </subjectOf>
                     <subjectOf>
                        <characteristic classCode="OBS">
                           <code code="SPLSCORE" codeSystem="2.16.840.1.113883.1.11.19255"/>
                           <value value="1" xsi:type="INT"/>
                        </characteristic>
                     </subjectOf>
                     <subjectOf>
                        <characteristic classCode="OBS">
                           <code code="SPLSHAPE" codeSystem="2.16.840.1.113883.1.11.19255"/>
                           <value code="C48348" codeSystem="2.16.840.1.113883.3.26.1.1" displayName="ROUND" xsi:type="CE">
                              <originalText/>
                           </value>
                        </characteristic>
                     </subjectOf>
                     <subjectOf>
                        <characteristic classCode="OBS">
                           <code code="SPLSIZE" codeSystem="2.16.840.1.113883.1.11.19255"/>
                           <value unit="mm" value="9" xsi:type="PQ"/>
                        </characteristic>
                     </subjectOf>
                     <consumedIn>
                        <substanceAdministration>
                           <routeCode code="C38288" codeSystem="2.16.840.1.113883.3.26.1.1" displayName="ORAL"/>
                        </substanceAdministration>
                     </consumedIn>
                  </manufacturedProduct>
               </subject>
            </section>
         </component>
         <component>
            <section>
               <id root="c03e61b9-c478-4e23-83fb-e7dabd9ecc25"/>
               <code code="55106-9" codeSystem="2.16.840.1.113883.6.1" displayName="OTC - ACTIVE INGREDIENT SECTION"/>
               <text>
                  <paragraph>
                     <content styleCode="bold">LEDUM PAL. 30X</content>
                  </paragraph>
               </text>
               <effectiveTime value="20130605"/>
            </section>
         </component>
         <component>
            <section>
               <id root="e7391724-242a-4637-8648-84c944ca7703"/>
               <code code="55105-1" codeSystem="2.16.840.1.113883.6.1" displayName="OTC - PURPOSE SECTION"/>
               <text>
                  <paragraph>Homeopathic Medicine</paragraph>
               </text>
               <effectiveTime value="20130605"/>
            </section>
         </component>
         <component>
            <section>
               <id root="15db1223-96ae-4133-b08d-07f657a4a4fd"/>
               <code code="34067-9" codeSystem="2.16.840.1.113883.6.1" displayName="INDICATIONS &amp; USAGE SECTION"/>
               <text>
                  <paragraph>BITES &amp; STINGS</paragraph>
               </text>
               <effectiveTime value="20130605"/>
            </section>
         </component>
         <component>
            <section>
               <id root="a85f40ac-9597-4e73-bc22-520f9a29f18d"/>
               <code code="34071-1" codeSystem="2.16.840.1.113883.6.1" displayName="WARNINGS SECTION"/>
               <title>Warnings</title>
               <effectiveTime value="20130605"/>
               <component>
                  <section>
                     <id root="db5f8859-202e-49b4-bf29-8a1fcf4f1a3a"/>
                     <code code="50570-1" codeSystem="2.16.840.1.113883.6.1" displayName="OTC - DO NOT USE SECTION"/>
                     <text>
                        <paragraph>Do not use if cap band is missing or broken.</paragraph>
                     </text>
                     <effectiveTime value="20130605"/>
                  </section>
               </component>
               <component>
                  <section>
                     <id root="566cf8bb-4346-4bb5-90ce-9945e1916084"/>
                     <code code="53414-9" codeSystem="2.16.840.1.113883.6.1" displayName="OTC - PREGNANCY OR BREAST FEEDING SECTION"/>
                     <text>
                        <paragraph>If you are pregnant or nursing, consult a licensed health care professional before using this product.</paragraph>
                     </text>
                     <effectiveTime value="20130605"/>
                  </section>
               </component>
               <component>
                  <section>
                     <id root="dcfb740e-0297-47f7-b406-66b76257e4a0"/>
                     <code code="50568-5" codeSystem="2.16.840.1.113883.6.1" displayName="OTC - ASK DOCTOR/PHARMACIST SECTION"/>
                     <text>
                        <paragraph>If symptoms persist for 7 days or worsen, contact a licensed practitioner.</paragraph>
                     </text>
                     <effectiveTime value="20130605"/>
                  </section>
               </component>
               <component>
                  <section>
                     <id root="81a760a2-2a45-4520-9ac8-06d6c1bff3c6"/>
                     <code code="50565-1" codeSystem="2.16.840.1.113883.6.1" displayName="OTC - KEEP OUT OF REACH OF CHILDREN SECTION"/>
                     <text>
                        <paragraph>Keep this and all medicines out of the reach of children.</paragraph>
                     </text>
                     <effectiveTime value="20130605"/>
                  </section>
               </component>
               <component>
                  <section>
                     <id root="1102c413-3cf4-440d-a990-309149a6706f"/>
                     <code code="50567-7" codeSystem="2.16.840.1.113883.6.1" displayName="OTC - WHEN USING SECTION"/>
                     <text>
                        <paragraph>To be used according to label indications and/or standard homeopathic indications.</paragraph>
                     </text>
                     <effectiveTime value="20130605"/>
                  </section>
               </component>
            </section>
         </component>
         <component>
            <section>
               <id root="afa47084-2494-4d9d-ae64-b6a013c04ad0"/>
               <code code="34068-7" codeSystem="2.16.840.1.113883.6.1" displayName="DOSAGE &amp; ADMINISTRATION SECTION"/>
               <title>Directions</title>
               <text>
                  <paragraph>
                     <content styleCode="bold">Adults: Dissolve 4 tablets under tongue 4 times a day. Children: 2 tablets as above.</content>
                  </paragraph>
               </text>
               <effectiveTime value="20130605"/>
            </section>
         </component>
         <component>
            <section>
               <id root="fbb7c5d1-b18e-4292-86ec-6d03b08a030b"/>
               <code code="51727-6" codeSystem="2.16.840.1.113883.6.1" displayName="INACTIVE INGREDIENT SECTION"/>
               <text>
                  <paragraph>In a base of Acacia Gum and Lactose N.F.</paragraph>
               </text>
               <effectiveTime value="20130605"/>
            </section>
         </component>
         <component>
            <section>
               <id root="0e899448-22aa-4e40-9666-ab586556adab"/>
               <code code="53413-1" codeSystem="2.16.840.1.113883.6.1" displayName="OTC - QUESTIONS SECTION"/>
               <title>Questions?</title>
               <text>
                  <paragraph>800-624-9659</paragraph>
               </text>
               <effectiveTime value="20130605"/>
            </section>
         </component>
         <component>
            <section>
               <id root="2cf43d0e-b919-420f-896d-851854588943"/>
               <code code="51945-4" codeSystem="2.16.840.1.113883.6.1" displayName="PACKAGE LABEL.PRINCIPAL DISPLAY PANEL"/>
               <title>PRINCIPAL DISPLAY PANEL - 250 Tablet Bottle Label</title>
               <text>
                  <paragraph>SINCE 1903<br/>
                     <content styleCode="bold italics">Hyland's</content>
                     <sup>®</sup>
                     <br/>HOMEOPATHIC</paragraph>
                  <paragraph>
                     <content styleCode="bold">NDC 54973-2918-4</content>
                  </paragraph>
                  <paragraph>
                     <content styleCode="bold">Homeopathic Medicine</content>
                  </paragraph>
                  <paragraph>
                     <content styleCode="bold">LEDUM PAL.</content>
                  </paragraph>
                  <paragraph>
                     <content styleCode="bold">30X</content>
                  </paragraph>
                  <paragraph>
                     <content styleCode="bold">BITES &amp; STINGS</content>
                  </paragraph>
                  <paragraph>
                     <content styleCode="bold">250 TABLETS</content>
                  </paragraph>
                  <renderMultiMedia referencedObject="MM1"/>
               </text>
               <effectiveTime value="20130605"/>
               <component>
                  <observationMedia ID="MM1">
                     <text>Principal Display Panel - 250 Tablet Bottle Label</text>
                     <value xsi:type="ED" mediaType="image/jpeg">
                        <reference value="ledum-pal-01.jpg"/>
                     </value>
                  </observationMedia>
               </component>
            </section>
         </component>
      </structuredBody>
   </component>
</document>