<?xml version="1.0" encoding="UTF-8"?><?xml-stylesheet href="http://www.accessdata.fda.gov/spl/stylesheet/spl.xsl" type="text/xsl"?>
<document xmlns="urn:hl7-org:v3" xmlns:xsi="http://www.w3.org/2001/XMLSchema-instance" xsi:schemaLocation="urn:hl7-org:v3 http://www.accessdata.fda.gov/spl/schema/spl.xsd">
   <id root="03feb94e-2bb2-4a4b-af01-ecc4396efa52"/>
   <code code="50578-4" displayName="PRESCRIPTION ANIMAL DRUG LABEL" codeSystem="2.16.840.1.113883.6.1"/>
   <title>Clomicalm</title>
   <effectiveTime value="20130611"/>
   <setId root="c6a28bc1-2b39-402f-b45b-ff309a1ad11c"/>
   <versionNumber value="12"/>
   <author>
      <time/>
      <assignedEntity>
         <representedOrganization>
            <id extension="966985624" root="1.3.6.1.4.1.519.1"/>
            <name>Novartis Animal Health US, Inc.</name>
            <assignedEntity>
               <assignedOrganization/>
            </assignedEntity>
         </representedOrganization>
      </assignedEntity>
   </author>
   <component>
      <structuredBody>
         <component>
            <section>
               <id root="97167a26-58a6-463d-90e6-275ae4f532c5"/>
               <code code="48780-1" displayName="SPL LISTING DATA ELEMENTS SECTION" codeSystem="2.16.840.1.113883.6.1"/>
               <effectiveTime value="20130606"/>
               <subject>
                  <manufacturedProduct>
                     <manufacturedProduct>
                        <code code="58198-4030" codeSystem="2.16.840.1.113883.6.69"/>
                        <name>Clomicalm</name>
                        <formCode code="C42998" displayName="TABLET" codeSystem="2.16.840.1.113883.3.26.1.1"/>
                        <asEntityWithGeneric>
                           <genericMedicine>
                              <name>clomipramine hydrochloride</name>
                           </genericMedicine>
                        </asEntityWithGeneric>
                        <ingredient classCode="ACTIB">
                           <quantity>
                              <numerator unit="mg" value="5"/>
                              <denominator unit="1" value="1"/>
                           </quantity>
                           <ingredientSubstance>
                              <code code="2LXW0L6GWJ" codeSystem="2.16.840.1.113883.4.9"/>
                              <name>CLOMIPRAMINE HYDROCHLORIDE</name>
                              <activeMoiety>
                                 <activeMoiety>
                                    <code code="NUV44L116D" codeSystem="2.16.840.1.113883.4.9"/>
                                    <name>CLOMIPRAMINE</name>
                                 </activeMoiety>
                              </activeMoiety>
                           </ingredientSubstance>
                        </ingredient>
                        <asContent>
                           <quantity>
                              <numerator unit="1" value="30">
                                 <translation code="C48542" value="30" displayName="TABLET" codeSystem="2.16.840.1.113883.3.26.1.1"/>
                              </numerator>
                              <denominator value="1"/>
                           </quantity>
                           <containerPackagedProduct>
                              <code code="58198-4030-2" codeSystem="2.16.840.1.113883.6.69"/>
                              <formCode code="C43169" displayName="BOTTLE" codeSystem="2.16.840.1.113883.3.26.1.1"/>
                           </containerPackagedProduct>
                        </asContent>
                        <asContent>
                           <quantity>
                              <numerator unit="1" value="107000">
                                 <translation code="C48542" value="107000" displayName="TABLET" codeSystem="2.16.840.1.113883.3.26.1.1"/>
                              </numerator>
                              <denominator value="1"/>
                           </quantity>
                           <containerPackagedProduct>
                              <code code="58198-4030-3" codeSystem="2.16.840.1.113883.6.69"/>
                              <formCode code="C43193" displayName="DRUM" codeSystem="2.16.840.1.113883.3.26.1.1"/>
                           </containerPackagedProduct>
                        </asContent>
                     </manufacturedProduct>
                     <subjectOf>
                        <approval>
                           <id extension="NADA141120" root="2.16.840.1.113883.3.150"/>
                           <code code="C73593" displayName="NADA" codeSystem="2.16.840.1.113883.3.26.1.1"/>
                           <author>
                              <territorialAuthority>
                                 <territory>
                                    <code code="USA" codeSystem="2.16.840.1.113883.5.28"/>
                                 </territory>
                              </territorialAuthority>
                           </author>
                        </approval>
                     </subjectOf>
                     <subjectOf>
                        <marketingAct>
                           <code code="C53292" codeSystem="2.16.840.1.113883.3.26.1.1"/>
                           <statusCode code="active"/>
                           <effectiveTime>
                              <low value="20061122"/>
                           </effectiveTime>
                        </marketingAct>
                     </subjectOf>
                     <subjectOf>
                        <characteristic classCode="OBS">
                           <code code="SPLCOLOR" codeSystem="2.16.840.1.113883.1.11.19255"/>
                           <value code="C48332" displayName="BROWN" codeSystem="2.16.840.1.113883.3.26.1.1" xsi:type="CE">
                              <originalText>marble</originalText>
                           </value>
                        </characteristic>
                     </subjectOf>
                     <subjectOf>
                        <characteristic classCode="OBS">
                           <code code="SPLFLAVOR" codeSystem="2.16.840.1.113883.1.11.19255"/>
                           <value code="C73402" displayName="MEAT" codeSystem="2.16.840.1.113883.3.26.1.1" xsi:type="CE">
                              <originalText>beef</originalText>
                           </value>
                        </characteristic>
                     </subjectOf>
                     <subjectOf>
                        <characteristic classCode="OBS">
                           <code code="SPLIMPRINT" codeSystem="2.16.840.1.113883.1.11.19255"/>
                           <value xsi:type="ST">DV;CG</value>
                        </characteristic>
                     </subjectOf>
                     <subjectOf>
                        <characteristic classCode="OBS">
                           <code code="SPLSCORE" codeSystem="2.16.840.1.113883.1.11.19255"/>
                           <value value="2" xsi:type="INT"/>
                        </characteristic>
                     </subjectOf>
                     <subjectOf>
                        <characteristic classCode="OBS">
                           <code code="SPLSHAPE" codeSystem="2.16.840.1.113883.1.11.19255"/>
                           <value code="C48345" displayName="OVAL" codeSystem="2.16.840.1.113883.3.26.1.1" xsi:type="CE">
                              <originalText>oblong</originalText>
                           </value>
                        </characteristic>
                     </subjectOf>
                     <subjectOf>
                        <characteristic classCode="OBS">
                           <code code="SPLSIZE" codeSystem="2.16.840.1.113883.1.11.19255"/>
                           <value unit="mm" value="9" xsi:type="PQ"/>
                        </characteristic>
                     </subjectOf>
                     <consumedIn>
                        <substanceAdministration>
                           <routeCode code="C38288" displayName="ORAL" codeSystem="2.16.840.1.113883.3.26.1.1"/>
                        </substanceAdministration>
                     </consumedIn>
                  </manufacturedProduct>
               </subject>
               <subject>
                  <manufacturedProduct>
                     <manufacturedProduct>
                        <code code="58198-8002" codeSystem="2.16.840.1.113883.6.69"/>
                        <name>Clomipramine</name>
                        <formCode code="C42972" displayName="POWDER" codeSystem="2.16.840.1.113883.3.26.1.1"/>
                        <asEntityWithGeneric>
                           <genericMedicine>
                              <name>clomipramine hydrochloride</name>
                           </genericMedicine>
                        </asEntityWithGeneric>
                        <ingredient classCode="ACTIB">
                           <quantity>
                              <numerator unit="kg" value="1"/>
                              <denominator unit="kg" value="1"/>
                           </quantity>
                           <ingredientSubstance>
                              <code code="2LXW0L6GWJ" codeSystem="2.16.840.1.113883.4.9"/>
                              <name>CLOMIPRAMINE HYDROCHLORIDE</name>
                              <activeMoiety>
                                 <activeMoiety>
                                    <code code="NUV44L116D" codeSystem="2.16.840.1.113883.4.9"/>
                                    <name>CLOMIPRAMINE</name>
                                 </activeMoiety>
                              </activeMoiety>
                           </ingredientSubstance>
                        </ingredient>
                        <asContent>
                           <quantity>
                              <numerator unit="kg" value="70"/>
                              <denominator value="1"/>
                           </quantity>
                           <containerPackagedProduct>
                              <code code="58198-8002-2" codeSystem="2.16.840.1.113883.6.69"/>
                              <formCode code="C43193" displayName="DRUM" codeSystem="2.16.840.1.113883.3.26.1.1"/>
                           </containerPackagedProduct>
                        </asContent>
                     </manufacturedProduct>
                     <subjectOf>
                        <approval>
                           <id extension="NADA141120" root="2.16.840.1.113883.3.150"/>
                           <code code="C73593" displayName="NADA" codeSystem="2.16.840.1.113883.3.26.1.1"/>
                           <author>
                              <territorialAuthority>
                                 <territory>
                                    <code code="USA" codeSystem="2.16.840.1.113883.5.28"/>
                                 </territory>
                              </territorialAuthority>
                           </author>
                        </approval>
                     </subjectOf>
                     <subjectOf>
                        <marketingAct>
                           <code code="C53292" codeSystem="2.16.840.1.113883.3.26.1.1"/>
                           <statusCode code="active"/>
                           <effectiveTime>
                              <low value="19981210"/>
                           </effectiveTime>
                        </marketingAct>
                     </subjectOf>
                     <subjectOf>
                        <characteristic classCode="OBS">
                           <code code="SPLCOLOR" codeSystem="2.16.840.1.113883.1.11.19255"/>
                           <value code="C48325" displayName="WHITE" codeSystem="2.16.840.1.113883.3.26.1.1" xsi:type="CE">
                              <originalText>white or yellowish</originalText>
                           </value>
                        </characteristic>
                     </subjectOf>
                     <consumedIn>
                        <substanceAdministration>
                           <routeCode code="C38288" displayName="ORAL" codeSystem="2.16.840.1.113883.3.26.1.1"/>
                        </substanceAdministration>
                     </consumedIn>
                  </manufacturedProduct>
               </subject>
               <subject>
                  <manufacturedProduct>
                     <manufacturedProduct>
                        <code code="58198-4031" codeSystem="2.16.840.1.113883.6.69"/>
                        <name>Clomicalm</name>
                        <formCode code="C42998" displayName="TABLET" codeSystem="2.16.840.1.113883.3.26.1.1"/>
                        <asEntityWithGeneric>
                           <genericMedicine>
                              <name>clomipramine hydrochloride</name>
                           </genericMedicine>
                        </asEntityWithGeneric>
                        <ingredient classCode="ACTIB">
                           <quantity>
                              <numerator unit="mg" value="20"/>
                              <denominator unit="1" value="1"/>
                           </quantity>
                           <ingredientSubstance>
                              <code code="2LXW0L6GWJ" codeSystem="2.16.840.1.113883.4.9"/>
                              <name>CLOMIPRAMINE HYDROCHLORIDE</name>
                              <activeMoiety>
                                 <activeMoiety>
                                    <code code="NUV44L116D" codeSystem="2.16.840.1.113883.4.9"/>
                                    <name>CLOMIPRAMINE</name>
                                 </activeMoiety>
                              </activeMoiety>
                           </ingredientSubstance>
                        </ingredient>
                        <asContent>
                           <quantity>
                              <numerator unit="1" value="30">
                                 <translation code="C48542" value="30" displayName="TABLET" codeSystem="2.16.840.1.113883.3.26.1.1"/>
                              </numerator>
                              <denominator value="1"/>
                           </quantity>
                           <containerPackagedProduct>
                              <code code="58198-4031-2" codeSystem="2.16.840.1.113883.6.69"/>
                              <formCode code="C43169" displayName="BOTTLE" codeSystem="2.16.840.1.113883.3.26.1.1"/>
                           </containerPackagedProduct>
                        </asContent>
                        <asContent>
                           <quantity>
                              <numerator unit="1" value="71500">
                                 <translation code="C48542" value="71500" displayName="TABLET" codeSystem="2.16.840.1.113883.3.26.1.1"/>
                              </numerator>
                              <denominator value="1"/>
                           </quantity>
                           <containerPackagedProduct>
                              <code code="58198-4031-3" codeSystem="2.16.840.1.113883.6.69"/>
                              <formCode code="C43193" displayName="DRUM" codeSystem="2.16.840.1.113883.3.26.1.1"/>
                           </containerPackagedProduct>
                        </asContent>
                     </manufacturedProduct>
                     <subjectOf>
                        <approval>
                           <id extension="NADA141120" root="2.16.840.1.113883.3.150"/>
                           <code code="C73593" displayName="NADA" codeSystem="2.16.840.1.113883.3.26.1.1"/>
                           <author>
                              <territorialAuthority>
                                 <territory>
                                    <code code="USA" codeSystem="2.16.840.1.113883.5.28"/>
                                 </territory>
                              </territorialAuthority>
                           </author>
                        </approval>
                     </subjectOf>
                     <subjectOf>
                        <marketingAct>
                           <code code="C53292" codeSystem="2.16.840.1.113883.3.26.1.1"/>
                           <statusCode code="active"/>
                           <effectiveTime>
                              <low value="19981210"/>
                           </effectiveTime>
                        </marketingAct>
                     </subjectOf>
                     <subjectOf>
                        <characteristic classCode="OBS">
                           <code code="SPLCOLOR" codeSystem="2.16.840.1.113883.1.11.19255"/>
                           <value code="C48332" displayName="BROWN" codeSystem="2.16.840.1.113883.3.26.1.1" xsi:type="CE">
                              <originalText>marble</originalText>
                           </value>
                        </characteristic>
                     </subjectOf>
                     <subjectOf>
                        <characteristic classCode="OBS">
                           <code code="SPLFLAVOR" codeSystem="2.16.840.1.113883.1.11.19255"/>
                           <value code="C73402" displayName="MEAT" codeSystem="2.16.840.1.113883.3.26.1.1" xsi:type="CE"/>
                        </characteristic>
                     </subjectOf>
                     <subjectOf>
                        <characteristic classCode="OBS">
                           <code code="SPLIMPRINT" codeSystem="2.16.840.1.113883.1.11.19255"/>
                           <value xsi:type="ST">GN;CG</value>
                        </characteristic>
                     </subjectOf>
                     <subjectOf>
                        <characteristic classCode="OBS">
                           <code code="SPLSCORE" codeSystem="2.16.840.1.113883.1.11.19255"/>
                           <value value="2" xsi:type="INT"/>
                        </characteristic>
                     </subjectOf>
                     <subjectOf>
                        <characteristic classCode="OBS">
                           <code code="SPLSHAPE" codeSystem="2.16.840.1.113883.1.11.19255"/>
                           <value code="C48345" displayName="OVAL" codeSystem="2.16.840.1.113883.3.26.1.1" xsi:type="CE">
                              <originalText>oblong</originalText>
                           </value>
                        </characteristic>
                     </subjectOf>
                     <subjectOf>
                        <characteristic classCode="OBS">
                           <code code="SPLSIZE" codeSystem="2.16.840.1.113883.1.11.19255"/>
                           <value unit="mm" value="11" xsi:type="PQ"/>
                        </characteristic>
                     </subjectOf>
                     <consumedIn>
                        <substanceAdministration>
                           <routeCode code="C38288" displayName="ORAL" codeSystem="2.16.840.1.113883.3.26.1.1"/>
                        </substanceAdministration>
                     </consumedIn>
                  </manufacturedProduct>
               </subject>
               <subject>
                  <manufacturedProduct>
                     <manufacturedProduct>
                        <code code="58198-4032" codeSystem="2.16.840.1.113883.6.69"/>
                        <name>Clomicalm</name>
                        <formCode code="C42998" displayName="TABLET" codeSystem="2.16.840.1.113883.3.26.1.1"/>
                        <asEntityWithGeneric>
                           <genericMedicine>
                              <name>clomipramine hydrochloride</name>
                           </genericMedicine>
                        </asEntityWithGeneric>
                        <ingredient classCode="ACTIB">
                           <quantity>
                              <numerator unit="mg" value="40"/>
                              <denominator unit="1" value="1"/>
                           </quantity>
                           <ingredientSubstance>
                              <code code="2LXW0L6GWJ" codeSystem="2.16.840.1.113883.4.9"/>
                              <name>CLOMIPRAMINE HYDROCHLORIDE</name>
                              <activeMoiety>
                                 <activeMoiety>
                                    <code code="NUV44L116D" codeSystem="2.16.840.1.113883.4.9"/>
                                    <name>CLOMIPRAMINE</name>
                                 </activeMoiety>
                              </activeMoiety>
                           </ingredientSubstance>
                        </ingredient>
                        <asContent>
                           <quantity>
                              <numerator unit="1" value="30">
                                 <translation code="C48542" value="30" displayName="TABLET" codeSystem="2.16.840.1.113883.3.26.1.1"/>
                              </numerator>
                              <denominator value="1"/>
                           </quantity>
                           <containerPackagedProduct>
                              <code code="58198-4032-2" codeSystem="2.16.840.1.113883.6.69"/>
                              <formCode code="C43169" displayName="BOTTLE" codeSystem="2.16.840.1.113883.3.26.1.1"/>
                           </containerPackagedProduct>
                        </asContent>
                     </manufacturedProduct>
                     <subjectOf>
                        <approval>
                           <id extension="NADA141120" root="2.16.840.1.113883.3.150"/>
                           <code code="C73593" displayName="NADA" codeSystem="2.16.840.1.113883.3.26.1.1"/>
                           <author>
                              <territorialAuthority>
                                 <territory>
                                    <code code="USA" codeSystem="2.16.840.1.113883.5.28"/>
                                 </territory>
                              </territorialAuthority>
                           </author>
                        </approval>
                     </subjectOf>
                     <subjectOf>
                        <marketingAct>
                           <code code="C53292" codeSystem="2.16.840.1.113883.3.26.1.1"/>
                           <statusCode code="active"/>
                           <effectiveTime>
                              <low value="19981210"/>
                           </effectiveTime>
                        </marketingAct>
                     </subjectOf>
                     <subjectOf>
                        <characteristic classCode="OBS">
                           <code code="SPLCOLOR" codeSystem="2.16.840.1.113883.1.11.19255"/>
                           <value code="C48332" displayName="BROWN" codeSystem="2.16.840.1.113883.3.26.1.1" xsi:type="CE">
                              <originalText>marble</originalText>
                           </value>
                        </characteristic>
                     </subjectOf>
                     <subjectOf>
                        <characteristic classCode="OBS">
                           <code code="SPLFLAVOR" codeSystem="2.16.840.1.113883.1.11.19255"/>
                           <value code="C73402" displayName="MEAT" codeSystem="2.16.840.1.113883.3.26.1.1" xsi:type="CE"/>
                        </characteristic>
                     </subjectOf>
                     <subjectOf>
                        <characteristic classCode="OBS">
                           <code code="SPLIMPRINT" codeSystem="2.16.840.1.113883.1.11.19255"/>
                           <value xsi:type="ST">GI;CG</value>
                        </characteristic>
                     </subjectOf>
                     <subjectOf>
                        <characteristic classCode="OBS">
                           <code code="SPLSCORE" codeSystem="2.16.840.1.113883.1.11.19255"/>
                           <value value="2" xsi:type="INT"/>
                        </characteristic>
                     </subjectOf>
                     <subjectOf>
                        <characteristic classCode="OBS">
                           <code code="SPLSHAPE" codeSystem="2.16.840.1.113883.1.11.19255"/>
                           <value code="C48345" displayName="OVAL" codeSystem="2.16.840.1.113883.3.26.1.1" xsi:type="CE">
                              <originalText>oblong</originalText>
                           </value>
                        </characteristic>
                     </subjectOf>
                     <subjectOf>
                        <characteristic classCode="OBS">
                           <code code="SPLSIZE" codeSystem="2.16.840.1.113883.1.11.19255"/>
                           <value unit="mm" value="13" xsi:type="PQ"/>
                        </characteristic>
                     </subjectOf>
                     <consumedIn>
                        <substanceAdministration>
                           <routeCode code="C38288" displayName="ORAL" codeSystem="2.16.840.1.113883.3.26.1.1"/>
                        </substanceAdministration>
                     </consumedIn>
                  </manufacturedProduct>
               </subject>
               <subject>
                  <manufacturedProduct>
                     <manufacturedProduct>
                        <code code="58198-4033" codeSystem="2.16.840.1.113883.6.69"/>
                        <name>Clomicalm</name>
                        <formCode code="C42998" displayName="TABLET" codeSystem="2.16.840.1.113883.3.26.1.1"/>
                        <asEntityWithGeneric>
                           <genericMedicine>
                              <name>clomipramine hydrochloride</name>
                           </genericMedicine>
                        </asEntityWithGeneric>
                        <ingredient classCode="ACTIB">
                           <quantity>
                              <numerator unit="mg" value="80"/>
                              <denominator unit="1" value="1"/>
                           </quantity>
                           <ingredientSubstance>
                              <code code="2LXW0L6GWJ" codeSystem="2.16.840.1.113883.4.9"/>
                              <name>CLOMIPRAMINE HYDROCHLORIDE</name>
                              <activeMoiety>
                                 <activeMoiety>
                                    <code code="NUV44L116D" codeSystem="2.16.840.1.113883.4.9"/>
                                    <name>CLOMIPRAMINE</name>
                                 </activeMoiety>
                              </activeMoiety>
                           </ingredientSubstance>
                        </ingredient>
                        <asContent>
                           <quantity>
                              <numerator unit="1" value="30">
                                 <translation code="C48542" value="30" displayName="TABLET" codeSystem="2.16.840.1.113883.3.26.1.1"/>
                              </numerator>
                              <denominator value="1"/>
                           </quantity>
                           <containerPackagedProduct>
                              <code code="58198-4033-2" codeSystem="2.16.840.1.113883.6.69"/>
                              <formCode code="C43169" displayName="BOTTLE" codeSystem="2.16.840.1.113883.3.26.1.1"/>
                           </containerPackagedProduct>
                        </asContent>
                        <asContent>
                           <quantity>
                              <numerator unit="1" value="36700">
                                 <translation code="C48542" value="36700" displayName="TABLET" codeSystem="2.16.840.1.113883.3.26.1.1"/>
                              </numerator>
                              <denominator value="1"/>
                           </quantity>
                           <containerPackagedProduct>
                              <code code="58198-4033-3" codeSystem="2.16.840.1.113883.6.69"/>
                              <formCode code="C43193" displayName="DRUM" codeSystem="2.16.840.1.113883.3.26.1.1"/>
                           </containerPackagedProduct>
                        </asContent>
                     </manufacturedProduct>
                     <subjectOf>
                        <approval>
                           <id extension="NADA141120" root="2.16.840.1.113883.3.150"/>
                           <code code="C73593" displayName="NADA" codeSystem="2.16.840.1.113883.3.26.1.1"/>
                           <author>
                              <territorialAuthority>
                                 <territory>
                                    <code code="USA" codeSystem="2.16.840.1.113883.5.28"/>
                                 </territory>
                              </territorialAuthority>
                           </author>
                        </approval>
                     </subjectOf>
                     <subjectOf>
                        <marketingAct>
                           <code code="C53292" codeSystem="2.16.840.1.113883.3.26.1.1"/>
                           <statusCode code="active"/>
                           <effectiveTime>
                              <low value="19981210"/>
                           </effectiveTime>
                        </marketingAct>
                     </subjectOf>
                     <subjectOf>
                        <characteristic classCode="OBS">
                           <code code="SPLCOLOR" codeSystem="2.16.840.1.113883.1.11.19255"/>
                           <value code="C48332" displayName="BROWN" codeSystem="2.16.840.1.113883.3.26.1.1" xsi:type="CE">
                              <originalText>marble</originalText>
                           </value>
                        </characteristic>
                     </subjectOf>
                     <subjectOf>
                        <characteristic classCode="OBS">
                           <code code="SPLFLAVOR" codeSystem="2.16.840.1.113883.1.11.19255"/>
                           <value code="C73402" displayName="MEAT" codeSystem="2.16.840.1.113883.3.26.1.1" xsi:type="CE"/>
                        </characteristic>
                     </subjectOf>
                     <subjectOf>
                        <characteristic classCode="OBS">
                           <code code="SPLIMPRINT" codeSystem="2.16.840.1.113883.1.11.19255"/>
                           <value xsi:type="ST">CG;CG;GV;GV</value>
                        </characteristic>
                     </subjectOf>
                     <subjectOf>
                        <characteristic classCode="OBS">
                           <code code="SPLSCORE" codeSystem="2.16.840.1.113883.1.11.19255"/>
                           <value value="2" xsi:type="INT"/>
                        </characteristic>
                     </subjectOf>
                     <subjectOf>
                        <characteristic classCode="OBS">
                           <code code="SPLSHAPE" codeSystem="2.16.840.1.113883.1.11.19255"/>
                           <value code="C48345" displayName="OVAL" codeSystem="2.16.840.1.113883.3.26.1.1" xsi:type="CE">
                              <originalText>oblong</originalText>
                           </value>
                        </characteristic>
                     </subjectOf>
                     <subjectOf>
                        <characteristic classCode="OBS">
                           <code code="SPLSIZE" codeSystem="2.16.840.1.113883.1.11.19255"/>
                           <value unit="mm" value="15" xsi:type="PQ"/>
                        </characteristic>
                     </subjectOf>
                     <consumedIn>
                        <substanceAdministration>
                           <routeCode code="C38288" displayName="ORAL" codeSystem="2.16.840.1.113883.3.26.1.1"/>
                        </substanceAdministration>
                     </consumedIn>
                  </manufacturedProduct>
               </subject>
            </section>
         </component>
         <component>
            <section>
               <id root="86bac211-c6dc-4dfd-97c0-08c62be86a9d"/>
               <code codeSystem="2.16.840.1.113883.6.1" code="42229-5" displayName="SPL UNCLASSIFIED SECTION"/>
               <title/>
               <text>
                  <paragraph>(clomipramine hydrochloride) </paragraph>
               </text>
               <effectiveTime value="20100124"/>
            </section>
         </component>
         <component>
            <section>
               <id root="c4263cef-2553-463c-90b0-e0807d65a73a"/>
               <code codeSystem="2.16.840.1.113883.6.1" code="42229-5" displayName="SPL UNCLASSIFIED SECTION"/>
               <title>
                  <content styleCode="bold">Caution:</content>
               </title>
               <text>
                  <paragraph>Federal (USA) law restricts this drug to use by or on the order of a licensed veterinarian.</paragraph>
               </text>
               <effectiveTime value="20130604"/>
            </section>
         </component>
         <component>
            <section>
               <id root="20fc0025-8cce-493d-a627-343e76c3dc2a"/>
               <code codeSystem="2.16.840.1.113883.6.1" code="34089-3" displayName="DESCRIPTION SECTION"/>
               <title>
                  <content styleCode="bold">Description:</content>
               </title>
               <text>
                  <paragraph>CLOMICALM (clomipramine hydrochloride) Tablets belong to the dibenzazepine class of tricyclic antidepressants. Clomipramine hydrochloride is 3-chloro-5[3-(dimethyl-amino)propyl]-10,11dihydro-5H dibenz[b,f]azepine monohydrochloride. CLOMICALM Tablets are oblong, light brown in color and contain clomipramine hydrochloride formulated together with meat components. The molecular weight of clomipramine  hydrochloride is 351.3. The structural formula is:</paragraph>
                  <paragraph>
                     <renderMultiMedia referencedObject="MM03000002"/>
                  </paragraph>
               </text>
               <effectiveTime value="20120715"/>
               <component>
                  <observationMedia ID="MM03000002">
                     <text>The structural formula for Clomipramine hydrochloride.</text>
                     <value xsi:type="ED" mediaType="image/jpeg">
                        <reference value="clomicalm-02.jpg"/>
                     </value>
                  </observationMedia>
               </component>
            </section>
         </component>
         <component>
            <section>
               <id root="0407908a-f181-461a-8ef6-c4b526e85282"/>
               <code codeSystem="2.16.840.1.113883.6.1" code="34090-1" displayName="CLINICAL PHARMACOLOGY SECTION"/>
               <title>
                  <content styleCode="bold">Clinical Pharmacology:</content>
               </title>
               <text>
                  <paragraph>Clomipramine hydrochloride reduces the clinical signs of separation anxiety by affecting serotonergic and noradrenergic neuronal transmission in the central nervous system. While clomipramine  hydrochloride can cause lethargy in dogs (see Adverse Reactions) its mode of action is not as a sedative. Clomipramine hydrochloride’s capacity to inhibit re-uptake of serotonin in the central nervous system is believed to be the primary mechanism of action. Clomipramine hydrochloride is rapidly absorbed when administered orally. A single-dose crossover study involving 12 dogs evaluated clomipramine hydrochloride bioavailability after IV (2 mg/kg) and oral (4 mg/kg) administration in either a fed or fasted state. The administration of clomipramine hydrochloride in the presence of food resulted in an increase in the rate and extent of drug absorption as shown in the following table (mean ±SD):</paragraph>
                  <paragraph>
                     <renderMultiMedia referencedObject="MM03000003"/>
                  </paragraph>
                  <paragraph>The absolute bioavailability is approximately 25% greater in fed dogs. The apparent terminal plasma half-life ranges from approximately 2 to 9 hours in fed and 3 to 21 hours in fasted dogs. The difference and variability in apparent half-life estimates may be attributable to prolonged drug absorption in the fasted state. The relatively large volume of distribution (3.8 ±0.8 L/kg) suggests that the drug is widely distributed throughout the body. <content styleCode="bold">Clomipramine is primarily metabolized in the liver.</content>
                  </paragraph>
               </text>
               <effectiveTime value="20120705"/>
               <component>
                  <observationMedia ID="MM03000003">
                     <text>Extent of Drug Absorption</text>
                     <value xsi:type="ED" mediaType="image/jpeg">
                        <reference value="clomicalm-03.jpg"/>
                     </value>
                  </observationMedia>
               </component>
            </section>
         </component>
         <component>
            <section>
               <id root="1d3578e2-0281-4a47-b27d-89b5fe800a4c"/>
               <code codeSystem="2.16.840.1.113883.6.1" code="34067-9" displayName="INDICATIONS &amp; USAGE SECTION"/>
               <title>
                  <content styleCode="bold">Indications and Usage: </content>
               </title>
               <text>
                  <paragraph>CLOMICALM Tablets are to be used as part of a comprehensive behavioral management program to treat separation anxiety in dogs greater than 6 months of age. Inappropriate barking or destructive behavior, as well as inappropriate elimination (urination or defecation) may be alleviated by the use of CLOMICALM Tablets in conjunction with behavior modification.</paragraph>
                  <paragraph>Separation anxiety is a complex behavior disorder displayed when the owner (or other attachment figure) leaves the dog. The signs of separation anxiety evaluated in controlled trials were vocalization, destructive behavior, excessive salivation, and inappropriate elimination. In the absence of the owner or attachment figure, dogs with separation anxiety may exhibit one or more of these clinical signs. Although the owner (attachment figure) may inadvertently misinterpret this behavior, which only happens in their absence, as spiteful, it is thought to be the result of anxiety experienced by the dog. Punishment is not considered appropriate for a dog with separation anxiety. </paragraph>
                  <paragraph>Proper recognition of clinical signs, including a complete patient history and assessment of the patient’s household environment, is essential to accurately diagnose and treat separation anxiety. </paragraph>
                  <paragraph>The use of CLOMICALM Tablets should not replace appropriate behavioral and environmental management but should be used to facilitate a comprehensive behavior management program.</paragraph>
               </text>
               <effectiveTime value="20100124"/>
            </section>
         </component>
         <component>
            <section>
               <id root="56487d79-8558-425e-9a55-a5e60f6cd2d7"/>
               <code codeSystem="2.16.840.1.113883.6.1" code="34070-3" displayName="CONTRAINDICATIONS SECTION"/>
               <title>
                  <content styleCode="bold">Contraindications: </content>
               </title>
               <text>
                  <paragraph>CLOMICALM Tablets are contraindicated in dogs with known hypersensitivity to clomipramine or other tricyclic antidepressants.</paragraph>
                  <paragraph>CLOMICALM Tablets should not be used in male breeding dogs. Testicular hypoplasia was seen in dogs treated for 1 year at 12.5 times the maximum daily dose.</paragraph>
                  <paragraph>CLOMICALM Tablets should not be given in combination, or within 14 days before or after treatment with a monoamine oxidase inhibitor [e.g. selegiline hydrochloride (L-deprenyl),amitraz].</paragraph>
                  <paragraph>CLOMICALM Tablets are contraindicated for use in dogs with a history of seizures or concomitantly with drugs which lower the seizure threshold.</paragraph>
               </text>
               <effectiveTime value="20100124"/>
            </section>
         </component>
         <component>
            <section>
               <id root="5ca9c8e8-a6f4-4544-bad3-09cad1b6dc9d"/>
               <code codeSystem="2.16.840.1.113883.6.1" code="34071-1" displayName="WARNINGS SECTION"/>
               <title>
                  <content styleCode="bold">Human Warnings:</content>
               </title>
               <text>
                  <paragraph>
                     <content styleCode="bold">Not for use in humans. Keep out of reach of children. In case of accidental ingestion seek medical attention immediately. In children, accidental ingestion should be regarded as serious. There is no specific antidote for clomipramine. Overdose in humans causes anticholinergic effects including effects on the central nervous (e.g., convulsions) and cardiovascular (e.g., arrhythmia, tachycardia) systems. People with known hypersensitivity to clomipramine should administer the product with caution.</content>
                  </paragraph>
               </text>
               <effectiveTime value="20100124"/>
            </section>
         </component>
         <component>
            <section>
               <id root="cafb0558-b8c9-4756-b869-350ea49de9a1"/>
               <code codeSystem="2.16.840.1.113883.6.1" code="42232-9" displayName="PRECAUTIONS SECTION"/>
               <title>
                  <content styleCode="bold">Precautions:</content>
               </title>
               <text>
                  <paragraph>
                     <content styleCode="bold">General:</content> CLOMICALM Tablets are not recommended for other behavior problems, such as aggression (see Adverse Reactions). Studies to establish the safety and efficacy of CLOMICALM Tablets in dogs less than 6 months of age have not been conducted.</paragraph>
                  <paragraph>
                     <content styleCode="bold">Diagnosis:</content> It is critical to conduct a comprehensive physical examination, including appropriate laboratory tests, and to obtain a thorough history and assessment of the patient’s household environment, to rule-out causes of inappropriate behavior unrelated to separation anxiety before prescribing CLOMICALM Tablets. Periodic reassessment of hematological and serum biochemical data during the administration of this medication is advised. Veterinarians should be familiar with the risks and benefits of the treatment of behavioral disorders in dogs before initiating therapy. Inappropriate use of CLOMICALM Tablets, i.e., in the absence of a diagnosis or without concurrent behavioral modification, may expose the animal to unnecessary adverse effects and may not provide any lasting benefit of therapy.</paragraph>
               </text>
               <effectiveTime value="20100124"/>
            </section>
         </component>
         <component>
            <section>
               <id root="5a5efefb-55cc-46a6-8a16-972daab88584"/>
               <code codeSystem="2.16.840.1.113883.6.1" code="34073-7" displayName="DRUG INTERACTIONS SECTION"/>
               <title>
                  <content styleCode="bold">Drug Interactions: </content>
               </title>
               <text>
                  <paragraph>Recommendations on the interaction between clomipramine and other medications are extrapolated from data generated in humans. Plasma concentrations of clomipramine have been reported to be increased by the concomitant administration of phenobarbital. Plasma levels of closely related tricyclic antidepressants have been reported to be increased by the concomitant administration of hepatic enzyme inhibitors (e.g., cimetidine, fluoxetine). Plasma levels of closely related tricyclic antidepressants have been reported to be decreased by the concomitant administration of hepatic enzyme inducers (e.g. barbiturates, phenytoin). Caution is advised in using clomipramine with anticholinergic or sympathomimetic drugs or with other CNS-active drugs, including general anesthetics and neuroleptics.</paragraph>
                  <paragraph>Prior to elective surgery with general anesthetics, clomipramine should be discontinued for as long as clinically feasible.</paragraph>
               </text>
               <effectiveTime value="20100124"/>
            </section>
         </component>
         <component>
            <section>
               <id root="b80d6d8a-f9c8-42d6-9f99-55f3d9f98b7e"/>
               <code codeSystem="2.16.840.1.113883.6.1" code="42229-5" displayName="SPL UNCLASSIFIED SECTION"/>
               <title>
                  <content styleCode="bold">Use in Concomitant Illness: </content>
               </title>
               <text>
                  <paragraph>Use with caution in dogs with cardiovascular disease. At 20 mg/kg/day (5X the maximum recommended dose), bradycardia and arrhythmias (atrioventricular node block and ventricular extrasystole) were observed in dogs. Because of its anticholinergic properties, clomipramine should be used with caution in patients with increased intraocular pressure, a history of narrow angle glaucoma, urinary retention or reduced gastrointestinal motility. Because clomipramine is principally metabolized in the liver, caution is advised in using this medication in the presence of preexisting liver disease.</paragraph>
               </text>
               <effectiveTime value="20100124"/>
            </section>
         </component>
         <component>
            <section>
               <id root="f3eacd0e-0a31-44d6-a641-b8e5cf854987"/>
               <code codeSystem="2.16.840.1.113883.6.1" code="42229-5" displayName="SPL UNCLASSIFIED SECTION"/>
               <title>
                  <content styleCode="bold">Reproductive Safety: </content>
               </title>
               <text>
                  <paragraph>Safety studies to determine the effects of CLOMICALM Tablets in pregnant or lactating female dogs have not been conducted. CLOMICALM Tablets should not be used in breeding males (See Contraindications). </paragraph>
               </text>
               <effectiveTime value="20100124"/>
            </section>
         </component>
         <component>
            <section>
               <id root="773927f9-5c89-4a5e-ba28-52e1f741f869"/>
               <code codeSystem="2.16.840.1.113883.6.1" code="42229-5" displayName="SPL UNCLASSIFIED SECTION"/>
               <title>
                  <content styleCode="bold">Efficacy: </content>
               </title>
               <text>
                  <paragraph>
                     <content styleCode="bold">Dose Establishment:</content> A 12 week, placebo-controlled, multi-site clinical trial was conducted in the US and Europe to establish an effective dose of CLOMICALM Tablets in dogs. Treatment with CLOMICALM Tablets, at 2 - 4 mg/kg/day divided twice daily, in conjunction with behavioral modification (desensitization and counterconditioning) was more effective than behavior modification alone in reducing the signs of separation anxiety in dogs.</paragraph>
                  <paragraph>
                     <content styleCode="bold">Dose Confirmation:</content> In another placebo-controlled, multi-site clinical trial, CLOMICALM Tablets at 2 - 4 mg/kg/day given either once daily or divided twice daily showed significant improvement in resolving signs of separation anxiety when tested against behavioral modification alone (desensitization and counterconditioning). In this 8 week study, the rate of improvement of the dogs receiving CLOMICALM Tablets with behavioral modification was significantly faster than the rate of improvement of the dogs receiving behavioral modification alone. After one week on trial, 47% of the dogs receiving CLOMICALM Tablets once or twice (divided dose) daily in conjunction with behavioral modification showed clinical improvement compared to improvement in 29% of the dogs receiving behavioral modification alone.</paragraph>
               </text>
               <effectiveTime value="20100124"/>
            </section>
         </component>
         <component>
            <section>
               <id root="0fdc04ac-b9dd-42ac-a811-d935173bd7c4"/>
               <code codeSystem="2.16.840.1.113883.6.1" code="42229-5" displayName="SPL UNCLASSIFIED SECTION"/>
               <title>
                  <content styleCode="bold">Safety:</content>
               </title>
               <text>
                  <paragraph>CLOMICALM Tablets were demonstrated to be well-tolerated in dogs at the recommended label dose of 2-4 mg/kg/day. In a six month target animal safety study, beagle dogs were dosed daily at 4 (1X), 12 (3X), and 20 (5X) mg/kg/day. Emesis was seen in all groups including the dogs receiving placebo, but occurred more frequently in dogs receiving 12 and 20 mg/kg. Decreased activity was also seen in dogs receiving the 12 and 20 mg/kg. There were no apparent treatment-related alterations in the following: body weights, physical examination findings, electrocardiograph examinations, hematology or biochemistry parameters, ophthalmoscopic examinations, macroscopic or microscopic organ examinations and organ weights. Average food and water consumption over the 26 week period was similar for control and treated groups. In a one year study, pure bred dogs were dosed daily at 12.5 (3X), 50 (12.5X), and 100 (25X) mg/kg/day. Emesis and mydriasis were observed within 15 minutes to one hour after dosing in dogs receiving 12.5, 50, and 100 mg/kg/day and lethargy was observed within 1 hour of dosing in dogs receiving 50 and 100 mg/kg. Testicular hypoplasia was seen in dogs receiving 50 mg/kg. At 100 mg/kg/day (25X) convulsions and eventual death occurred in five out of the eight dogs.</paragraph>
               </text>
               <effectiveTime value="20130604"/>
            </section>
         </component>
         <component>
            <section>
               <id root="08a8f6b7-7c31-4677-abd9-020145e43529"/>
               <code codeSystem="2.16.840.1.113883.6.1" code="34084-4" displayName="ADVERSE REACTIONS SECTION"/>
               <title>
                  <content styleCode="bold">Adverse Reactions: </content>
               </title>
               <text>
                  <paragraph>Frequency and category of adverse reactions observed in dogs dosed with CLOMICALM Tablets or placebo were observed in multisite clinical studies as follows.</paragraph>
                  <paragraph>
                     <renderMultiMedia referencedObject="MM03000004"/>
                  </paragraph>
                  <paragraph>*These dogs displayed growling behavior towards either humans or other dogs.</paragraph>
                  <paragraph>
                     <content styleCode="bold">Post-Approval Experience:</content> Although not all adverse reactions  are reported, the following adverse reactions are based on voluntary post-approval  adverse drug experience reporting: lethargy/depression, anorexia, elevation in liver enzymes, vomiting and diarrhea. Hepatobiliary disease has occurred, especially in the presence of pre-existing conditions or with concurrent administration of drugs metabolized via the hepatic system. Additionally, in an overdose situation, the following signs have been reported: ataxia, convulsion(s), anticholinergic effects (e.g. mydriasis, bradycardia, tachycardia, and arrhythmia) and vocalization.</paragraph>
                  <paragraph>To report suspected adverse reactions or in case of accidental human ingestion, call 1-800-637-0281.</paragraph>
               </text>
               <effectiveTime value="20100124"/>
               <component>
                  <observationMedia ID="MM03000004">
                     <text>Adverse Reactions Reported in Placebo-Controlled Clinical Field Trials
</text>
                     <value xsi:type="ED" mediaType="image/jpeg">
                        <reference value="clomicalm-04.jpg"/>
                     </value>
                  </observationMedia>
               </component>
            </section>
         </component>
         <component>
            <section>
               <id root="081a13d2-c134-44aa-8b17-0c6728f244d5"/>
               <code codeSystem="2.16.840.1.113883.6.1" code="34068-7" displayName="DOSAGE &amp; ADMINISTRATION SECTION"/>
               <title>
                  <content styleCode="bold">Dosage and Administration: </content>
               </title>
               <text>
                  <paragraph>The recommended daily dose of CLOMICALM Tablets is 2 to 4 mg/kg/day (0.9 -1.8 mg/lb/day) (see dosing table below). It can be administered as a single daily dose or divided twice daily based on patient response and/or tolerance of the side effects. It may be prudent to initiate treatment in divided doses to minimize side effects by permitting tolerance to side effects to develop or allowing the patient time to adapt if tolerance does not develop. To reduce the incidence of vomiting that may be experienced by some dogs, CLOMICALM Tablets may be given with a small amount of food.</paragraph>
                  <paragraph>
                     <renderMultiMedia referencedObject="MM03000005"/>
                  </paragraph>
                  <paragraph>The specific methods of behavioral modification used in clinical trials involved desensitization and counterconditioning techniques. Since the manifestation of separation anxiety can vary according to the individual dog, it is advised that a specific behavior modification plan be developed based on a professional assessment of each individual case. </paragraph>
                  <paragraph>Once the desired clinical effect is achieved and the owners have successfully instituted the appropriate behavioral modification, the dose of CLOMICALM Tablets may be reduced to maintain the desired effect or discontinued. Withdrawal side effects were not reported in studies with CLOMICALM Tablets in dogs. However, in clinical practice, it is recommended to taper the individual patient dose while continuing to monitor the dog’s behavior and clinical status through the dose reduction or withdrawal period. Continued behavioral modification is recommended to prevent recurrence of the clinical signs.</paragraph>
                  <paragraph>The effectiveness and clinical safety of CLOMICALM Tablets for long-term use (i.e., for more than 12 weeks) has not been evaluated. </paragraph>
                  <paragraph>Professional judgment should be used in monitoring the patient’s clinical status, response to therapy and tolerance to side effects to determine the need to continue treatment with CLOMICALM Tablets and to continue to rule-out physiological disorders which may complicate the diagnosis and treatment of separation anxiety.</paragraph>
               </text>
               <effectiveTime value="20100124"/>
               <component>
                  <observationMedia ID="MM03000005">
                     <text>Dosing Table </text>
                     <value xsi:type="ED" mediaType="image/jpeg">
                        <reference value="clomicalm-05.jpg"/>
                     </value>
                  </observationMedia>
               </component>
            </section>
         </component>
         <component>
            <section>
               <id root="34bbb16d-4567-4994-8ec8-4229080c7c90"/>
               <code codeSystem="2.16.840.1.113883.6.1" code="44425-7" displayName="STORAGE AND HANDLING SECTION"/>
               <title>
                  <content styleCode="bold">Storage Conditions: </content>
               </title>
               <text>
                  <paragraph>Store in a dry place at controlled room temperature, between 59°and 77°F (15-25°C). Store unused tablets in the original closed container.</paragraph>
               </text>
               <effectiveTime value="20100124"/>
            </section>
         </component>
         <component>
            <section>
               <id root="f7be856b-0f4e-4780-9c7e-4c5be94a5703"/>
               <code codeSystem="2.16.840.1.113883.6.1" code="34069-5" displayName="HOW SUPPLIED SECTION"/>
               <title>
                  <content styleCode="bold">How Supplied: </content>
               </title>
               <text>
                  <paragraph>CLOMICALM Tablets are available in 5, 20, 40 and 80 mg tablet strengths in color-coded packaging for oral administration to dogs.</paragraph>
                  <paragraph>Keep this and all drugs out of reach of children.</paragraph>
                  <paragraph>Manufactured for:
		     
	Novartis Animal Health US, Inc.</paragraph>
                  <paragraph>                                   Greensboro, NC 27408, USA</paragraph>
               </text>
               <effectiveTime value="20100124"/>
            </section>
         </component>
         <component>
            <section>
               <id root="f6d51d2c-f81e-480d-8ba6-2d865498e5a2"/>
               <code codeSystem="2.16.840.1.113883.6.1" code="42229-5" displayName="SPL UNCLASSIFIED SECTION"/>
               <title>NADA # 141-120, Approved by FDA</title>
               <text>
                  <paragraph>© 2009 Novartis Animal Health US, Inc.
		     
	<br/>Clomicalm is a registered trademark of Novartis AG.
		     
	<br/>NAH/CLO-T/VI/7-A</paragraph>
                  <paragraph>5/09</paragraph>
               </text>
               <effectiveTime value="20120715"/>
            </section>
         </component>
         <component>
            <section>
               <id root="677ec663-86c4-43b4-8f79-306c87a69dd6"/>
               <code codeSystem="2.16.840.1.113883.6.1" code="51945-4" displayName="PACKAGE LABEL.PRINCIPAL DISPLAY PANEL"/>
               <title>
                  <content styleCode="bold">PRINCIPAL DISPLAY PANEL</content>
               </title>
               <text>
                  <paragraph>
                     <content styleCode="bold">CLOMICALM</content>
                     <content styleCode="bold">
                        <sup>®</sup>
                     </content>
                     <br/>(clomipramine hydrochloride)<br/>
                     <content styleCode="bold">5 mg</content> (2.75 – 10.9 lbs. body weight)<br/>
                     <content styleCode="bold">FOR USE IN DOGS ONLY</content>
                     <content styleCode="bold">
                        <br/>CAUTION:</content> Federal (USA) law restricts this<br/>drug for use by or on the order of a<br/>licensed veterinarian<br/>Net contents: 30 tablets<br/>5 mg each<br/>Product #611048<br/>NOVARTIS ANIMAL HEALTH<br/>
                  </paragraph>
                  <paragraph>
                     <renderMultiMedia referencedObject="MM03000007"/>
                  </paragraph>
               </text>
               <effectiveTime value="20100124"/>
               <component>
                  <observationMedia ID="MM03000007">
                     <text>CLOMICALM®
(clomipramine hydrochloride)
5 mg (2.75 – 10.9 lbs. body weight)
FOR USE IN DOGS ONLY
CAUTION: Federal (USA) law restricts this
drug to use by or on the order of a
licensed veterinarian.
Net contents: 30 tablets
5 mg each
Product #611048
NOVARTIS ANIMAL HEALTH
</text>
                     <value xsi:type="ED" mediaType="image/jpeg">
                        <reference value="clomicalm-07.jpg"/>
                     </value>
                  </observationMedia>
               </component>
            </section>
         </component>
         <component>
            <section>
               <id root="64ef44b5-ea6a-4e35-b357-97fd78e1dae3"/>
               <code codeSystem="2.16.840.1.113883.6.1" code="51945-4" displayName="PACKAGE LABEL.PRINCIPAL DISPLAY PANEL"/>
               <title>
                  <content styleCode="bold">PRINCIPAL DISPLAY PANEL</content>
               </title>
               <text>
                  <paragraph>
                     <content styleCode="bold">CLOMICALM</content>
                     <content styleCode="bold">
                        <sup>®</sup>
                     </content>
                     <br/>(clomipramine hydrochloride)<br/>
                     <content styleCode="bold">20 mg</content> (11 – 22 lbs. body weight)<br/>
                     <content styleCode="bold">FOR USE IN DOGS ONLY</content>
                     <content styleCode="bold">
                        <br/>CAUTION:</content> Federal (USA) law restricts this<br/>drug for use by or on the order of a<br/>licensed veterinarian<br/>Net contents: 30 tablets<br/>20 mg each<br/>Product #611049<br/>NOVARTIS ANIMAL HEALTH</paragraph>
                  <paragraph>
                     <renderMultiMedia referencedObject="MM03000008"/>
                  </paragraph>
               </text>
               <effectiveTime value="20130604"/>
               <component>
                  <observationMedia ID="MM03000008">
                     <text>CLOMICALM®
(clomipramine hydrochloride)
20 mg (11 – 22 lbs. body weight)
FOR USE IN DOGS ONLY
CAUTION: Federal (USA) law restricts this
drug to use by or on the order of a
licensed veterinarian.
Net contents: 30 tablets
20 mg each
Product #611049
NOVARTIS ANIMAL HEALTH
</text>
                     <value xsi:type="ED" mediaType="image/jpeg">
                        <reference value="clomicalm-08.jpg"/>
                     </value>
                  </observationMedia>
               </component>
            </section>
         </component>
         <component>
            <section>
               <id root="2335f611-8fbe-46c6-9dd8-c0dd3583eca3"/>
               <code codeSystem="2.16.840.1.113883.6.1" code="51945-4" displayName="PACKAGE LABEL.PRINCIPAL DISPLAY PANEL"/>
               <title>
                  <content styleCode="bold">PRINCIPAL DISPLAY PANEL</content>
               </title>
               <text>
                  <paragraph>
                     <content styleCode="bold">CLOMICALM</content>
                     <content styleCode="bold">
                        <sup>®</sup>
                     </content>
                     <br/>(clomipramine hydrochloride)<br/>
                     <content styleCode="bold">40 mg</content> (22.1 – 44 lbs. body weight)<br/>
                     <content styleCode="bold">FOR USE IN DOGS ONLY</content>
                     <content styleCode="bold">
                        <br/>CAUTION:</content> Federal (USA) law restricts this<br/>drug to use by or on the order of a<br/>licensed veterinarian.<br/>Net contents: 30 tablets<br/>40 mg each<br/>Product #40332<br/>NOVARTIS ANIMAL HEALTH</paragraph>
                  <paragraph>
                     <renderMultiMedia referencedObject="MM03000009"/>
                  </paragraph>
               </text>
               <effectiveTime value="20130604"/>
               <component>
                  <observationMedia ID="MM03000009">
                     <text>CLOMICALM®
(clomipramine hydrochloride)
40 mg (22.1 – 44 lbs. body weight)
FOR USE IN DOGS ONLY
CAUTION: Federal (USA) law restricts this
drug to use by or on the order of a
licensed veterinarian.
Net contents: 30 tablets
40 mg each
Product #40332
NOVARTIS ANIMAL HEALTH
</text>
                     <value xsi:type="ED" mediaType="image/jpeg">
                        <reference value="clomicalm-09.jpg"/>
                     </value>
                  </observationMedia>
               </component>
            </section>
         </component>
         <component>
            <section>
               <id root="82a4dd13-98e5-4b95-8b32-fa8a180e99f4"/>
               <code codeSystem="2.16.840.1.113883.6.1" code="51945-4" displayName="PACKAGE LABEL.PRINCIPAL DISPLAY PANEL"/>
               <title>
                  <content styleCode="bold">PRINCIPAL DISPLAY PANEL</content>
               </title>
               <text>
                  <paragraph>
                     <content styleCode="bold">CLOMICALM</content>
                     <content styleCode="bold">
                        <sup>®</sup>
                     </content>
                     <br/>(clomipramine hydrochloride)<br/>
                     <content styleCode="bold">80</content>
                     <content styleCode="bold"> mg</content> (44.1 – 176 lbs. body weight)<br/>
                     <content styleCode="bold">FOR USE IN DOGS ONLY</content>
                     <content styleCode="bold">
                        <br/>CAUTION:</content> Federal (USA) law restricts this<br/>drug for use by or on the order of a<br/>licensed veterinarian<br/>Net contents: 30 tablets<br/>80 mg each<br/>Product #611050<br/>NOVARTIS ANIMAL HEALTH</paragraph>
                  <paragraph>
                     <renderMultiMedia referencedObject="MM0300000A"/>
                  </paragraph>
               </text>
               <effectiveTime value="20130604"/>
               <component>
                  <observationMedia ID="MM0300000A">
                     <text>CLOMICALM®
(clomipramine hydrochloride)
80 mg (44.1 – 176 lbs. body weight)
FOR USE IN DOGS ONLY
CAUTION: Federal (USA) law restricts this
drug to use by or on the order of a
licensed veterinarian.
Net contents: 30 tablets
80 mg each
Product #611050
NOVARTIS ANIMAL HEALTH
</text>
                     <value xsi:type="ED" mediaType="image/jpeg">
                        <reference value="clomicalm-0A.jpg"/>
                     </value>
                  </observationMedia>
               </component>
            </section>
         </component>
         <component>
            <section>
               <id root="1da1ca1d-6ae7-4c03-9841-9ff19c937fda"/>
               <code codeSystem="2.16.840.1.113883.6.1" code="51945-4" displayName="PACKAGE LABEL.PRINCIPAL DISPLAY PANEL"/>
               <title>
                  <content styleCode="bold">PRINCIPAL DISPLAY PANEL</content>
               </title>
               <text>
                  <paragraph>
                     <content styleCode="bold">CLOM</content>
                     <content styleCode="bold">IPRAMINE HCL</content>
                     <br/>
                     <content styleCode="bold">CGA 310816 A</content>
                     <content styleCode="bold">
                        <br/>PROD. NO. 80023</content>
                     <content styleCode="bold">
                        <br/>CAS-NO 17321-77-6</content>
                     <content styleCode="bold">
                        <br/>DANGEROUS FOR THE ENIVRONMENT</content>
                     <content styleCode="bold">
                        <br/>HARMFUL</content> </paragraph>
                  <paragraph>
                     <renderMultiMedia referencedObject="MM0300000B"/>
                  </paragraph>
               </text>
               <effectiveTime value="20130611"/>
               <component>
                  <observationMedia ID="MM0300000B">
                     <text>CLOMIPRAMINE HCL
CGA 310816 A
PROD. NO. 80023
CAS-NO 17321-77-6
DANGEROUS FOR THE ENIVRONMENT
HARMFUL 
</text>
                     <value xsi:type="ED" mediaType="image/jpeg">
                        <reference value="clomicalm-0B.jpg"/>
                     </value>
                  </observationMedia>
               </component>
            </section>
         </component>
      </structuredBody>
   </component>
</document>