<?xml version="1.0" encoding="UTF-8"?><?xml-stylesheet href="http://www.accessdata.fda.gov/spl/stylesheet/spl.xsl" type="text/xsl"?>
<document xmlns="urn:hl7-org:v3" xmlns:xsi="http://www.w3.org/2001/XMLSchema-instance" xsi:schemaLocation="urn:hl7-org:v3 http://www.accessdata.fda.gov/spl/schema/spl.xsd">
   <id root="f51f216a-d991-4eea-b4a6-430d881bd686"/>
   <code code="34391-3" codeSystem="2.16.840.1.113883.6.1" displayName="HUMAN PRESCRIPTION DRUG LABEL"/>
   <title/>
   <effectiveTime value="20130606"/>
   <setId root="afbc8ef1-ebf2-47fb-84dd-5d2c4dd1cfbf"/>
   <versionNumber value="6"/>
   <author>
      <time/>
      <assignedEntity>
         <representedOrganization>
            <id extension="188557102" root="1.3.6.1.4.1.519.1"/>
            <name>Cardinal Health</name>
            <assignedEntity>
               <assignedOrganization>
                  <assignedEntity>
                     <assignedOrganization>
                        <id extension="188557102" root="1.3.6.1.4.1.519.1"/>
                        <name>Cardinal Health</name>
                     </assignedOrganization>
                     <performance>
                        <actDefinition>
                           <code code="C73606" codeSystem="2.16.840.1.113883.3.26.1.1" displayName="REPACK"/>
                           <product>
                              <manufacturedProduct classCode="MANU">
                                 <manufacturedMaterialKind>
                                    <code code="55154-5561" codeSystem="2.16.840.1.113883.6.69"/>
                                 </manufacturedMaterialKind>
                              </manufacturedProduct>
                           </product>
                        </actDefinition>
                     </performance>
                     <performance>
                        <actDefinition>
                           <code code="C73606" codeSystem="2.16.840.1.113883.3.26.1.1" displayName="REPACK"/>
                           <product>
                              <manufacturedProduct classCode="MANU">
                                 <manufacturedMaterialKind>
                                    <code code="55154-5562" codeSystem="2.16.840.1.113883.6.69"/>
                                 </manufacturedMaterialKind>
                              </manufacturedProduct>
                           </product>
                        </actDefinition>
                     </performance>
                     <performance>
                        <actDefinition>
                           <code code="C73606" codeSystem="2.16.840.1.113883.3.26.1.1" displayName="REPACK"/>
                           <product>
                              <manufacturedProduct classCode="MANU">
                                 <manufacturedMaterialKind>
                                    <code code="55154-5570" codeSystem="2.16.840.1.113883.6.69"/>
                                 </manufacturedMaterialKind>
                              </manufacturedProduct>
                           </product>
                        </actDefinition>
                     </performance>
                  </assignedEntity>
               </assignedOrganization>
            </assignedEntity>
         </representedOrganization>
      </assignedEntity>
   </author>
   <component>
      <structuredBody>
         <component>
            <section>
               <id root="3bf8e0dc-ad65-4810-be89-77f06de171fa"/>
               <code code="48780-1" codeSystem="2.16.840.1.113883.6.1" displayName="SPL listing data elements section"/>
               <effectiveTime value="20061221"/>
               <subject>
                  <manufacturedProduct>
                     <manufacturedProduct>
                        <code codeSystem="2.16.840.1.113883.6.69" code="55154-5561"/>
                        <name>Clonidine Hydrochloride</name>
                        <formCode code="C42998" codeSystem="2.16.840.1.113883.3.26.1.1" displayName="TABLET"/>
                        <asEntityWithGeneric>
                           <genericMedicine>
                              <name>Clonidine Hydrochloride</name>
                           </genericMedicine>
                        </asEntityWithGeneric>
                        <asEquivalentEntity classCode="EQUIV">
                           <code code="C64637" codeSystem="2.16.840.1.113883.3.26.1.1"/>
                           <definingMaterialKind>
                              <code code="51079-299" codeSystem="2.16.840.1.113883.6.69"/>
                           </definingMaterialKind>
                        </asEquivalentEntity>
                        <ingredient classCode="ACTIB">
                           <quantity>
                              <numerator value="0.1" unit="mg"/>
                              <denominator value="1" unit="1"/>
                           </quantity>
                           <ingredientSubstance>
                              <code code="W76I6XXF06" codeSystem="2.16.840.1.113883.4.9"/>
                              <name>CLONIDINE HYDROCHLORIDE</name>
                              <activeMoiety>
                                 <activeMoiety>
                                    <code code="MN3L5RMN02" codeSystem="2.16.840.1.113883.4.9"/>
                                    <name>CLONIDINE</name>
                                 </activeMoiety>
                              </activeMoiety>
                           </ingredientSubstance>
                        </ingredient>
                        <ingredient classCode="IACT">
                           <ingredientSubstance>
                              <code code="01Q9PC255D" codeSystem="2.16.840.1.113883.4.9"/>
                              <name>AMMONIUM CHLORIDE</name>
                           </ingredientSubstance>
                        </ingredient>
                        <ingredient classCode="IACT">
                           <ingredientSubstance>
                              <code code="ETJ7Z6XBU4" codeSystem="2.16.840.1.113883.4.9"/>
                              <name>SILICON DIOXIDE</name>
                           </ingredientSubstance>
                        </ingredient>
                        <ingredient classCode="IACT">
                           <ingredientSubstance>
                              <code code="M28OL1HH48" codeSystem="2.16.840.1.113883.4.9"/>
                              <name>CROSCARMELLOSE SODIUM</name>
                           </ingredientSubstance>
                        </ingredient>
                        <ingredient classCode="IACT">
                           <ingredientSubstance>
                              <code code="70097M6I30" codeSystem="2.16.840.1.113883.4.9"/>
                              <name>MAGNESIUM STEARATE</name>
                           </ingredientSubstance>
                        </ingredient>
                        <ingredient classCode="IACT">
                           <ingredientSubstance>
                              <code code="OP1R32D61U" codeSystem="2.16.840.1.113883.4.9"/>
                              <name>CELLULOSE, MICROCRYSTALLINE</name>
                           </ingredientSubstance>
                        </ingredient>
                        <ingredient classCode="IACT">
                           <ingredientSubstance>
                              <code code="368GB5141J" codeSystem="2.16.840.1.113883.4.9"/>
                              <name>SODIUM LAURYL SULFATE</name>
                           </ingredientSubstance>
                        </ingredient>
                        <asContent>
                           <quantity>
                              <numerator value="1" unit="1"/>
                              <denominator value="1"/>
                           </quantity>
                           <containerPackagedProduct>
                              <code/>
                              <formCode code="C43168" codeSystem="2.16.840.1.113883.3.26.1.1" displayName="BLISTER PACK"/>
                              <asContent>
                                 <quantity>
                                    <numerator value="10" unit="1"/>
                                    <denominator value="1"/>
                                 </quantity>
                                 <containerPackagedProduct>
                                    <code code="55154-5561-0" codeSystem="2.16.840.1.113883.6.69"/>
                                    <formCode code="C43167" codeSystem="2.16.840.1.113883.3.26.1.1" displayName="BAG"/>
                                 </containerPackagedProduct>
                              </asContent>
                           </containerPackagedProduct>
                        </asContent>
                     </manufacturedProduct>
                     <subjectOf>
                        <approval>
                           <id extension="ANDA070317" root="2.16.840.1.113883.3.150"/>
                           <code code="C73584" codeSystem="2.16.840.1.113883.3.26.1.1" displayName="ANDA"/>
                           <author>
                              <territorialAuthority>
                                 <territory>
                                    <code code="USA" codeSystem="2.16.840.1.113883.5.28"/>
                                 </territory>
                              </territorialAuthority>
                           </author>
                        </approval>
                     </subjectOf>
                     <subjectOf>
                        <marketingAct>
                           <code code="C53292" codeSystem="2.16.840.1.113883.3.26.1.1"/>
                           <statusCode code="active"/>
                           <effectiveTime>
                              <low value="20110708"/>
                           </effectiveTime>
                        </marketingAct>
                     </subjectOf>
                     <subjectOf>
                        <characteristic classCode="OBS">
                           <code code="SPLCOLOR" codeSystem="2.16.840.1.113883.1.11.19255"/>
                           <value xsi:type="CE" code="C48325" codeSystem="2.16.840.1.113883.3.26.1.1" displayName="WHITE">
                              <originalText>WHITE</originalText>
                           </value>
                        </characteristic>
                     </subjectOf>
                     <subjectOf>
                        <characteristic classCode="OBS">
                           <code code="SPLSIZE" codeSystem="2.16.840.1.113883.1.11.19255"/>
                           <value unit="mm" value="6" xsi:type="PQ"/>
                        </characteristic>
                     </subjectOf>
                     <subjectOf>
                        <characteristic classCode="OBS">
                           <code code="SPLSHAPE" codeSystem="2.16.840.1.113883.1.11.19255"/>
                           <value xsi:type="CE" code="C48348" codeSystem="2.16.840.1.113883.3.26.1.1" displayName="ROUND"/>
                        </characteristic>
                     </subjectOf>
                     <subjectOf>
                        <characteristic classCode="OBS">
                           <code code="SPLSCORE" codeSystem="2.16.840.1.113883.1.11.19255"/>
                           <value value="2" xsi:type="INT"/>
                        </characteristic>
                     </subjectOf>
                     <subjectOf>
                        <characteristic classCode="OBS">
                           <code code="SPLIMPRINT" codeSystem="2.16.840.1.113883.1.11.19255"/>
                           <value xsi:type="ST">MYLAN;152</value>
                        </characteristic>
                     </subjectOf>
                     <consumedIn>
                        <substanceAdministration>
                           <routeCode code="C38288" codeSystem="2.16.840.1.113883.3.26.1.1" displayName="ORAL"/>
                        </substanceAdministration>
                     </consumedIn>
                  </manufacturedProduct>
               </subject>
               <subject>
                  <manufacturedProduct>
                     <manufacturedProduct>
                        <code codeSystem="2.16.840.1.113883.6.69" code="55154-5562"/>
                        <name>Clonidine Hydrochloride</name>
                        <formCode code="C42998" codeSystem="2.16.840.1.113883.3.26.1.1" displayName="TABLET"/>
                        <asEntityWithGeneric>
                           <genericMedicine>
                              <name>Clonidine Hydrochloride</name>
                           </genericMedicine>
                        </asEntityWithGeneric>
                        <asEquivalentEntity classCode="EQUIV">
                           <code code="C64637" codeSystem="2.16.840.1.113883.3.26.1.1"/>
                           <definingMaterialKind>
                              <code code="51079-300" codeSystem="2.16.840.1.113883.6.69"/>
                           </definingMaterialKind>
                        </asEquivalentEntity>
                        <ingredient classCode="ACTIB">
                           <quantity>
                              <numerator value="0.2" unit="mg"/>
                              <denominator value="1" unit="1"/>
                           </quantity>
                           <ingredientSubstance>
                              <code code="W76I6XXF06" codeSystem="2.16.840.1.113883.4.9"/>
                              <name>CLONIDINE HYDROCHLORIDE</name>
                              <activeMoiety>
                                 <activeMoiety>
                                    <code code="MN3L5RMN02" codeSystem="2.16.840.1.113883.4.9"/>
                                    <name>CLONIDINE</name>
                                 </activeMoiety>
                              </activeMoiety>
                           </ingredientSubstance>
                        </ingredient>
                        <ingredient classCode="IACT">
                           <ingredientSubstance>
                              <code code="01Q9PC255D" codeSystem="2.16.840.1.113883.4.9"/>
                              <name>AMMONIUM CHLORIDE</name>
                           </ingredientSubstance>
                        </ingredient>
                        <ingredient classCode="IACT">
                           <ingredientSubstance>
                              <code code="ETJ7Z6XBU4" codeSystem="2.16.840.1.113883.4.9"/>
                              <name>SILICON DIOXIDE</name>
                           </ingredientSubstance>
                        </ingredient>
                        <ingredient classCode="IACT">
                           <ingredientSubstance>
                              <code code="M28OL1HH48" codeSystem="2.16.840.1.113883.4.9"/>
                              <name>CROSCARMELLOSE SODIUM</name>
                           </ingredientSubstance>
                        </ingredient>
                        <ingredient classCode="IACT">
                           <ingredientSubstance>
                              <code code="70097M6I30" codeSystem="2.16.840.1.113883.4.9"/>
                              <name>MAGNESIUM STEARATE</name>
                           </ingredientSubstance>
                        </ingredient>
                        <ingredient classCode="IACT">
                           <ingredientSubstance>
                              <code code="OP1R32D61U" codeSystem="2.16.840.1.113883.4.9"/>
                              <name>CELLULOSE, MICROCRYSTALLINE</name>
                           </ingredientSubstance>
                        </ingredient>
                        <ingredient classCode="IACT">
                           <ingredientSubstance>
                              <code code="368GB5141J" codeSystem="2.16.840.1.113883.4.9"/>
                              <name>SODIUM LAURYL SULFATE</name>
                           </ingredientSubstance>
                        </ingredient>
                        <asContent>
                           <quantity>
                              <numerator value="1" unit="1"/>
                              <denominator value="1"/>
                           </quantity>
                           <containerPackagedProduct>
                              <code/>
                              <formCode code="C43168" codeSystem="2.16.840.1.113883.3.26.1.1" displayName="BLISTER PACK"/>
                              <asContent>
                                 <quantity>
                                    <numerator value="10" unit="1"/>
                                    <denominator value="1"/>
                                 </quantity>
                                 <containerPackagedProduct>
                                    <code code="55154-5562-0" codeSystem="2.16.840.1.113883.6.69"/>
                                    <formCode code="C43167" codeSystem="2.16.840.1.113883.3.26.1.1" displayName="BAG"/>
                                 </containerPackagedProduct>
                              </asContent>
                           </containerPackagedProduct>
                        </asContent>
                     </manufacturedProduct>
                     <subjectOf>
                        <approval>
                           <id extension="ANDA070317" root="2.16.840.1.113883.3.150"/>
                           <code code="C73584" codeSystem="2.16.840.1.113883.3.26.1.1" displayName="ANDA"/>
                           <author>
                              <territorialAuthority>
                                 <territory>
                                    <code code="USA" codeSystem="2.16.840.1.113883.5.28"/>
                                 </territory>
                              </territorialAuthority>
                           </author>
                        </approval>
                     </subjectOf>
                     <subjectOf>
                        <marketingAct>
                           <code code="C53292" codeSystem="2.16.840.1.113883.3.26.1.1"/>
                           <statusCode code="active"/>
                           <effectiveTime>
                              <low value="20110708"/>
                           </effectiveTime>
                        </marketingAct>
                     </subjectOf>
                     <subjectOf>
                        <characteristic classCode="OBS">
                           <code code="SPLCOLOR" codeSystem="2.16.840.1.113883.1.11.19255"/>
                           <value xsi:type="CE" code="C48325" codeSystem="2.16.840.1.113883.3.26.1.1" displayName="WHITE">
                              <originalText>WHITE</originalText>
                           </value>
                        </characteristic>
                     </subjectOf>
                     <subjectOf>
                        <characteristic classCode="OBS">
                           <code code="SPLSIZE" codeSystem="2.16.840.1.113883.1.11.19255"/>
                           <value unit="mm" value="7" xsi:type="PQ"/>
                        </characteristic>
                     </subjectOf>
                     <subjectOf>
                        <characteristic classCode="OBS">
                           <code code="SPLSHAPE" codeSystem="2.16.840.1.113883.1.11.19255"/>
                           <value xsi:type="CE" code="C48348" codeSystem="2.16.840.1.113883.3.26.1.1" displayName="ROUND"/>
                        </characteristic>
                     </subjectOf>
                     <subjectOf>
                        <characteristic classCode="OBS">
                           <code code="SPLSCORE" codeSystem="2.16.840.1.113883.1.11.19255"/>
                           <value value="2" xsi:type="INT"/>
                        </characteristic>
                     </subjectOf>
                     <subjectOf>
                        <characteristic classCode="OBS">
                           <code code="SPLIMPRINT" codeSystem="2.16.840.1.113883.1.11.19255"/>
                           <value xsi:type="ST">MYLAN;186</value>
                        </characteristic>
                     </subjectOf>
                     <consumedIn>
                        <substanceAdministration>
                           <routeCode code="C38288" codeSystem="2.16.840.1.113883.3.26.1.1" displayName="ORAL"/>
                        </substanceAdministration>
                     </consumedIn>
                  </manufacturedProduct>
               </subject>
               <subject>
                  <manufacturedProduct>
                     <manufacturedProduct>
                        <code codeSystem="2.16.840.1.113883.6.69" code="55154-5570"/>
                        <name>Clonidine Hydrochloride</name>
                        <formCode code="C42998" codeSystem="2.16.840.1.113883.3.26.1.1" displayName="TABLET"/>
                        <asEntityWithGeneric>
                           <genericMedicine>
                              <name>Clonidine Hydrochloride</name>
                           </genericMedicine>
                        </asEntityWithGeneric>
                        <asEquivalentEntity classCode="EQUIV">
                           <code code="C64637" codeSystem="2.16.840.1.113883.3.26.1.1"/>
                           <definingMaterialKind>
                              <code code="51079-301" codeSystem="2.16.840.1.113883.6.69"/>
                           </definingMaterialKind>
                        </asEquivalentEntity>
                        <ingredient classCode="ACTIB">
                           <quantity>
                              <numerator value="0.3" unit="mg"/>
                              <denominator value="1" unit="1"/>
                           </quantity>
                           <ingredientSubstance>
                              <code code="W76I6XXF06" codeSystem="2.16.840.1.113883.4.9"/>
                              <name>CLONIDINE HYDROCHLORIDE</name>
                              <activeMoiety>
                                 <activeMoiety>
                                    <code code="MN3L5RMN02" codeSystem="2.16.840.1.113883.4.9"/>
                                    <name>CLONIDINE</name>
                                 </activeMoiety>
                              </activeMoiety>
                           </ingredientSubstance>
                        </ingredient>
                        <ingredient classCode="IACT">
                           <ingredientSubstance>
                              <code code="01Q9PC255D" codeSystem="2.16.840.1.113883.4.9"/>
                              <name>AMMONIUM CHLORIDE</name>
                           </ingredientSubstance>
                        </ingredient>
                        <ingredient classCode="IACT">
                           <ingredientSubstance>
                              <code code="ETJ7Z6XBU4" codeSystem="2.16.840.1.113883.4.9"/>
                              <name>SILICON DIOXIDE</name>
                           </ingredientSubstance>
                        </ingredient>
                        <ingredient classCode="IACT">
                           <ingredientSubstance>
                              <code code="M28OL1HH48" codeSystem="2.16.840.1.113883.4.9"/>
                              <name>CROSCARMELLOSE SODIUM</name>
                           </ingredientSubstance>
                        </ingredient>
                        <ingredient classCode="IACT">
                           <ingredientSubstance>
                              <code code="70097M6I30" codeSystem="2.16.840.1.113883.4.9"/>
                              <name>MAGNESIUM STEARATE</name>
                           </ingredientSubstance>
                        </ingredient>
                        <ingredient classCode="IACT">
                           <ingredientSubstance>
                              <code code="OP1R32D61U" codeSystem="2.16.840.1.113883.4.9"/>
                              <name>CELLULOSE, MICROCRYSTALLINE</name>
                           </ingredientSubstance>
                        </ingredient>
                        <ingredient classCode="IACT">
                           <ingredientSubstance>
                              <code code="368GB5141J" codeSystem="2.16.840.1.113883.4.9"/>
                              <name>SODIUM LAURYL SULFATE</name>
                           </ingredientSubstance>
                        </ingredient>
                        <asContent>
                           <quantity>
                              <numerator value="1" unit="1"/>
                              <denominator value="1"/>
                           </quantity>
                           <containerPackagedProduct>
                              <code/>
                              <formCode code="C43168" codeSystem="2.16.840.1.113883.3.26.1.1" displayName="BLISTER PACK"/>
                              <asContent>
                                 <quantity>
                                    <numerator value="10" unit="1"/>
                                    <denominator value="1"/>
                                 </quantity>
                                 <containerPackagedProduct>
                                    <code code="55154-5570-0" codeSystem="2.16.840.1.113883.6.69"/>
                                    <formCode code="C43167" codeSystem="2.16.840.1.113883.3.26.1.1" displayName="BAG"/>
                                 </containerPackagedProduct>
                              </asContent>
                           </containerPackagedProduct>
                        </asContent>
                     </manufacturedProduct>
                     <subjectOf>
                        <approval>
                           <id extension="ANDA070317" root="2.16.840.1.113883.3.150"/>
                           <code code="C73584" codeSystem="2.16.840.1.113883.3.26.1.1" displayName="ANDA"/>
                           <author>
                              <territorialAuthority>
                                 <territory>
                                    <code code="USA" codeSystem="2.16.840.1.113883.5.28"/>
                                 </territory>
                              </territorialAuthority>
                           </author>
                        </approval>
                     </subjectOf>
                     <subjectOf>
                        <marketingAct>
                           <code code="C53292" codeSystem="2.16.840.1.113883.3.26.1.1"/>
                           <statusCode code="active"/>
                           <effectiveTime>
                              <low value="20110708"/>
                           </effectiveTime>
                        </marketingAct>
                     </subjectOf>
                     <subjectOf>
                        <characteristic classCode="OBS">
                           <code code="SPLCOLOR" codeSystem="2.16.840.1.113883.1.11.19255"/>
                           <value xsi:type="CE" code="C48325" codeSystem="2.16.840.1.113883.3.26.1.1" displayName="WHITE">
                              <originalText>WHITE</originalText>
                           </value>
                        </characteristic>
                     </subjectOf>
                     <subjectOf>
                        <characteristic classCode="OBS">
                           <code code="SPLSIZE" codeSystem="2.16.840.1.113883.1.11.19255"/>
                           <value unit="mm" value="8" xsi:type="PQ"/>
                        </characteristic>
                     </subjectOf>
                     <subjectOf>
                        <characteristic classCode="OBS">
                           <code code="SPLSHAPE" codeSystem="2.16.840.1.113883.1.11.19255"/>
                           <value xsi:type="CE" code="C48348" codeSystem="2.16.840.1.113883.3.26.1.1" displayName="ROUND"/>
                        </characteristic>
                     </subjectOf>
                     <subjectOf>
                        <characteristic classCode="OBS">
                           <code code="SPLSCORE" codeSystem="2.16.840.1.113883.1.11.19255"/>
                           <value value="2" xsi:type="INT"/>
                        </characteristic>
                     </subjectOf>
                     <subjectOf>
                        <characteristic classCode="OBS">
                           <code code="SPLIMPRINT" codeSystem="2.16.840.1.113883.1.11.19255"/>
                           <value xsi:type="ST">MYLAN;199</value>
                        </characteristic>
                     </subjectOf>
                     <consumedIn>
                        <substanceAdministration>
                           <routeCode code="C38288" codeSystem="2.16.840.1.113883.3.26.1.1" displayName="ORAL"/>
                        </substanceAdministration>
                     </consumedIn>
                  </manufacturedProduct>
               </subject>
            </section>
         </component>
         <component>
            <section ID="i4i_description_id_6f98f062-f898-4396-9f32-84b35df0df57">
               <id root="9e508942-825a-4102-83c7-d0ab43f40fbe"/>
               <code codeSystem="2.16.840.1.113883.6.1" code="34089-3" displayName="DESCRIPTION SECTION"/>
               <title>DESCRIPTION</title>
               <text>
                  <paragraph>Clonidine hydrochloride is a centrally acting alpha-agonist hypotensive agent available as tablets for oral administration in three dosage strengths: 0.1 mg, 0.2 mg and 0.3 mg. The 0.1 mg tablet is equivalent to 0.087 mg of the free base.</paragraph>
                  <paragraph>Clonidine hydrochloride is an imidazoline derivative and exists as a mesomeric compound. The chemical name is 2-(2,6-dichlorophenylamino)-2- imidazoline hydrochloride. The following is the structural formula:</paragraph>
                  <renderMultiMedia referencedObject="id_e15a8ed9-618b-4af5-aa57-dae96d1f7d58">
                     <caption ID="id_00cc2017-3a8f-45e7-a972-ac2d18cd3691">C<sub>9</sub>H<sub>9</sub>Cl<sub>2</sub>N<sub>3</sub>• HCl        M.W. 266.56</caption>
                  </renderMultiMedia>
                  <paragraph>Clonidine hydrochloride, USP is an odorless, bitter, white, crystalline substance soluble in water and alcohol.</paragraph>
                  <paragraph>Each tablet for oral administration contains ammonium chloride, colloidal silicon dioxide, croscarmellose sodium (Type A), magnesium stearate, microcrystalline cellulose, sodium lauryl sulfate.</paragraph>
               </text>
               <effectiveTime value="20130606"/>
               <component>
                  <observationMedia ID="id_e15a8ed9-618b-4af5-aa57-dae96d1f7d58">
                     <text>Structural Formula</text>
                     <value xsi:type="ED" mediaType="image/jpeg">
                        <reference value="f51f216a-d991-4eea-b4a6-430d881bd686-01.jpg"/>
                     </value>
                  </observationMedia>
               </component>
            </section>
         </component>
         <component>
            <section ID="i4i_clinical_pharmacology_id_5db2bee2-498a-476a-aada-2c00f796b117">
               <id root="ef74cc0e-3075-4b14-9509-9e384bb20c5b"/>
               <code codeSystem="2.16.840.1.113883.6.1" code="34090-1" displayName="CLINICAL PHARMACOLOGY SECTION"/>
               <title>CLINICAL PHARMACOLOGY</title>
               <text>
                  <paragraph>Clonidine stimulates alpha-adrenoreceptors in the brain stem. This action results in reduced sympathetic outflow from the central nervous system and in decreases in peripheral resistance, renal vascular resistance, heart rate, and blood pressure. Clonidine hydrochloride tablets act relatively rapidly. The patient's blood pressure declines within 30 to 60 minutes after an oral dose, the maximum decrease occurring within 2 to 4 hours. Renal blood flow and glomerular filtration rate remain essentially unchanged. Normal postural reflexes are intact; therefore, orthostatic symptoms are mild and infrequent.</paragraph>
                  <paragraph>Acute studies with clonidine hydrochloride in humans have demonstrated a moderate reduction (15% to 20%) of cardiac output in the supine position with no change in the peripheral resistance: at a 45° tilt there is a smaller reduction in cardiac output and a decrease of peripheral resistance. During long-term therapy, cardiac output tends to return to control values, while peripheral resistance remains decreased. Slowing of the pulse rate has been observed in most patients given clonidine, but the drug does not alter normal hemodynamic response to exercise.</paragraph>
                  <paragraph>Tolerance to the antihypertensive effect may develop in some patients, necessitating a reevaluation of therapy.</paragraph>
                  <paragraph>Other studies in patients have provided evidence of a reduction in plasma renin activity and in the excretion of aldosterone and catecholamines. The exact relationship of these pharmacologic actions to the antihypertensive effect of clonidine has not been fully elucidated.</paragraph>
                  <paragraph>Clonidine acutely stimulates growth hormone release in both children and adults, but does not produce a chronic elevation of growth hormone with long-term use.</paragraph>
               </text>
               <effectiveTime value="20130606"/>
               <component>
                  <section ID="i4i_pharmacokinetics_id_72bc66e3-5516-4ea3-80bf-622287305786">
                     <id root="bcb11556-e2f6-4cfa-bb56-2a80cad7d5d4"/>
                     <code codeSystem="2.16.840.1.113883.6.1" code="43682-4" displayName="PHARMACOKINETICS SECTION"/>
                     <title>Pharmacokinetics</title>
                     <text>
                        <paragraph>The pharmacokinetics of clonidine is dose proportional in the range of 100 mcg to 600 mcg. The absolute bioavailability of clonidine on oral administration is 70% to 80%. Peak plasma clonidine levels are attained in approximately 1 to 3 hours. </paragraph>
                        <paragraph>Following oral administration about 40% to 60% of the absorbed dose is recovered in the urine as unchanged drug in 24 hours. About 50% of the absorbed dose is metabolized in the liver. Neither food nor the race of the patient influences the pharmacokinetics of clonidine. </paragraph>
                        <paragraph>The antihypertensive effect is reached at plasma concentrations between about 0.2 and 2.0 ng/mL in patients with normal excretory function. A further rise in the plasma levels will not enhance the antihypertensive effect.</paragraph>
                     </text>
                     <effectiveTime value="20130606"/>
                  </section>
               </component>
            </section>
         </component>
         <component>
            <section ID="i4i_indications_id_f2c8c6ad-7d45-454b-aa7b-28dcbe515468">
               <id root="33f6bddc-5f18-4bd8-9fbd-a13405406f7a"/>
               <code codeSystem="2.16.840.1.113883.6.1" code="34067-9" displayName="INDICATIONS &amp; USAGE SECTION"/>
               <title>INDICATIONS AND USAGE</title>
               <text>
                  <paragraph>Clonidine hydrochloride tablets are indicated in the treatment of hypertension. Clonidine hydrochloride tablets may be employed alone or concomitantly with other antihypertensive agents.</paragraph>
               </text>
               <effectiveTime value="20130606"/>
            </section>
         </component>
         <component>
            <section ID="i4i_contraindications_id_7fb634da-a01a-422f-908f-754f24a493f7">
               <id root="adfb0b17-60fc-44e7-9129-06626dc49eb3"/>
               <code codeSystem="2.16.840.1.113883.6.1" code="34070-3" displayName="CONTRAINDICATIONS SECTION"/>
               <title>CONTRAINDICATIONS</title>
               <text>
                  <paragraph>Clonidine hydrochloride tablets should not be used in patients with known hypersensitivity to clonidine (see <linkHtml href="#i4i_precautions_id_1a05ba53-4802-41de-aba6-5d54abeb1699">PRECAUTIONS</linkHtml>).</paragraph>
               </text>
               <effectiveTime value="20130606"/>
            </section>
         </component>
         <component>
            <section ID="i4i_warnings_id_14ed065c-d5c5-4d9a-9503-e9100dc221c6">
               <id root="dc992fbd-babe-46fb-a613-a848adcf266d"/>
               <code codeSystem="2.16.840.1.113883.6.1" code="34071-1" displayName="WARNINGS SECTION"/>
               <title>WARNINGS</title>
               <effectiveTime value="20130606"/>
               <component>
                  <section ID="i4i_section_id_1518010f-64f2-4f59-b29b-f0c2e9a012f4">
                     <id root="98428a9f-ec3b-4373-9de3-267cd501c48b"/>
                     <code codeSystem="2.16.840.1.113883.6.1" code="42229-5" displayName="SPL UNCLASSIFIED SECTION"/>
                     <title>Withdrawal</title>
                     <text>
                        <paragraph>Patients should be instructed not to discontinue therapy without consulting their physician. Sudden cessation of clonidine treatment has, in some cases, resulted in symptoms such as nervousness, agitation, headache, and tremor accompanied or followed by a rapid rise in blood pressure and elevated catecholamine concentrations in the plasma. The likelihood of such reactions to discontinuation of clonidine therapy appears to be greater after administration of higher doses or continuation of concomitant beta-blocker treatment and special caution is therefore advised in these situations. Rare instances of hypertensive encephalopathy, cerebrovascular accidents and death have been reported after clonidine withdrawal. When discontinuing therapy with clonidine hydrochloride tablets, the physician should reduce the dose gradually over 2 to 4 days to avoid withdrawal symptomatology.</paragraph>
                        <paragraph>An excessive rise in blood pressure following discontinuation of clonidine hydrochloride tablet therapy can be reversed by administration of oral clonidine hydrochloride or by intravenous phentolamine. If therapy is to be discontinued in patients receiving a beta-blocker and clonidine concurrently, the beta-blocker should be withdrawn several days before the gradual discontinuation of clonidine hydrochloride tablets.</paragraph>
                        <paragraph>
                           <content styleCode="bold">Because children commonly have gastrointestinal illnesses that lead to vomiting, they may be particularly susceptible to hypertensive episodes resulting from abrupt inability to take medication.</content>
                        </paragraph>
                     </text>
                     <effectiveTime value="20130606"/>
                  </section>
               </component>
            </section>
         </component>
         <component>
            <section ID="i4i_precautions_id_1a05ba53-4802-41de-aba6-5d54abeb1699">
               <id root="9544249c-a91f-4554-9b99-1830ab6b8ea9"/>
               <code codeSystem="2.16.840.1.113883.6.1" code="42232-9" displayName="PRECAUTIONS SECTION"/>
               <title>PRECAUTIONS</title>
               <effectiveTime value="20130606"/>
               <component>
                  <section ID="i4i_precautions_general_id_c376eda4-40c2-4bd4-bf18-f149ae735b1f">
                     <id root="0c7226e8-4daa-45f6-a368-25554873cbb0"/>
                     <code codeSystem="2.16.840.1.113883.6.1" code="34072-9" displayName="GENERAL PRECAUTIONS SECTION"/>
                     <title>General</title>
                     <text>
                        <paragraph>In patients who have developed localized contact sensitization to transdermal clonidine, continuation of transdermal clonidine, or substitution of oral clonidine hydrochloride therapy may be associated with the development of a generalized skin rash.</paragraph>
                        <paragraph>In patients who develop an allergic reaction to transdermal clonidine, substitution of oral clonidine hydrochloride may also elicit an allergic reaction (including generalized rash, urticaria, or angioedema).</paragraph>
                        <paragraph>The sympatholytic action of clonidine may worsen sinus node dysfunction and atrioventricular (AV) block, especially in patients taking other sympatholytic drugs. There are post-marketing reports of patients with conduction abnormalities and/or taking other sympatholytic drugs who developed severe bradycardia requiring IV atropine, IV isoproterenol and temporary cardiac pacing while taking clonidine.</paragraph>
                        <paragraph>In hypertension caused by pheochromocytoma, no therapeutic effect of clonidine hydrochloride tablets can be expected.</paragraph>
                     </text>
                     <effectiveTime value="20130606"/>
                  </section>
               </component>
               <component>
                  <section ID="i4i_section_id_694540d0-1726-4f81-beae-fe41d967eab9">
                     <id root="9f14f5d4-681c-4e9e-8bde-28ce7d24cf17"/>
                     <code codeSystem="2.16.840.1.113883.6.1" code="42229-5" displayName="SPL UNCLASSIFIED SECTION"/>
                     <title>Perioperative Use</title>
                     <text>
                        <paragraph>Administration of clonidine hydrochloride tablets should be continued to within 4 hours of surgery and resumed as soon as possible thereafter. Blood pressure should be carefully monitored during surgery and additional measures to control blood pressure should be available if required.</paragraph>
                     </text>
                     <effectiveTime value="20130606"/>
                  </section>
               </component>
               <component>
                  <section ID="i4i_info_patients_id_98f2850c-1df3-4121-b2c3-35652d5b4d8d">
                     <id root="51508017-9e02-4624-ab8c-00fdae719177"/>
                     <code codeSystem="2.16.840.1.113883.6.1" code="34076-0" displayName="INFORMATION FOR PATIENTS SECTION"/>
                     <title>Information for Patients</title>
                     <text>
                        <paragraph>Patients should be cautioned against interruption of clonidine hydrochloride tablet therapy without their physician’s advice.</paragraph>
                        <paragraph>Since patients may experience a possible sedative effect, dizziness or accommodation disorder with use of clonidine, caution patients about engaging in activities such as driving a vehicle or operating appliances or machinery. Also, inform patients that this sedative effect may be increased by concomitant use of alcohol, barbiturates or other sedating drugs.</paragraph>
                        <paragraph>Patients who wear contact lenses should be cautioned that treatment with clonidine hydrochloride tablets may cause dryness of eyes.</paragraph>
                     </text>
                     <effectiveTime value="20130606"/>
                  </section>
               </component>
               <component>
                  <section ID="i4i_interactions_id_91b89e04-0668-42d9-b4d8-3153e201315b">
                     <id root="28aaa791-6b1f-42e5-8363-5864d5a3beea"/>
                     <code codeSystem="2.16.840.1.113883.6.1" code="34073-7" displayName="DRUG INTERACTIONS SECTION"/>
                     <title>Drug Interactions</title>
                     <text>
                        <paragraph>Clonidine may potentiate the CNS-depressive effects of alcohol, barbiturates or other sedating drugs. If a patient receiving clonidine hydrochloride is also taking tricyclic antidepressants, the hypotensive effect of clonidine may be reduced, necessitating an increase in the clonidine dose. If a patient receiving clonidine is also taking neuroleptics, orthostatic regulation disturbances (e.g., orthostatic hypotension, dizziness, fatigue) may be induced or exacerbated.</paragraph>
                        <paragraph>Monitor heart rate in patients receiving clonidine concomitantly with agents known to affect sinus node function or AV nodal conduction, e.g., digitalis, calcium channel blockers and beta-blockers. Sinus bradycardia resulting in hospitalization and pacemaker insertion has been reported in association with the use of clonidine concomitantly with diltiazem or verapamil.</paragraph>
                        <paragraph>Amitriptyline in combination with clonidine enhances the manifestation of corneal lesions in rats (see <linkHtml href="#i4i_animal_pharmacology_id_9024fc1e-dd2d-4cf3-8b9a-473eaaf7d180">Toxicology</linkHtml>).</paragraph>
                        <paragraph>Based on observations in patients in a state of alcoholic delirium it has been suggested that high intravenous doses of clonidine may increase the arrhythmogenic potential (QTprolongation, ventricular fibrillation) of high intravenous doses of haloperidol. Causal relationship and relevance for clonidine oral tablets have not been established.</paragraph>
                     </text>
                     <effectiveTime value="20130606"/>
                  </section>
               </component>
               <component>
                  <section ID="i4i_animal_pharmacology_id_9024fc1e-dd2d-4cf3-8b9a-473eaaf7d180">
                     <id root="2d32cca2-6b28-45bd-b832-135afa45c117"/>
                     <code codeSystem="2.16.840.1.113883.6.1" code="34091-9" displayName="ANIMAL PHARMACOLOGY &amp; OR TOXICOLOGY SECTION"/>
                     <title>Toxicology</title>
                     <text>
                        <paragraph>In several studies with oral clonidine hydrochloride, a dose dependent increase in the incidence and severity of spontaneous retinal degeneration was seen in albino rats treated for 6 months or longer. Tissue distribution studies in dogs and monkeys showed a concentration of clonidine in the choroid.</paragraph>
                        <paragraph>In view of the retinal degeneration seen in rats, eye examinations were performed during clinical trials in 908 patients before, and periodically after, the start of clonidine therapy. In 353 of these 908 patients, the eye examinations were carried out over periods of 24 months or longer. Except for some dryness of the eyes, no drug-related abnormal ophthalmological findings were recorded and, according to specialized tests such as electroretinography and macular dazzle, retinal function was unchanged.</paragraph>
                        <paragraph>In combination with amitriptyline, clonidine hydrochloride administration led to the development of corneal lesions in rats within 5 days.</paragraph>
                     </text>
                     <effectiveTime value="20130606"/>
                  </section>
               </component>
               <component>
                  <section ID="i4i_carcinogenesis_mutagenesis_fertility_id_07d55913-6fc4-4edc-801e-44e196eb5498">
                     <id root="36953441-704d-4c87-b4e6-e6650a80a320"/>
                     <code codeSystem="2.16.840.1.113883.6.1" code="34083-6" displayName="CARCINOGENESIS &amp; MUTAGENESIS &amp; IMPAIRMENT OF FERTILITY SECTION"/>
                     <title>Carcinogenesis, Mutagenesis, Impairment of Fertility</title>
                     <text>
                        <paragraph>Chronic dietary administration of clonidine was not carcinogenic to rats (132 weeks) or mice (78 weeks) dosed, respectively, at up to 46 or 70 times the maximum recommended daily human dose as mg/kg (9 or 6 times the MRDHD on a mg/m<sup>2</sup> basis). There was no evidence of genotoxicity in the Ames test for mutagenicity or mouse micronucleus test for clastogenicity. </paragraph>
                        <paragraph>Fertility of male or female rats was unaffected by clonidine doses as high as 150 mcg/kg (approximately 3 times MRDHD). In a separate experiment, fertility of female rats appeared to be affected at dose levels of 500 to 2000 mcg/kg (10 to 40 times the oral MRDHD on a mg/kg basis; 2 to 8 times the MRDHD on a mg/m<sup>2</sup> basis).</paragraph>
                     </text>
                     <effectiveTime value="20130606"/>
                  </section>
               </component>
               <component>
                  <section ID="i4i_pregnancy_id_a41e22fc-27fb-4d52-abe6-4bfda6a1738b">
                     <id root="06804034-3a99-4af6-9c70-dc94705f2d80"/>
                     <code codeSystem="2.16.840.1.113883.6.1" code="42228-7" displayName="PREGNANCY SECTION"/>
                     <title>Usage in Pregnancy</title>
                     <effectiveTime value="20130606"/>
                     <component>
                        <section ID="i4i_teratogenic_id_56af4aea-692d-43a8-b055-3374b40c9480">
                           <id root="73ffc71b-3e77-410e-becf-d91848d549f3"/>
                           <code codeSystem="2.16.840.1.113883.6.1" code="34077-8" displayName="TERATOGENIC EFFECTS SECTION"/>
                           <title>Teratogenic Effects. Pregnancy Category C</title>
                           <text>
                              <paragraph>Reproduction studies performed in rabbits at doses up to approximately 3 times the oral maximum recommended daily human dose (MRDHD) of clonidine hydrochloride tablets produced no evidence of a teratogenic or embryotoxic potential in rabbits. In rats, however, doses as low as 1/3 the oral MRDHD (1/15 the MRDHD on a mg/m<sup>2</sup> basis) of clonidine were associated with increased resorptions in a study in which dams were treated continuously from 2 months prior to mating. Increased resorptions were not associated with treatment at the same time or at higher dose levels (up to 3 times the oral MRDHD) when the dams were treated on gestation days 6 to 15. Increases in resorption were observed at much higher dose levels (40 times the oral MRDHD on a mg/kg basis; 4 to 8 times the MRDHD on a mg/m<sup>2</sup> basis) in mice and rats treated on gestation days 1 to 14 (lowest dose employed in the study was 500 mcg/kg). </paragraph>
                              <paragraph>No adequate, well controlled studies have been conducted in pregnant women. Clonidine crosses the placental barrier (see <linkHtml href="#i4i_pharmacokinetics_id_72bc66e3-5516-4ea3-80bf-622287305786">CLINICAL PHARMACOLOGY: Pharmacokinetics</linkHtml>). Because animal reproduction studies are not always predictive of human response, this drug should be used during pregnancy only if clearly needed.</paragraph>
                           </text>
                           <effectiveTime value="20130606"/>
                        </section>
                     </component>
                  </section>
               </component>
               <component>
                  <section ID="i4i_nursing_mothers_id_ee94c86b-5d70-4222-ab46-1259edd76059">
                     <id root="4ae4e1a2-81b4-4add-983d-664901e4f0c5"/>
                     <code codeSystem="2.16.840.1.113883.6.1" code="34080-2" displayName="NURSING MOTHERS SECTION"/>
                     <title>Nursing Mothers</title>
                     <text>
                        <paragraph>As clonidine hydrochloride is excreted in human milk, caution should be exercised when clonidine hydrochloride tablets are administered to a nursing woman.</paragraph>
                     </text>
                     <effectiveTime value="20130606"/>
                  </section>
               </component>
               <component>
                  <section ID="i4i_pediatric_use_id_fedc1200-c5f5-468f-a9e9-ca3f38fabf06">
                     <id root="3de483a6-7585-4a91-b61e-e641e72ea927"/>
                     <code codeSystem="2.16.840.1.113883.6.1" code="34081-0" displayName="PEDIATRIC USE SECTION"/>
                     <title>Pediatric Use</title>
                     <text>
                        <paragraph>Safety and effectiveness in pediatric patients have not been established in adequate and well controlled trials (see <linkHtml href="#i4i_section_id_1518010f-64f2-4f59-b29b-f0c2e9a012f4">WARNINGS: Withdrawal</linkHtml>).</paragraph>
                     </text>
                     <effectiveTime value="20130606"/>
                  </section>
               </component>
            </section>
         </component>
         <component>
            <section ID="i4i_adverse_effects_id_72e7755a-79ed-46d1-a25a-74988a7cb9bb">
               <id root="b6d2d51e-1ed9-4297-94f4-0ea4ee5b50ef"/>
               <code codeSystem="2.16.840.1.113883.6.1" code="34084-4" displayName="ADVERSE REACTIONS SECTION"/>
               <title>ADVERSE REACTIONS</title>
               <text>
                  <paragraph>Most adverse effects are mild and tend to diminish with continued therapy. The most frequent (which appear to be dose related) are dry mouth, occurring in about 40 of 100 patients; drowsiness, about 33 in 100; dizziness, about 16 in 100; constipation and sedation, each about 10 in 100.</paragraph>
                  <paragraph>The following less frequent adverse experiences have also been reported in patients receiving clonidine hydrochloride tablets, but in many cases patients were receiving concomitant medication and causal relationship has not been established.</paragraph>
                  <paragraph>
                     <content styleCode="bold">Body as a Whole: </content>Fatigue, fever, headache, pallor, weakness and withdrawal syndrome. Also reported were a weakly positive Coombs’ test and increased sensitivity to alcohol.</paragraph>
                  <paragraph>
                     <content styleCode="bold">Cardiovascular: </content>Bradycardia, congestive heart failure, electrocardiographic abnormalities (i.e., sinus node arrest, junctional bradycardia, high degree AV block and arrhythmias), orthostatic symptoms, palpitations, Raynaud’s phenomenon, syncope and tachycardia. Cases of sinus bradycardia and atrioventricular block have been reported, both with and without the use of concomitant digitalis.</paragraph>
                  <paragraph>
                     <content styleCode="bold">Central Nervous System: </content>Agitation, anxiety, delirium, delusional perception, hallucinations (including visual and auditory), insomnia, mental depression, nervousness, other behavioral changes, paresthesia, restlessness, sleep disorder, and vivid dreams or nightmares.</paragraph>
                  <paragraph>
                     <content styleCode="bold">Dermatological: </content>Alopecia, angioneurotic edema, hives, pruritus, rash and urticaria.</paragraph>
                  <paragraph>
                     <content styleCode="bold">Gastrointestinal: </content>Abdominal pain, anorexia, constipation, hepatitis, malaise, mild transient abnormalities in liver function tests, nausea, parotitis, pseudo-obstruction (including colonic pseudo-obstruction), salivary gland pain and vomiting.</paragraph>
                  <paragraph>
                     <content styleCode="bold">Genitourinary: </content>Decreased sexual activity, difficulty in micturition, erectile dysfunction, loss of libido, nocturia and urinary retention.</paragraph>
                  <paragraph>
                     <content styleCode="bold">Hematologic: </content>Thrombocytopenia.</paragraph>
                  <paragraph>
                     <content styleCode="bold">Metabolic: </content>Gynecomastia, transient elevation of blood glucose or serum creatine phosphokinase and weight gain.</paragraph>
                  <paragraph>
                     <content styleCode="bold">Musculoskeletal: </content>Leg cramps and muscle or joint pain.</paragraph>
                  <paragraph>
                     <content styleCode="bold">Oro-otolaryngeal: </content>Dryness of the nasal mucosa.</paragraph>
                  <paragraph>
                     <content styleCode="bold">Ophthalmological: </content>Accommodation disorder, blurred vision, burning of the eyes, decreased lacrimation and dryness of eyes.</paragraph>
               </text>
               <effectiveTime value="20130606"/>
            </section>
         </component>
         <component>
            <section ID="i4i_overdosage_id_200471bb-3ba3-431f-8b9c-80f4552e7dc0">
               <id root="799ee063-cbbf-45b5-80cd-0b7d5065f739"/>
               <code codeSystem="2.16.840.1.113883.6.1" code="34088-5" displayName="OVERDOSAGE SECTION"/>
               <title>OVERDOSAGE</title>
               <text>
                  <paragraph>Hypertension may develop early and may be followed by hypotension, bradycardia, respiratory depression, hypothermia, drowsiness, decreased or absent reflexes, weakness, irritability and miosis. The frequency of CNS depression may be higher in children than adults. Large overdoses may result in reversible cardiac conduction defects or dysrhythmias, apnea, coma and seizures. Signs and symptoms of overdose generally occur within 30 minutes to 2 hours after exposure. As little as 0.1 mg of clonidine has produced signs of toxicity in children.</paragraph>
                  <paragraph>There is no specific antidote for clonidine overdosage. Clonidine overdosage may result in the rapid development of CNS depression; therefore, induction of vomiting with ipecac syrup is not recommended. Gastric lavage may be indicated following recent and/or large ingestions. Administration of activated charcoal and/or a cathartic may be beneficial. Supportive care may include atropine sulfate for bradycardia, intravenous fluids and/or vasopressor agents for hypotension and vasodilators for hypertension. Naloxone may be a useful adjunct for the management of clonidine-induced respiratory depression, hypotension and/or coma; blood pressure should be monitored since the administration of naloxone has occasionally resulted in paradoxical hypertension. Tolazoline administration has yielded inconsistent results and is not recommended as first-line therapy. Dialysis is not likely to significantly enhance the elimination of clonidine.</paragraph>
                  <paragraph>The largest overdose reported to date involved a 28-year old male who ingested 100 mg of clonidine hydrochloride powder. This patient developed hypertension followed by hypotension, bradycardia, apnea, hallucinations, semicoma, and premature ventricular contractions. The patient fully recovered after intensive treatment. Plasma clonidine levels were 60 ng/mL after 1 hour, 190 ng/mL after 1.5 hours, 370 ng/mL after 2 hours, and 120 ng/mL after 5.5 and 6.5 hours. In mice and rats, the oral LD50 of clonidine is 206 and 465 mg/kg, respectively.</paragraph>
               </text>
               <effectiveTime value="20130606"/>
            </section>
         </component>
         <component>
            <section ID="i4i_dosage_admin_id_60e8dce4-71af-4863-96b4-360c82516f6f">
               <id root="d49a4013-8548-48fa-b227-885aac4b05ed"/>
               <code codeSystem="2.16.840.1.113883.6.1" code="34068-7" displayName="DOSAGE &amp; ADMINISTRATION SECTION"/>
               <title>DOSAGE AND ADMINISTRATION</title>
               <effectiveTime value="20130606"/>
               <component>
                  <section ID="i4i_section_id_044445c7-dc45-4970-8b7c-93f1cf876b73">
                     <id root="05d7dbdd-cc99-4482-a92a-d13b6d02c5ed"/>
                     <code codeSystem="2.16.840.1.113883.6.1" code="42229-5" displayName="SPL UNCLASSIFIED SECTION"/>
                     <title>Adults</title>
                     <text>
                        <paragraph>The dose of clonidine hydrochloride tablets must be adjusted according to the patient's individual blood pressure response. The following is a general guide to its administration.</paragraph>
                     </text>
                     <effectiveTime value="20130606"/>
                  </section>
               </component>
               <component>
                  <section ID="i4i_section_id_20db8ac3-a1b4-43d0-a6b7-a7e95ecab087">
                     <id root="e64635bc-cfe4-41d4-85f7-4b87034a320b"/>
                     <code codeSystem="2.16.840.1.113883.6.1" code="42229-5" displayName="SPL UNCLASSIFIED SECTION"/>
                     <title>Initial Dose</title>
                     <text>
                        <paragraph>0.1 mg tablet twice daily (morning and bedtime). Elderly patients may benefit from a lower initial dose.</paragraph>
                     </text>
                     <effectiveTime value="20101008"/>
                  </section>
               </component>
               <component>
                  <section ID="i4i_section_id_a74db6fc-83e9-419a-94d4-3ef15dd4b4ee">
                     <id root="7d24897d-6aa4-481c-8b9e-03cdf6a1f394"/>
                     <code codeSystem="2.16.840.1.113883.6.1" code="42229-5" displayName="SPL UNCLASSIFIED SECTION"/>
                     <title>Maintenance Dose</title>
                     <text>
                        <paragraph>Further increments of 0.1 mg per day may be made at weekly intervals if necessary until the desired response is achieved. Taking the larger portion of the oral daily dose at bedtime may minimize transient adjustment effects of dry mouth and drowsiness. The therapeutic doses most commonly employed have ranged from 0.2 mg to 0.6 mg per day given in divided doses. Studies have indicated that 2.4 mg is the maximum effective daily dose, but doses as high as this have rarely been employed.</paragraph>
                     </text>
                     <effectiveTime value="20101008"/>
                  </section>
               </component>
               <component>
                  <section ID="i4i_section_id_a8a8e60d-98cb-4711-bef7-752fe6a4a425">
                     <id root="e75a265e-6d29-4d1d-9507-0e9cb1748768"/>
                     <code codeSystem="2.16.840.1.113883.6.1" code="42229-5" displayName="SPL UNCLASSIFIED SECTION"/>
                     <title>Renal Impairment</title>
                     <text>
                        <paragraph>Patients with renal impairment may benefit from a lower initial dose. Patients should be carefully monitored. Since only a minimal amount of clonidine is removed during routine hemodialysis, there is no need to give supplemental clonidine following dialysis.</paragraph>
                     </text>
                     <effectiveTime value="20130606"/>
                  </section>
               </component>
            </section>
         </component>
         <component>
            <section ID="i4i_how_supplied_id_6521acce-bc6c-4ac4-a759-39e030cb0d0c">
               <id root="06d5e6e1-1b55-4548-b79d-d6234eb4c56a"/>
               <code codeSystem="2.16.840.1.113883.6.1" code="34069-5" displayName="HOW SUPPLIED SECTION"/>
               <title>HOW SUPPLIED:</title>
               <text>
                  <paragraph>Clonidine Hydrochloride Tablets, USP are available containing 0.1 mg, 0.2 mg or 0.3 mg of clonidine hydrochloride, USP.</paragraph>
                  <paragraph>The 0.1 mg tablets are white round scored tablets debossed with <content styleCode="bold">MYLAN </content>above the score and<content styleCode="bold"> 152 </content>below the score on one side of the tablet and blank on the other side. They are available as follows:</paragraph>
                  <paragraph>NDC 51079-299-20 - Unit dose blister packages of 100 (10 cards of 10 tablets each).<br/>NDC 51079-299-19 - Robot Ready blister packages of 25 (25 cards of 1 tablet each).<br/>NDC 51079-299-66 - Compliance Pack of 30 tablets.</paragraph>
                  <paragraph>The 0.2 mg tablets are white round scored tablets debossed with <content styleCode="bold">MYLAN </content>above the score and<content styleCode="bold"> 186</content> below the score on one side of the tablet and blank on the other side. They are available as follows:</paragraph>
                  <paragraph>NDC 51079-300-20 - Unit dose blister packages of 100 (10 cards of 10 tablets each).<br/>NDC 51079-300-19 - Robot Ready blister packages of 25 (25 cards of 1 tablet each).<br/>NDC 51079-300-56 - Unit dose punch cards of 300 tablets (10 punch cards of 30 tablets each).<br/>NDC 51079-300-66 - Compliance Pack of 30 tablets.</paragraph>
                  <paragraph>The 0.3 mg tablets are white round scored tablets debossed with <content styleCode="bold">MYLAN </content>above the score and<content styleCode="bold"> 199</content> below the score on one side of the tablet and blank on the other side. They are available as follows:</paragraph>
                  <paragraph>NDC 51079-301-20 - Unit dose blister packages of 100 (10 cards of 10 tablets each).<br/>NDC 51079-301-63 - Compliance Pack of 30 tablets.<br/>NDC 51079-301-66 - Compliance Pack of 30 tablets.</paragraph>
                  <paragraph>
                     <content styleCode="bold">Store at 20° to 25°C (68° to 77°F). [See USP Controlled Room Temperature.]</content>
                     <br/>
                     <content styleCode="bold">Protect from light.</content>
                  </paragraph>
                  <paragraph>Manufactured by:<br/>
                     <content styleCode="bold">Mylan Pharmaceuticals Inc.<br/>
                     </content>Morgantown, WV 26505 U.S.A.</paragraph>
                  <paragraph>Distributed by:<br/>
                     <content styleCode="bold">Mylan Institutional Inc.<br/>
                     </content>Rockford, IL 61103 U.S.A.</paragraph>
                  <paragraph>S-4651 R17<br/>10/12</paragraph>
               </text>
               <effectiveTime value="20130606"/>
            </section>
         </component>
         <component>
            <section ID="i4i_Principal_display_panel_id_84bfcaea-fa4b-4894-be2e-6aa9f9e4c251">
               <id root="8e549296-ef7a-4526-9f70-fd2a2d864cf4"/>
               <code codeSystem="2.16.840.1.113883.6.1" code="51945-4" displayName="PACKAGE LABEL.PRINCIPAL DISPLAY PANEL"/>
               <title>Principal Display Panel</title>
               <text>
                  <paragraph>Clonidine Hydrochloride Tablets, USP</paragraph>
                  <paragraph>0.1 mg</paragraph>
                  <paragraph>10 Tablets</paragraph>
                  <renderMultiMedia referencedObject="id_6147583f-b907-4d04-ad96-db2ed2f4880c"/>
               </text>
               <effectiveTime value="20130606"/>
               <component>
                  <observationMedia ID="id_6147583f-b907-4d04-ad96-db2ed2f4880c">
                     <text>bag label</text>
                     <value xsi:type="ED" mediaType="image/jpeg">
                        <reference value="f51f216a-d991-4eea-b4a6-430d881bd686-02.jpg"/>
                     </value>
                  </observationMedia>
               </component>
            </section>
         </component>
         <component>
            <section ID="i4i_Principal_display_panel_id_c61575cd-00d2-437d-b6e7-e068a6142b05">
               <id root="bd7ac18c-188d-4ac3-8bde-b7ce39f8053b"/>
               <code codeSystem="2.16.840.1.113883.6.1" code="51945-4" displayName="PACKAGE LABEL.PRINCIPAL DISPLAY PANEL"/>
               <title>Principal Display Panel</title>
               <text>
                  <paragraph>Clonidine Hydrochloride Tablets, USP</paragraph>
                  <paragraph>0.2 mg</paragraph>
                  <paragraph>10 Tablets</paragraph>
                  <renderMultiMedia referencedObject="id_b293af5b-03d1-4f1f-8895-f6f092fea7a5"/>
               </text>
               <effectiveTime value="20130606"/>
               <component>
                  <observationMedia ID="id_b293af5b-03d1-4f1f-8895-f6f092fea7a5">
                     <text>bag label</text>
                     <value xsi:type="ED" mediaType="image/jpeg">
                        <reference value="f51f216a-d991-4eea-b4a6-430d881bd686-04.jpg"/>
                     </value>
                  </observationMedia>
               </component>
            </section>
         </component>
         <component>
            <section ID="i4i_Principal_display_panel_id_63ac0d34-ee94-42c9-bc60-c1c00bc94849">
               <id root="65707a18-093b-40ec-9b1b-ce14161fb570"/>
               <code codeSystem="2.16.840.1.113883.6.1" code="51945-4" displayName="PACKAGE LABEL.PRINCIPAL DISPLAY PANEL"/>
               <title>Principal Display Panel</title>
               <text>
                  <paragraph>Clonidine Hydrochloride Tablets, USP</paragraph>
                  <paragraph>0.3 mg</paragraph>
                  <paragraph>10 Tablets</paragraph>
                  <renderMultiMedia referencedObject="id_056e3273-f2c3-4cad-9b97-93fbccbfa346"/>
               </text>
               <effectiveTime value="20130606"/>
               <component>
                  <observationMedia ID="id_056e3273-f2c3-4cad-9b97-93fbccbfa346">
                     <text>bag label</text>
                     <value xsi:type="ED" mediaType="image/jpeg">
                        <reference value="f51f216a-d991-4eea-b4a6-430d881bd686-03.jpg"/>
                     </value>
                  </observationMedia>
               </component>
            </section>
         </component>
      </structuredBody>
   </component>
</document>