<?xml version="1.0" encoding="UTF-8"?><?xml-stylesheet href="http://www.accessdata.fda.gov/spl/stylesheet/spl.xsl" type="text/xsl"?>
<document xmlns="urn:hl7-org:v3" xmlns:xsi="http://www.w3.org/2001/XMLSchema-instance" xsi:schemaLocation="urn:hl7-org:v3 http://www.accessdata.fda.gov/spl/schema/spl.xsd">
   <id root="521a2311-5b96-443e-aef1-b2f406eafb6b"/>
   <code code="34390-5" displayName="HUMAN OTC DRUG LABEL" codeSystem="2.16.840.1.113883.6.1"/>
   <title>Cetirizine Hydrochloride Tablets</title>
   <effectiveTime value="20130207"/>
   <setId root="9807bbac-84d5-4edd-ba0c-c294079d6157"/>
   <versionNumber value="1"/>
   <author>
      <time/>
      <assignedEntity>
         <representedOrganization>
            <id extension="001367366" root="1.3.6.1.4.1.519.1"/>
            <name>LIVE BETTER (The Great Atlantic &amp; Pacific Tea Company)</name>
            <assignedEntity>
               <assignedOrganization>
                  <id extension="800014821" root="1.3.6.1.4.1.519.1"/>
                  <name>P and L Development of New York Corporation</name>
               </assignedOrganization>
            </assignedEntity>
         </representedOrganization>
      </assignedEntity>
   </author>
   <component>
      <structuredBody>
         <component>
            <section>
               <id root="92e1aed9-5260-4a0b-bff9-6440670fbd45"/>
               <code code="48780-1" displayName="SPL LISTING DATA ELEMENTS SECTION" codeSystem="2.16.840.1.113883.6.1"/>
               <effectiveTime value="20130208"/>
               <subject>
                  <manufacturedProduct>
                     <manufacturedProduct>
                        <code code="53187-220" codeSystem="2.16.840.1.113883.6.69"/>
                        <name>All Day Allergy</name>
                        <formCode code="C42998" displayName="TABLET" codeSystem="2.16.840.1.113883.3.26.1.1"/>
                        <asEntityWithGeneric>
                           <genericMedicine>
                              <name>Cetirizine HCl</name>
                           </genericMedicine>
                        </asEntityWithGeneric>
                        <ingredient classCode="ACTIB">
                           <quantity>
                              <numerator unit="mg" value="10"/>
                              <denominator unit="1" value="1"/>
                           </quantity>
                           <ingredientSubstance>
                              <code code="64O047KTOA" codeSystem="2.16.840.1.113883.4.9"/>
                              <name>CETIRIZINE HYDROCHLORIDE</name>
                              <activeMoiety>
                                 <activeMoiety>
                                    <code code="YO7261ME24" codeSystem="2.16.840.1.113883.4.9"/>
                                    <name>CETIRIZINE</name>
                                 </activeMoiety>
                              </activeMoiety>
                           </ingredientSubstance>
                        </ingredient>
                        <ingredient classCode="IACT">
                           <ingredientSubstance>
                              <code code="ETJ7Z6XBU4" codeSystem="2.16.840.1.113883.4.9"/>
                              <name>SILICON DIOXIDE</name>
                           </ingredientSubstance>
                        </ingredient>
                        <ingredient classCode="IACT">
                           <ingredientSubstance>
                              <code code="3NXW29V3WO" codeSystem="2.16.840.1.113883.4.9"/>
                              <name>HYPROMELLOSES</name>
                           </ingredientSubstance>
                        </ingredient>
                        <ingredient classCode="IACT">
                           <ingredientSubstance>
                              <code code="EWQ57Q8I5X" codeSystem="2.16.840.1.113883.4.9"/>
                              <name>LACTOSE MONOHYDRATE</name>
                           </ingredientSubstance>
                        </ingredient>
                        <ingredient classCode="IACT">
                           <ingredientSubstance>
                              <code code="70097M6I30" codeSystem="2.16.840.1.113883.4.9"/>
                              <name>MAGNESIUM STEARATE</name>
                           </ingredientSubstance>
                        </ingredient>
                        <ingredient classCode="IACT">
                           <ingredientSubstance>
                              <code code="OP1R32D61U" codeSystem="2.16.840.1.113883.4.9"/>
                              <name>CELLULOSE, MICROCRYSTALLINE</name>
                           </ingredientSubstance>
                        </ingredient>
                        <ingredient classCode="IACT">
                           <ingredientSubstance>
                              <code code="3WJQ0SDW1A" codeSystem="2.16.840.1.113883.4.9"/>
                              <name>POLYETHYLENE GLYCOLS</name>
                           </ingredientSubstance>
                        </ingredient>
                        <ingredient classCode="IACT">
                           <ingredientSubstance>
                              <code code="FZ989GH94E" codeSystem="2.16.840.1.113883.4.9"/>
                              <name>POVIDONES</name>
                           </ingredientSubstance>
                        </ingredient>
                        <ingredient classCode="IACT">
                           <ingredientSubstance>
                              <code code="AG9B65PV6B" codeSystem="2.16.840.1.113883.4.9"/>
                              <name>SODIUM STARCH GLYCOLATE TYPE A CORN</name>
                           </ingredientSubstance>
                        </ingredient>
                        <ingredient classCode="IACT">
                           <ingredientSubstance>
                              <code code="15FIX9V2JP" codeSystem="2.16.840.1.113883.4.9"/>
                              <name>TITANIUM DIOXIDE</name>
                           </ingredientSubstance>
                        </ingredient>
                        <asContent>
                           <quantity>
                              <numerator unit="1" value="15">
                                 <translation code="C48542" value="15" displayName="TABLET" codeSystem="2.16.840.1.113883.3.26.1.1"/>
                              </numerator>
                              <denominator value="1"/>
                           </quantity>
                           <containerPackagedProduct>
                              <code/>
                              <formCode code="C43168" displayName="BLISTER PACK" codeSystem="2.16.840.1.113883.3.26.1.1"/>
                              <asContent>
                                 <quantity>
                                    <numerator unit="1" value="2">
                                       <translation code="C61569" value="2" displayName="BLISTER PACK" codeSystem="2.16.840.1.113883.3.26.1.1"/>
                                    </numerator>
                                    <denominator value="1"/>
                                 </quantity>
                                 <containerPackagedProduct>
                                    <code code="53187-220-30" codeSystem="2.16.840.1.113883.6.69"/>
                                    <formCode code="C43182" displayName="CARTON" codeSystem="2.16.840.1.113883.3.26.1.1"/>
                                 </containerPackagedProduct>
                              </asContent>
                           </containerPackagedProduct>
                        </asContent>
                     </manufacturedProduct>
                     <subjectOf>
                        <approval>
                           <id extension="ANDA078427" root="2.16.840.1.113883.3.150"/>
                           <code code="C73584" displayName="ANDA" codeSystem="2.16.840.1.113883.3.26.1.1"/>
                           <author>
                              <territorialAuthority>
                                 <territory>
                                    <code code="USA" codeSystem="2.16.840.1.113883.5.28"/>
                                 </territory>
                              </territorialAuthority>
                           </author>
                        </approval>
                     </subjectOf>
                     <subjectOf>
                        <marketingAct>
                           <code code="C53292" codeSystem="2.16.840.1.113883.3.26.1.1"/>
                           <statusCode code="active"/>
                           <effectiveTime>
                              <low value="20130607"/>
                           </effectiveTime>
                        </marketingAct>
                     </subjectOf>
                     <subjectOf>
                        <characteristic classCode="OBS">
                           <code code="SPLCOLOR" codeSystem="2.16.840.1.113883.1.11.19255"/>
                           <value code="C48325" displayName="WHITE" codeSystem="2.16.840.1.113883.3.26.1.1" xsi:type="CE"/>
                        </characteristic>
                     </subjectOf>
                     <subjectOf>
                        <characteristic classCode="OBS">
                           <code code="SPLIMPRINT" codeSystem="2.16.840.1.113883.1.11.19255"/>
                           <value xsi:type="ST">W989</value>
                        </characteristic>
                     </subjectOf>
                     <subjectOf>
                        <characteristic classCode="OBS">
                           <code code="SPLSCORE" codeSystem="2.16.840.1.113883.1.11.19255"/>
                           <value value="1" xsi:type="INT"/>
                        </characteristic>
                     </subjectOf>
                     <subjectOf>
                        <characteristic classCode="OBS">
                           <code code="SPLSHAPE" codeSystem="2.16.840.1.113883.1.11.19255"/>
                           <value code="C48348" displayName="ROUND" codeSystem="2.16.840.1.113883.3.26.1.1" xsi:type="CE"/>
                        </characteristic>
                     </subjectOf>
                     <subjectOf>
                        <characteristic classCode="OBS">
                           <code code="SPLSIZE" codeSystem="2.16.840.1.113883.1.11.19255"/>
                           <value unit="mm" value="8" xsi:type="PQ"/>
                        </characteristic>
                     </subjectOf>
                     <consumedIn>
                        <substanceAdministration>
                           <routeCode code="C38288" displayName="ORAL" codeSystem="2.16.840.1.113883.3.26.1.1"/>
                        </substanceAdministration>
                     </consumedIn>
                  </manufacturedProduct>
               </subject>
            </section>
         </component>
         <component>
            <section ID="LINK_373283b4-9124-4c78-80a6-4c4b41787dab">
               <id root="e21f4769-3f9e-4be0-beed-bb2105ed9dfd"/>
               <code code="55106-9" codeSystem="2.16.840.1.113883.6.1" displayName="OTC - ACTIVE INGREDIENT SECTION"/>
               <title>Active Ingredient (in each tablet)</title>
               <text>
                  <paragraph>Cetirizine HCl 10 mg</paragraph>
               </text>
               <effectiveTime value="20130207"/>
            </section>
         </component>
         <component>
            <section ID="LINK_b7dc01db-eace-4e16-9690-ba8c26a0d374">
               <id root="f49f6e3e-31b9-49c9-bccf-36a734ff09ee"/>
               <code code="55105-1" codeSystem="2.16.840.1.113883.6.1" displayName="OTC - PURPOSE SECTION"/>
               <title>Purpose</title>
               <text>
                  <paragraph>Antihistamine</paragraph>
               </text>
               <effectiveTime value="20130207"/>
            </section>
         </component>
         <component>
            <section ID="LINK_b3d27ee2-9cbe-45f6-b9b0-ad6adc28d635">
               <id root="74d376d3-0193-4874-8c4a-82e617f0d003"/>
               <code code="34067-9" codeSystem="2.16.840.1.113883.6.1" displayName="INDICATIONS &amp; USAGE SECTION"/>
               <title>Uses</title>
               <text>
                  <paragraph>temporarily relieves these symptoms due to hay fever or other upper respiratory allergies:</paragraph>
                  <paragraph>● runny nose</paragraph>
                  <paragraph>● sneezing</paragraph>
                  <paragraph>● itchy, watery eyes</paragraph>
                  <paragraph>● itching of the nose or throat </paragraph>
               </text>
               <effectiveTime value="20130207"/>
            </section>
         </component>
         <component>
            <section ID="LINK_bdde6445-70db-4878-b36f-2bb1d11581f7">
               <id root="ecc6e381-e7c0-438b-af7f-37bb1ed4270d"/>
               <code code="34071-1" codeSystem="2.16.840.1.113883.6.1" displayName="WARNINGS SECTION"/>
               <title>Warnings<br/>Do not use</title>
               <text>
                  <paragraph>if you have ever had an allergic reaction to this product or any of its ingredients or to an antihistamine containing hydroxyzine.</paragraph>
               </text>
               <effectiveTime value="20130207"/>
            </section>
         </component>
         <component>
            <section ID="LINK_16526a8f-04b6-48fe-8af7-76e5d486a7a3">
               <id root="8d1da0eb-0d6d-479e-b2b7-27718ddf14c1"/>
               <code code="50569-3" codeSystem="2.16.840.1.113883.6.1" displayName="OTC - ASK DOCTOR SECTION"/>
               <title>Ask a doctor before use if you have</title>
               <text>
                  <paragraph>liver or kidney disease.  Your doctor should determine if you need a different dose.</paragraph>
               </text>
               <effectiveTime value="20130207"/>
            </section>
         </component>
         <component>
            <section ID="LINK_408ecd9a-a03f-4ca9-8b0d-5882c16a0e23">
               <id root="c863cb0f-eed0-486a-a097-2a65164cc327"/>
               <code code="50568-5" codeSystem="2.16.840.1.113883.6.1" displayName="OTC - ASK DOCTOR/PHARMACIST SECTION"/>
               <title>Ask a doctor or pharmacist before use if you are</title>
               <text>
                  <paragraph>taking tranquilizers or sedatives.</paragraph>
               </text>
               <effectiveTime value="20130207"/>
            </section>
         </component>
         <component>
            <section ID="LINK_4597ba88-bf74-4a03-8188-7074e116cc20">
               <id root="cafb10cc-1e77-4ea0-abf0-3b69e4b21e48"/>
               <code code="50567-7" codeSystem="2.16.840.1.113883.6.1" displayName="OTC - WHEN USING SECTION"/>
               <title>When using this product</title>
               <text>
                  <paragraph>● drowsiness may occur</paragraph>
                  <paragraph>● avoid alcoholic drinks</paragraph>
                  <paragraph>● alcohol, sedatives, and tranquilizers may increase drowsiness</paragraph>
                  <paragraph>● be careful when driving a motor vehicle or operating machinery</paragraph>
               </text>
               <effectiveTime value="20130207"/>
            </section>
         </component>
         <component>
            <section ID="LINK_e848695b-7fbb-4b74-a4af-6896932b98af">
               <id root="a889ba5a-7e09-438d-870b-5a87c1777e51"/>
               <code code="50566-9" codeSystem="2.16.840.1.113883.6.1" displayName="OTC - STOP USE SECTION"/>
               <title>Stop use and ask a doctor if</title>
               <text>
                  <paragraph>an allergic reaction to this product occurs. Seek medical help right away.</paragraph>
               </text>
               <effectiveTime value="20130207"/>
            </section>
         </component>
         <component>
            <section ID="LINK_e182c156-37fc-4fdd-9a7b-4507c3470886">
               <id root="cb924bbb-95e3-47a4-b2fa-f3ac3a7e5984"/>
               <code code="53414-9" codeSystem="2.16.840.1.113883.6.1" displayName="OTC - PREGNANCY OR BREAST FEEDING SECTION"/>
               <title>If pregnant or breast-feeding</title>
               <text>
                  <paragraph>• if breast-feeding: not recommended</paragraph>
                  <paragraph>• if pregnant: ask a health professional before use.</paragraph>
               </text>
               <effectiveTime value="20130207"/>
            </section>
         </component>
         <component>
            <section ID="LINK_164a567a-71f2-47b5-b6fe-0270dfa8ad39">
               <id root="2b2f2bef-3359-48ef-ae76-85a74a96ec36"/>
               <code code="50565-1" codeSystem="2.16.840.1.113883.6.1" displayName="OTC - KEEP OUT OF REACH OF CHILDREN SECTION"/>
               <title>
                  <content styleCode="bold">Keep out of reach of children</content>
               </title>
               <text>
                  <paragraph>In case of overdose, get medical help or contact a Poison Control Center right away.</paragraph>
               </text>
               <effectiveTime value="20130207"/>
            </section>
         </component>
         <component>
            <section ID="LINK_3bdaf10d-16c7-4a0f-ad32-48a71b0cd818">
               <id root="cd66c3c8-612c-436e-850e-116cd90c42d9"/>
               <code code="34068-7" codeSystem="2.16.840.1.113883.6.1" displayName="DOSAGE &amp; ADMINISTRATION SECTION"/>
               <title>Directions</title>
               <text>
                  <table>
                     <col/>
                     <col/>
                     <tbody>
                        <tr>
                           <td>Adults and children 6 years and over</td>
                           <td>Take one 10 mg tablet once daily; do not take more than one 10 mg tablet in 24 hours. A 5 mg product may be appropriate for less severe symptoms.</td>
                        </tr>
                        <tr>
                           <td>Adults 65 years and over</td>
                           <td> ask a doctor</td>
                        </tr>
                        <tr>
                           <td>Children under 6 years of age</td>
                           <td> ask a doctor</td>
                        </tr>
                        <tr>
                           <td>Consumers with liver or kidney disease</td>
                           <td> ask a doctor</td>
                        </tr>
                     </tbody>
                  </table>
               </text>
               <effectiveTime value="20130207"/>
            </section>
         </component>
         <component>
            <section ID="LINK_1bcab180-05ce-4f3e-9448-33c7a622dfbc">
               <id root="6904dace-1ec8-49a0-a181-30f6642caca2"/>
               <code code="44425-7" codeSystem="2.16.840.1.113883.6.1" displayName="STORAGE AND HANDLING SECTION"/>
               <title>Other Information</title>
               <text>
                  <list listType="unordered" styleCode="Disk">
                     <item>store between 20 to 25°C (68 to 77°F)</item>
                  </list>
               </text>
               <effectiveTime value="20130207"/>
            </section>
         </component>
         <component>
            <section ID="LINK_684b3fcb-f91d-488b-b1f7-ec56c3d11f77">
               <id root="90fa6405-065b-4b6f-840b-7dca92336e9d"/>
               <code code="51727-6" codeSystem="2.16.840.1.113883.6.1" displayName="INACTIVE INGREDIENT SECTION"/>
               <title>Inactive Ingredients</title>
               <text>
                  <paragraph>colloidal silicon dioxide, hypromellose, lactose monohydrate, magnesium stearate, microcrystalline cellulose, polyethylene glycol, povidone, sodium starch glycolate, titanium dioxide. </paragraph>
               </text>
               <effectiveTime value="20130207"/>
            </section>
         </component>
         <component>
            <section ID="LINK_216b3599-c339-4f95-ae3b-84ad457e45ed">
               <id root="a85fd233-7912-4f8f-8d43-8c487ce1b1f9"/>
               <code code="53413-1" codeSystem="2.16.840.1.113883.6.1" displayName="OTC - QUESTIONS SECTION"/>
               <title>Questions or comments?</title>
               <text>
                  <paragraph>
                     <content styleCode="bold">Call toll free 1-877-753-3935 Monday-Friday 9AM-5PM EST. </content>
                  </paragraph>
               </text>
               <effectiveTime value="20130207"/>
            </section>
         </component>
         <component>
            <section ID="LINK_11624b22-65d8-4bb7-870f-b59922491a17">
               <id root="772d96f3-eed9-4568-9654-7d93ebd1453e"/>
               <code code="51945-4" codeSystem="2.16.840.1.113883.6.1" displayName="PACKAGE LABEL.PRINCIPAL DISPLAY PANEL"/>
               <title>Principal Display Panel</title>
               <text>
                  <paragraph>*Compare to the active ingredient in Zyrtec®</paragraph>
                  <paragraph>All Day Allergy</paragraph>
                  <paragraph>Allergy Relief of:</paragraph>
                  <list listType="unordered" styleCode="Disk">
                     <item>sneezing 
</item>
                     <item>Runny nose 
</item>
                     <item>Itchy, watery eyes 
</item>
                     <item>Itchy throat or nose</item>
                  </list>
                  <paragraph>Cetirizine Hydrochloride tablets, 10 mg</paragraph>
                  <paragraph>Antihistamine</paragraph>
                  <paragraph>Indoor &amp; Outdoor allergies</paragraph>
                  <paragraph>*This product is not manufactured or distributed by McNeil Consumer Healthcare, Division of McNeil-PPC, Inc., owner of the registered trademark Zyrtec®</paragraph>
                  <paragraph>
                     <content styleCode="bold">THIS PRODUCT IS PACKAGED IN A CHILD RESISTANT AND TAMPER EVIDENT PACKAGE. USE ONLY IF BLISTERS ARE INTACT.</content>
                  </paragraph>
                  <paragraph>
                     <content styleCode="bold">KEEP OUTER CARTON FOR COMPLETE WARNINGS AND PRODUCT INFORMATION.</content>
                  </paragraph>
                  <paragraph>
                     <content styleCode="bold">PRODUCT OF INDIA</content>
                  </paragraph>
               </text>
               <effectiveTime value="20130207"/>
            </section>
         </component>
         <component>
            <section ID="LINK_d8e0298c-834c-4cc0-a8d6-2d3bebcfd4d1">
               <id root="08975222-f1b0-4ea7-8804-63855c5e21c6"/>
               <code code="51945-4" codeSystem="2.16.840.1.113883.6.1" displayName="PACKAGE LABEL.PRINCIPAL DISPLAY PANEL"/>
               <title>Package Labeling</title>
               <text>
                  <renderMultiMedia referencedObject="MM1">
                     <caption>Cetirizine HCl 10 mg tablets</caption>
                  </renderMultiMedia>
               </text>
               <effectiveTime value="20130207"/>
               <component>
                  <observationMedia ID="MM1">
                     <text>Live Better</text>
                     <value xsi:type="ED" mediaType="image/jpeg">
                        <reference value="cetirizine-hcl-10-mg-tablets-1.jpg"/>
                     </value>
                  </observationMedia>
               </component>
            </section>
         </component>
      </structuredBody>
   </component>
</document>