<?xml version="1.0" encoding="UTF-8"?><?xml-stylesheet href="http://www.accessdata.fda.gov/spl/stylesheet/spl.xsl" type="text/xsl"?>
<document xmlns="urn:hl7-org:v3" xmlns:xsi="http://www.w3.org/2001/XMLSchema-instance" xsi:schemaLocation="urn:hl7-org:v3 http://www.accessdata.fda.gov/spl/schema/spl.xsd">
   <id root="8e636eca-f206-4c52-a379-c895ba4dac36"/>
   <code code="50577-6" codeSystem="2.16.840.1.113883.6.1" displayName="OTC ANIMAL DRUG LABEL"/>
   <title>Anxiety and Stress <br/>Natural Pet Pharmaceuticals</title>
   <effectiveTime value="20130605"/>
   <setId root="b1efdc33-1b32-4796-a38f-b3cc3278919c"/>
   <versionNumber value="2"/>
   <author>
      <time/>
      <assignedEntity>
         <representedOrganization>
            <id root="1.3.6.1.4.1.519.1" extension="617901350"/>
            <name>King Bio Inc.</name>
            <assignedEntity>
               <assignedOrganization>
                  <id extension="617901350" root="1.3.6.1.4.1.519.1"/>
                  <name>King Bio Inc.</name>
                  <assignedEntity>
                     <assignedOrganization>
                        <id root="1.3.6.1.4.1.519.1" extension="617901350"/>
                        <name>King Bio Inc.</name>
                     </assignedOrganization>
                     <performance>
                        <actDefinition>
                           <code code="C82401" displayName="api manufacture" codeSystem="2.16.840.1.113883.3.26.1.1"/>
                        </actDefinition>
                     </performance>
                     <performance>
                        <actDefinition>
                           <code code="C43360" displayName="manufacture" codeSystem="2.16.840.1.113883.3.26.1.1"/>
                        </actDefinition>
                     </performance>
                  </assignedEntity>
               </assignedOrganization>
            </assignedEntity>
         </representedOrganization>
      </assignedEntity>
   </author>
   <component>
      <structuredBody>
         <component>
            <section>
               <id root="b80d89b0-6fad-4bb0-9e22-3db93efa6df4"/>
               <code code="48780-1" codeSystem="2.16.840.1.113883.6.1" displayName="SPL product data elements section"/>
               <title/>
               <text/>
               <effectiveTime value="20130605"/>
               <subject>
                  <manufacturedProduct>
                     <manufacturedProduct>
                        <code code="57955-4407" codeSystem="2.16.840.1.113883.6.69"/>
                        <name>Anxiety and Stress</name>
                        <formCode code="C42953" codeSystem="2.16.840.1.113883.3.26.1.1" displayName="LIQUID"/>
                        <asEntityWithGeneric>
                           <genericMedicine>
                              <name>Aconitum napellus, Apis mellifica, Arnica montana, Arsenicum album, Belladonna, Bellis perennis, Bryonia, Calendula officinalis, Chamomilla, Cistus canadensis, Clematis erecta, Ferrum phosphoricum, Histaminum hydrochloricum, Hypericum perforatum, Ignatia amara, Impatiens glandulifera, flos, Ornithogalum umbellatum, Passiflora incarnata, Phosphorus, Prunus cerasifera, flos, Rhus toxicodendron, Sulphur, Symphytum officinale, Veratrum album</name>
                           </genericMedicine>
                        </asEntityWithGeneric>
                        <ingredient classCode="ACTIB">
                           <quantity>
                              <numerator value="12" unit="[hp_X]"/>
                              <denominator value="118" unit="mL"/>
                           </quantity>
                           <ingredientSubstance>
                              <code code="U0NQ8555JD" codeSystem="2.16.840.1.113883.4.9"/>
                              <name>ACONITUM NAPELLUS</name>
                              <activeMoiety>
                                 <activeMoiety>
                                    <code code="U0NQ8555JD" codeSystem="2.16.840.1.113883.4.9"/>
                                    <name>ACONITUM NAPELLUS</name>
                                 </activeMoiety>
                              </activeMoiety>
                           </ingredientSubstance>
                        </ingredient>
                        <ingredient classCode="ACTIB">
                           <quantity>
                              <numerator value="12" unit="[hp_X]"/>
                              <denominator value="118" unit="mL"/>
                           </quantity>
                           <ingredientSubstance>
                              <code code="7S82P3R43Z" codeSystem="2.16.840.1.113883.4.9"/>
                              <name>APIS MELLIFERA</name>
                              <activeMoiety>
                                 <activeMoiety>
                                    <code code="7S82P3R43Z" codeSystem="2.16.840.1.113883.4.9"/>
                                    <name>APIS MELLIFERA</name>
                                 </activeMoiety>
                              </activeMoiety>
                           </ingredientSubstance>
                        </ingredient>
                        <ingredient classCode="ACTIB">
                           <quantity>
                              <numerator value="12" unit="[hp_X]"/>
                              <denominator value="118" unit="mL"/>
                           </quantity>
                           <ingredientSubstance>
                              <code code="O80TY208ZW" codeSystem="2.16.840.1.113883.4.9"/>
                              <name>ARNICA MONTANA</name>
                              <activeMoiety>
                                 <activeMoiety>
                                    <code code="O80TY208ZW" codeSystem="2.16.840.1.113883.4.9"/>
                                    <name>ARNICA MONTANA</name>
                                 </activeMoiety>
                              </activeMoiety>
                           </ingredientSubstance>
                        </ingredient>
                        <ingredient classCode="ACTIB">
                           <quantity>
                              <numerator value="12" unit="[hp_X]"/>
                              <denominator value="118" unit="mL"/>
                           </quantity>
                           <ingredientSubstance>
                              <code code="S7V92P67HO" codeSystem="2.16.840.1.113883.4.9"/>
                              <name>ARSENIC TRIOXIDE</name>
                              <activeMoiety>
                                 <activeMoiety>
                                    <code code="C96613F5AV" codeSystem="2.16.840.1.113883.4.9"/>
                                    <name>ARSENIC CATION (3+)</name>
                                 </activeMoiety>
                              </activeMoiety>
                           </ingredientSubstance>
                        </ingredient>
                        <ingredient classCode="ACTIB">
                           <quantity>
                              <numerator value="12" unit="[hp_X]"/>
                              <denominator value="118" unit="mL"/>
                           </quantity>
                           <ingredientSubstance>
                              <code code="WQZ3G9PF0H" codeSystem="2.16.840.1.113883.4.9"/>
                              <name>ATROPA BELLADONNA</name>
                              <activeMoiety>
                                 <activeMoiety>
                                    <code code="WQZ3G9PF0H" codeSystem="2.16.840.1.113883.4.9"/>
                                    <name>ATROPA BELLADONNA</name>
                                 </activeMoiety>
                              </activeMoiety>
                           </ingredientSubstance>
                        </ingredient>
                        <ingredient classCode="ACTIB">
                           <quantity>
                              <numerator value="12" unit="[hp_X]"/>
                              <denominator value="118" unit="mL"/>
                           </quantity>
                           <ingredientSubstance>
                              <code code="2HU33I03UY" codeSystem="2.16.840.1.113883.4.9"/>
                              <name>BELLIS PERENNIS</name>
                              <activeMoiety>
                                 <activeMoiety>
                                    <code code="2HU33I03UY" codeSystem="2.16.840.1.113883.4.9"/>
                                    <name>BELLIS PERENNIS</name>
                                 </activeMoiety>
                              </activeMoiety>
                           </ingredientSubstance>
                        </ingredient>
                        <ingredient classCode="ACTIB">
                           <quantity>
                              <numerator value="12" unit="[hp_X]"/>
                              <denominator value="118" unit="mL"/>
                           </quantity>
                           <ingredientSubstance>
                              <code code="T7J046YI2B" codeSystem="2.16.840.1.113883.4.9"/>
                              <name>BRYONIA ALBA ROOT</name>
                              <activeMoiety>
                                 <activeMoiety>
                                    <code code="T7J046YI2B" codeSystem="2.16.840.1.113883.4.9"/>
                                    <name>BRYONIA ALBA ROOT</name>
                                 </activeMoiety>
                              </activeMoiety>
                           </ingredientSubstance>
                        </ingredient>
                        <ingredient classCode="ACTIB">
                           <quantity>
                              <numerator value="12" unit="[hp_X]"/>
                              <denominator value="118" unit="mL"/>
                           </quantity>
                           <ingredientSubstance>
                              <code code="18E7415PXQ" codeSystem="2.16.840.1.113883.4.9"/>
                              <name>CALENDULA OFFICINALIS FLOWERING TOP</name>
                              <activeMoiety>
                                 <activeMoiety>
                                    <code code="18E7415PXQ" codeSystem="2.16.840.1.113883.4.9"/>
                                    <name>CALENDULA OFFICINALIS FLOWERING TOP</name>
                                 </activeMoiety>
                              </activeMoiety>
                           </ingredientSubstance>
                        </ingredient>
                        <ingredient classCode="ACTIB">
                           <quantity>
                              <numerator value="12" unit="[hp_X]"/>
                              <denominator value="118" unit="mL"/>
                           </quantity>
                           <ingredientSubstance>
                              <code code="G0R4UBI2ZZ" codeSystem="2.16.840.1.113883.4.9"/>
                              <name>MATRICARIA RECUTITA</name>
                              <activeMoiety>
                                 <activeMoiety>
                                    <code code="G0R4UBI2ZZ" codeSystem="2.16.840.1.113883.4.9"/>
                                    <name>MATRICARIA RECUTITA</name>
                                 </activeMoiety>
                              </activeMoiety>
                           </ingredientSubstance>
                        </ingredient>
                        <ingredient classCode="ACTIB">
                           <quantity>
                              <numerator value="12" unit="[hp_X]"/>
                              <denominator value="118" unit="mL"/>
                           </quantity>
                           <ingredientSubstance>
                              <code code="46G3W789Q3" codeSystem="2.16.840.1.113883.4.9"/>
                              <name>HELIANTHEMUM CANADENSE</name>
                              <activeMoiety>
                                 <activeMoiety>
                                    <code code="46G3W789Q3" codeSystem="2.16.840.1.113883.4.9"/>
                                    <name>HELIANTHEMUM CANADENSE</name>
                                 </activeMoiety>
                              </activeMoiety>
                           </ingredientSubstance>
                        </ingredient>
                        <ingredient classCode="ACTIB">
                           <quantity>
                              <numerator value="12" unit="[hp_X]"/>
                              <denominator value="118" unit="mL"/>
                           </quantity>
                           <ingredientSubstance>
                              <code code="396421SP9F" codeSystem="2.16.840.1.113883.4.9"/>
                              <name>CLEMATIS RECTA FLOWERING TOP</name>
                              <activeMoiety>
                                 <activeMoiety>
                                    <code code="396421SP9F" codeSystem="2.16.840.1.113883.4.9"/>
                                    <name>CLEMATIS RECTA FLOWERING TOP</name>
                                 </activeMoiety>
                              </activeMoiety>
                           </ingredientSubstance>
                        </ingredient>
                        <ingredient classCode="ACTIB">
                           <quantity>
                              <numerator value="12" unit="[hp_X]"/>
                              <denominator value="118" unit="mL"/>
                           </quantity>
                           <ingredientSubstance>
                              <code code="91GQH8I5F7" codeSystem="2.16.840.1.113883.4.9"/>
                              <name>FERROSOFERRIC PHOSPHATE</name>
                              <activeMoiety>
                                 <activeMoiety>
                                    <code code="91GQH8I5F7" codeSystem="2.16.840.1.113883.4.9"/>
                                    <name>FERROSOFERRIC PHOSPHATE</name>
                                 </activeMoiety>
                              </activeMoiety>
                           </ingredientSubstance>
                        </ingredient>
                        <ingredient classCode="ACTIB">
                           <quantity>
                              <numerator value="12" unit="[hp_X]"/>
                              <denominator value="118" unit="mL"/>
                           </quantity>
                           <ingredientSubstance>
                              <code code="3POA0Q644U" codeSystem="2.16.840.1.113883.4.9"/>
                              <name>HISTAMINE DIHYDROCHLORIDE</name>
                              <activeMoiety>
                                 <activeMoiety>
                                    <code code="820484N8I3" codeSystem="2.16.840.1.113883.4.9"/>
                                    <name>HISTAMINE</name>
                                 </activeMoiety>
                              </activeMoiety>
                           </ingredientSubstance>
                        </ingredient>
                        <ingredient classCode="ACTIB">
                           <quantity>
                              <numerator value="12" unit="[hp_X]"/>
                              <denominator value="118" unit="mL"/>
                           </quantity>
                           <ingredientSubstance>
                              <code code="XK4IUX8MNB" codeSystem="2.16.840.1.113883.4.9"/>
                              <name>HYPERICUM PERFORATUM</name>
                              <activeMoiety>
                                 <activeMoiety>
                                    <code code="XK4IUX8MNB" codeSystem="2.16.840.1.113883.4.9"/>
                                    <name>HYPERICUM PERFORATUM</name>
                                 </activeMoiety>
                              </activeMoiety>
                           </ingredientSubstance>
                        </ingredient>
                        <ingredient classCode="ACTIB">
                           <quantity>
                              <numerator value="12" unit="[hp_X]"/>
                              <denominator value="118" unit="mL"/>
                           </quantity>
                           <ingredientSubstance>
                              <code code="1NM3M2487K" codeSystem="2.16.840.1.113883.4.9"/>
                              <name>STRYCHNOS IGNATII SEED</name>
                              <activeMoiety>
                                 <activeMoiety>
                                    <code code="1NM3M2487K" codeSystem="2.16.840.1.113883.4.9"/>
                                    <name>STRYCHNOS IGNATII SEED</name>
                                 </activeMoiety>
                              </activeMoiety>
                           </ingredientSubstance>
                        </ingredient>
                        <ingredient classCode="ACTIB">
                           <quantity>
                              <numerator value="12" unit="[hp_X]"/>
                              <denominator value="118" unit="mL"/>
                           </quantity>
                           <ingredientSubstance>
                              <code code="AJU5O1A5ZV" codeSystem="2.16.840.1.113883.4.9"/>
                              <name>IMPATIENS GLANDULIFERA FLOWER</name>
                              <activeMoiety>
                                 <activeMoiety>
                                    <code code="AJU5O1A5ZV" codeSystem="2.16.840.1.113883.4.9"/>
                                    <name>IMPATIENS GLANDULIFERA FLOWER</name>
                                 </activeMoiety>
                              </activeMoiety>
                           </ingredientSubstance>
                        </ingredient>
                        <ingredient classCode="ACTIB">
                           <quantity>
                              <numerator value="12" unit="[hp_X]"/>
                              <denominator value="118" unit="mL"/>
                           </quantity>
                           <ingredientSubstance>
                              <code code="9NS3M2Y78S" codeSystem="2.16.840.1.113883.4.9"/>
                              <name>ORNITHOGALUM UMBELLATUM</name>
                              <activeMoiety>
                                 <activeMoiety>
                                    <code code="9NS3M2Y78S" codeSystem="2.16.840.1.113883.4.9"/>
                                    <name>ORNITHOGALUM UMBELLATUM</name>
                                 </activeMoiety>
                              </activeMoiety>
                           </ingredientSubstance>
                        </ingredient>
                        <ingredient classCode="ACTIB">
                           <quantity>
                              <numerator value="12" unit="[hp_X]"/>
                              <denominator value="118" unit="mL"/>
                           </quantity>
                           <ingredientSubstance>
                              <code code="CLF5YFS11O" codeSystem="2.16.840.1.113883.4.9"/>
                              <name>PASSIFLORA INCARNATA FLOWERING TOP</name>
                              <activeMoiety>
                                 <activeMoiety>
                                    <code code="CLF5YFS11O" codeSystem="2.16.840.1.113883.4.9"/>
                                    <name>PASSIFLORA INCARNATA FLOWERING TOP</name>
                                 </activeMoiety>
                              </activeMoiety>
                           </ingredientSubstance>
                        </ingredient>
                        <ingredient classCode="ACTIB">
                           <quantity>
                              <numerator value="12" unit="[hp_X]"/>
                              <denominator value="118" unit="mL"/>
                           </quantity>
                           <ingredientSubstance>
                              <code code="27YLU75U4W" codeSystem="2.16.840.1.113883.4.9"/>
                              <name>PHOSPHORUS</name>
                              <activeMoiety>
                                 <activeMoiety>
                                    <code code="27YLU75U4W" codeSystem="2.16.840.1.113883.4.9"/>
                                    <name>PHOSPHORUS</name>
                                 </activeMoiety>
                              </activeMoiety>
                           </ingredientSubstance>
                        </ingredient>
                        <ingredient classCode="ACTIB">
                           <quantity>
                              <numerator value="12" unit="[hp_X]"/>
                              <denominator value="118" unit="mL"/>
                           </quantity>
                           <ingredientSubstance>
                              <code code="0KD7R09EAS" codeSystem="2.16.840.1.113883.4.9"/>
                              <name>PRUNUS CERASIFERA FLOWER</name>
                              <activeMoiety>
                                 <activeMoiety>
                                    <code code="0KD7R09EAS" codeSystem="2.16.840.1.113883.4.9"/>
                                    <name>PRUNUS CERASIFERA FLOWER</name>
                                 </activeMoiety>
                              </activeMoiety>
                           </ingredientSubstance>
                        </ingredient>
                        <ingredient classCode="ACTIB">
                           <quantity>
                              <numerator value="12" unit="[hp_X]"/>
                              <denominator value="118" unit="mL"/>
                           </quantity>
                           <ingredientSubstance>
                              <code code="6IO182RP7A" codeSystem="2.16.840.1.113883.4.9"/>
                              <name>TOXICODENDRON PUBESCENS LEAF</name>
                              <activeMoiety>
                                 <activeMoiety>
                                    <code code="6IO182RP7A" codeSystem="2.16.840.1.113883.4.9"/>
                                    <name>TOXICODENDRON PUBESCENS LEAF</name>
                                 </activeMoiety>
                              </activeMoiety>
                           </ingredientSubstance>
                        </ingredient>
                        <ingredient classCode="ACTIB">
                           <quantity>
                              <numerator value="12" unit="[hp_X]"/>
                              <denominator value="118" unit="mL"/>
                           </quantity>
                           <ingredientSubstance>
                              <code code="70FD1KFU70" codeSystem="2.16.840.1.113883.4.9"/>
                              <name>SULFUR</name>
                              <activeMoiety>
                                 <activeMoiety>
                                    <code code="70FD1KFU70" codeSystem="2.16.840.1.113883.4.9"/>
                                    <name>SULFUR</name>
                                 </activeMoiety>
                              </activeMoiety>
                           </ingredientSubstance>
                        </ingredient>
                        <ingredient classCode="ACTIB">
                           <quantity>
                              <numerator value="12" unit="[hp_X]"/>
                              <denominator value="118" unit="mL"/>
                           </quantity>
                           <ingredientSubstance>
                              <code code="M9VVZ08EKQ" codeSystem="2.16.840.1.113883.4.9"/>
                              <name>COMFREY ROOT</name>
                              <activeMoiety>
                                 <activeMoiety>
                                    <code code="M9VVZ08EKQ" codeSystem="2.16.840.1.113883.4.9"/>
                                    <name>COMFREY ROOT</name>
                                 </activeMoiety>
                              </activeMoiety>
                           </ingredientSubstance>
                        </ingredient>
                        <ingredient classCode="ACTIB">
                           <quantity>
                              <numerator value="12" unit="[hp_X]"/>
                              <denominator value="118" unit="mL"/>
                           </quantity>
                           <ingredientSubstance>
                              <code code="QNS6W5US1Z" codeSystem="2.16.840.1.113883.4.9"/>
                              <name>VERATRUM ALBUM ROOT</name>
                              <activeMoiety>
                                 <activeMoiety>
                                    <code code="QNS6W5US1Z" codeSystem="2.16.840.1.113883.4.9"/>
                                    <name>VERATRUM ALBUM ROOT</name>
                                 </activeMoiety>
                              </activeMoiety>
                           </ingredientSubstance>
                        </ingredient>
                        <ingredient classCode="IACT">
                           <ingredientSubstance>
                              <code code="059QF0KO0R" codeSystem="2.16.840.1.113883.4.9"/>
                              <name>WATER</name>
                           </ingredientSubstance>
                        </ingredient>
                        <ingredient classCode="IACT">
                           <ingredientSubstance>
                              <code code="2968PHW8QP" codeSystem="2.16.840.1.113883.4.9"/>
                              <name>CITRIC ACID MONOHYDRATE</name>
                           </ingredientSubstance>
                        </ingredient>
                        <ingredient classCode="IACT">
                           <ingredientSubstance>
                              <code code="1VPU26JZZ4" codeSystem="2.16.840.1.113883.4.9"/>
                              <name>POTASSIUM SORBATE</name>
                           </ingredientSubstance>
                        </ingredient>
                        <asContent>
                           <quantity>
                              <numerator value="118" unit="mL"/>
                              <denominator value="1" unit="1"/>
                           </quantity>
                           <containerPackagedProduct>
                              <code/>
                              <formCode code="C43169" displayName="BOTTLE" codeSystem="2.16.840.1.113883.3.26.1.1"/>
                              <asContent>
                                 <quantity>
                                    <numerator value="1" unit="1"/>
                                    <denominator value="1" unit="1"/>
                                 </quantity>
                                 <containerPackagedProduct>
                                    <code code="57955-4407-4" codeSystem="2.16.840.1.113883.6.69"/>
                                    <formCode code="C43182" displayName="CARTON" codeSystem="2.16.840.1.113883.3.26.1.1"/>
                                 </containerPackagedProduct>
                              </asContent>
                           </containerPackagedProduct>
                        </asContent>
                     </manufacturedProduct>
                     <subjectOf>
                        <marketingAct>
                           <code code="C53292" codeSystem="2.16.840.1.113883.3.26.1.1"/>
                           <statusCode code="active"/>
                           <effectiveTime>
                              <low value="20130605"/>
                           </effectiveTime>
                        </marketingAct>
                     </subjectOf>
                     <subjectOf>
                        <approval>
                           <code code="C73614" codeSystem="2.16.840.1.113883.3.26.1.1" displayName="unapproved homeopathic"/>
                           <author>
                              <territorialAuthority>
                                 <territory>
                                    <code code="USA" codeSystem="2.16.840.1.113883.5.28"/>
                                 </territory>
                              </territorialAuthority>
                           </author>
                        </approval>
                     </subjectOf>
                     <consumedIn>
                        <substanceAdministration>
                           <routeCode code="C38288" codeSystem="2.16.840.1.113883.3.26.1.1" displayName="ORAL"/>
                        </substanceAdministration>
                     </consumedIn>
                  </manufacturedProduct>
               </subject>
            </section>
         </component>
         <component>
            <section ID="Lb70f4461-ac1d-4433-b1c2-1dbf8893c293">
               <id root="7d7b8c36-7f52-48d3-b72a-67a64bb94cb0"/>
               <code code="55106-9" codeSystem="2.16.840.1.113883.6.1" displayName="OTC - ACTIVE INGREDIENT SECTION"/>
               <text>
                  <paragraph>
                     <content styleCode="bold">Drug Facts</content>
                  </paragraph>
                  <paragraph>
                     <content styleCode="bold">_______________________________________________________________________________________________________</content>
                  </paragraph>
                  <paragraph>
                     <content styleCode="bold">HPUS Active Ingredients</content>
                  </paragraph>
                  <paragraph>Aconitum napellus, Apis mellifica, Arnica montana, Arsenicum album, Belladonna, Bellis perennis, Bryonia, Calendula officinalis, Chamomilla, Cistus canadensis, Clematis erecta, Ferrum phosphoricum, Histaminum hydrochloricum, Hypericum perforatum, Ignatia amara, Impatiens glandulifera, flos, Ornithogalum umbellatum, Passiflora incarnata, Phosphorus, Prunus cerasifera, flos, Rhus toxicodendron, Sulphur, Symphytum officinale, Veratrum album.</paragraph>
                  <paragraph>________________________________________________________________________________________________________________________</paragraph>
                  <paragraph>
                     <content styleCode="bold">HPUS Active Ingredients                                                     Purpose†</content>
                  </paragraph>
                  <paragraph>Equal volumes of each ingredient in 12X, 30X, and LM1 potencies.</paragraph>
                  <paragraph>Aconitum napellus................................................................fear of loud noises</paragraph>
                  <paragraph>Apis mellifica.......................................................................aggression, fright</paragraph>
                  <paragraph>Arnica montana...................................................................overexcitement</paragraph>
                  <paragraph>Arsenicum album.................................................................fear</paragraph>
                  <paragraph>Belladonna.........................................................................aggression, biting</paragraph>
                  <paragraph>Bellis perennis.....................................................................loss of appetite</paragraph>
                  <paragraph>Bryonia..............................................................................anxiety, restlessness</paragraph>
                  <paragraph>Calendula officinalis.............................................................extreme nervousness</paragraph>
                  <paragraph>Chamomilla........................................................................restlessness</paragraph>
                  <paragraph>Cistus canadensis...............................................................irritability</paragraph>
                  <paragraph>Clematis erecta..................................................................sleep disturbances</paragraph>
                  <paragraph>Ferrum phosphoricum.........................................................inflammation</paragraph>
                  <paragraph>Histaminum hydrochloricum.................................................skin allergies</paragraph>
                  <paragraph>Hypericum perforatum........................................................fear of heights</paragraph>
                  <paragraph>Ignatia amara...................................................................nervousness</paragraph>
                  <paragraph>Impatiens glandulifera, flos.................................................hyperexcitability</paragraph>
                  <paragraph>Ornithogalum umbellatum..................................................gastric upset</paragraph>
                  <paragraph>Passiflora incarnata...........................................................easily startled</paragraph>
                  <paragraph>Phosphorus......................................................................anxiety</paragraph>
                  <paragraph>Prunus cerasifera, flos.......................................................aggression</paragraph>
                  <paragraph>Rhus toxicodendron..........................................................night fears</paragraph>
                  <paragraph>Sulphur...........................................................................listlessness</paragraph>
                  <paragraph>Symphytum officinale.......................................................restless from injury</paragraph>
                  <paragraph>Veratrum album...............................................................weakness</paragraph>
                  <paragraph/>
                  <paragraph/>
                  <paragraph/>
               </text>
               <effectiveTime value="20130605"/>
            </section>
         </component>
         <component>
            <section ID="Lc11370ef-10b6-4a42-a38d-f0a973bfbdca">
               <id root="7c79a793-3224-4436-ad98-94221953c6d7"/>
               <code code="34067-9" codeSystem="2.16.840.1.113883.6.1" displayName="INDICATIONS &amp; USAGE SECTION"/>
               <text>
                  <paragraph>
                     <content styleCode="bold">Uses</content> a natural aid for stress-related symptoms:</paragraph>
                  <list listType="unordered">
                     <item>anxiety</item>
                     <item>restlessness </item>
                     <item>separation anxiety</item>
                     <item>panting</item>
                     <item>drooling</item>
                     <item>whining</item>
                     <item>fear of loud noises</item>
                     <item>aggression</item>
                     <item>cowering</item>
                     <item>hyperexcitability</item>
                     <item>listlessness</item>
                     <item>trembling</item>
                     <item>stress-licking</item>
                  </list>
                  <paragraph>† as per various homeopathic Materia Medicas.</paragraph>
               </text>
               <effectiveTime value="20130605"/>
            </section>
         </component>
         <component>
            <section ID="L3bdc798f-67d7-4a6b-91e6-97b8678ceeee">
               <id root="f131d3f1-6fc5-45f4-a6cb-2432449301de"/>
               <code code="43685-7" codeSystem="2.16.840.1.113883.6.1" displayName="WARNINGS AND PRECAUTIONS SECTION"/>
               <text>
                  <list listType="unordered">
                     <item>
                        <content styleCode="bold">If symptoms persist or worsen</content>, seek advice of a veterinarian.</item>
                     <item>
                        <content styleCode="bold">Keep out of reach of children.</content>
                     </item>
                  </list>
                  <paragraph>
                     <content styleCode="bold"/>
                  </paragraph>
               </text>
               <effectiveTime value="20130605"/>
            </section>
         </component>
         <component>
            <section ID="L9eef0571-570d-4248-b3fa-5a91ce78d4c9">
               <id root="5dc39d69-10aa-4fc1-bd10-198c9c8e512f"/>
               <code code="34068-7" codeSystem="2.16.840.1.113883.6.1" displayName="DOSAGE &amp; ADMINISTRATION SECTION"/>
               <text>
                  <paragraph>
                     <content styleCode="bold">Directions</content>
                  </paragraph>
                  <list listType="unordered">
                     <item>Pour ½ capful (½tsp.) into water bowl once daily.</item>
                     <item>Dosage is for small, medium and large dogs.</item>
                  </list>
                  <paragraph>It's easy! Simply put one dose in your pet's water bowl per day. Your pet will drink the appropriate amount of medicine according to its size.</paragraph>
               </text>
               <effectiveTime value="20130605"/>
            </section>
         </component>
         <component>
            <section ID="L5437d70e-8c89-42ed-b0a2-a526d4bda19f">
               <id root="540ae1ec-a938-4e72-9dc1-7d38e18be6f1"/>
               <code code="60561-8" codeSystem="2.16.840.1.113883.6.1" displayName="OTHER SAFETY INFORMATION"/>
               <text>
                  <paragraph>
                     <content styleCode="bold">Other information</content>
                  </paragraph>
                  <paragraph>Tamper resitant for your protection. Use only if safety seal is intact.</paragraph>
               </text>
               <effectiveTime value="20130605"/>
            </section>
         </component>
         <component>
            <section ID="Lc1271d6e-f259-4184-931f-354eb1d0bf76">
               <id root="f2427c90-de94-4340-9e5f-2eae1cbd2a9e"/>
               <code code="51727-6" codeSystem="2.16.840.1.113883.6.1" displayName="INACTIVE INGREDIENT SECTION"/>
               <text>
                  <paragraph>
                     <content styleCode="bold">Inactive ingredients</content>
                  </paragraph>
                  <paragraph>Bio-Energetically Enhanced™ pure water base, citric acid, and potassium sorbate.</paragraph>
               </text>
               <effectiveTime value="20130605"/>
            </section>
         </component>
         <component>
            <section ID="Lbf8ac9f4-5b7d-4d3b-9284-8909ed3fb6a8">
               <id root="c0ffde9b-a7c7-4d34-b764-6c12c3286156"/>
               <code code="51945-4" codeSystem="2.16.840.1.113883.6.1" displayName="PACKAGE LABEL.PRINCIPAL DISPLAY PANEL"/>
               <text>
                  <paragraph>
                     <renderMultiMedia referencedObject="L8c4a9cad-aa73-4a3a-8e37-963e1727523c"/>
                  </paragraph>
               </text>
               <effectiveTime value="20130605"/>
               <component>
                  <observationMedia ID="L8c4a9cad-aa73-4a3a-8e37-963e1727523c">
                     <text>image description of carton</text>
                     <value mediaType="image/jpeg" xsi:type="ED">
                        <reference value="anxiety and stress.jpg"/>
                     </value>
                  </observationMedia>
               </component>
            </section>
         </component>
      </structuredBody>
   </component>
</document>