<?xml version="1.0" encoding="UTF-8"?><?xml-stylesheet href="http://www.accessdata.fda.gov/spl/stylesheet/spl.xsl" type="text/xsl"?>
<document xmlns="urn:hl7-org:v3" xmlns:xsi="http://www.w3.org/2001/XMLSchema-instance" xsi:schemaLocation="urn:hl7-org:v3 http://www.accessdata.fda.gov/spl/schema/spl.xsd">
   <id root="513a7934-a28b-4773-8144-86a6a07a363a"/>
   <code code="34390-5" codeSystem="2.16.840.1.113883.6.1" displayName="HUMAN OTC DRUG LABEL"/>
   <title>LEDUM PAL.</title>
   <effectiveTime value="20130605"/>
   <setId root="825aeb66-e90d-4e15-87e0-c5b7fffcaba8"/>
   <versionNumber value="1"/>
   <author>
      <time/>
      <assignedEntity>
         <representedOrganization>
            <id extension="028570695" root="1.3.6.1.4.1.519.1"/>
            <name>Hyland's</name>
            <assignedEntity>
               <assignedOrganization>
                  <assignedEntity>
                     <assignedOrganization>
                        <id extension="008316655" root="1.3.6.1.4.1.519.1"/>
                        <name>Standard Homeopathic Company</name>
                     </assignedOrganization>
                     <performance>
                        <actDefinition>
                           <code code="C43360" codeSystem="2.16.840.1.113883.3.26.1.1" displayName="MANUFACTURE"/>
                           <product>
                              <manufacturedProduct classCode="MANU">
                                 <manufacturedMaterialKind>
                                    <code code="54973-0618" codeSystem="2.16.840.1.113883.6.69"/>
                                 </manufacturedMaterialKind>
                              </manufacturedProduct>
                           </product>
                        </actDefinition>
                     </performance>
                     <performance>
                        <actDefinition>
                           <code code="C84731" codeSystem="2.16.840.1.113883.3.26.1.1" displayName="PACK"/>
                           <product>
                              <manufacturedProduct classCode="MANU">
                                 <manufacturedMaterialKind>
                                    <code code="54973-0618" codeSystem="2.16.840.1.113883.6.69"/>
                                 </manufacturedMaterialKind>
                              </manufacturedProduct>
                           </product>
                        </actDefinition>
                     </performance>
                  </assignedEntity>
               </assignedOrganization>
            </assignedEntity>
         </representedOrganization>
      </assignedEntity>
   </author>
   <component>
      <structuredBody>
         <component>
            <section ID="DLDE">
               <id root="1447d763-6215-4ee7-8fd9-2f6e074f54a3"/>
               <code code="48780-1" codeSystem="2.16.840.1.113883.6.1" displayName="SPL PRODUCT DATA ELEMENTS SECTION"/>
               <effectiveTime value="20130605"/>
               <subject>
                  <manufacturedProduct>
                     <manufacturedProduct>
                        <code code="54973-0618" codeSystem="2.16.840.1.113883.6.69"/>
                        <name>LEDUM PAL.</name>
                        <formCode code="C42998" codeSystem="2.16.840.1.113883.3.26.1.1" displayName="TABLET"/>
                        <asEntityWithGeneric>
                           <genericMedicine>
                              <name>LEDUM PALUSTRE TWIG</name>
                           </genericMedicine>
                        </asEntityWithGeneric>
                        <ingredient classCode="ACTIB">
                           <quantity>
                              <numerator value="6" unit="[hp_X]"/>
                              <denominator value="1" unit="1"/>
                           </quantity>
                           <ingredientSubstance>
                              <code code="877L01IZ0P" codeSystem="2.16.840.1.113883.4.9"/>
                              <name>LEDUM PALUSTRE TWIG</name>
                              <activeMoiety>
                                 <activeMoiety>
                                    <code code="877L01IZ0P" codeSystem="2.16.840.1.113883.4.9"/>
                                    <name>LEDUM PALUSTRE TWIG</name>
                                 </activeMoiety>
                              </activeMoiety>
                           </ingredientSubstance>
                        </ingredient>
                        <ingredient classCode="IACT">
                           <ingredientSubstance>
                              <code code="5C5403N26O" codeSystem="2.16.840.1.113883.4.9"/>
                              <name>ACACIA</name>
                           </ingredientSubstance>
                        </ingredient>
                        <ingredient classCode="IACT">
                           <ingredientSubstance>
                              <code code="J2B2A4N98G" codeSystem="2.16.840.1.113883.4.9"/>
                              <name>LACTOSE</name>
                           </ingredientSubstance>
                        </ingredient>
                        <asContent>
                           <quantity>
                              <numerator value="250" unit="1"/>
                              <denominator value="1"/>
                           </quantity>
                           <containerPackagedProduct>
                              <code code="54973-0618-4" codeSystem="2.16.840.1.113883.6.69"/>
                              <formCode code="C43173" codeSystem="2.16.840.1.113883.3.26.1.1" displayName="BOTTLE, PLASTIC"/>
                           </containerPackagedProduct>
                        </asContent>
                     </manufacturedProduct>
                     <subjectOf>
                        <approval>
                           <code code="C73614" codeSystem="2.16.840.1.113883.3.26.1.1" displayName="UNAPPROVED HOMEOPATHIC"/>
                           <author>
                              <territorialAuthority>
                                 <territory>
                                    <code code="USA" codeSystem="2.16.840.1.113883.5.28"/>
                                 </territory>
                              </territorialAuthority>
                           </author>
                        </approval>
                     </subjectOf>
                     <subjectOf>
                        <marketingAct>
                           <code code="C53292" codeSystem="2.16.840.1.113883.3.26.1.1"/>
                           <statusCode code="active"/>
                           <effectiveTime>
                              <low value="19550101"/>
                           </effectiveTime>
                        </marketingAct>
                     </subjectOf>
                     <subjectOf>
                        <characteristic classCode="OBS">
                           <code code="SPLCOLOR" codeSystem="2.16.840.1.113883.1.11.19255"/>
                           <value code="C48332" codeSystem="2.16.840.1.113883.3.26.1.1" displayName="BROWN" xsi:type="CE">
                              <originalText/>
                           </value>
                        </characteristic>
                     </subjectOf>
                     <subjectOf>
                        <characteristic classCode="OBS">
                           <code code="SPLSCORE" codeSystem="2.16.840.1.113883.1.11.19255"/>
                           <value value="1" xsi:type="INT"/>
                        </characteristic>
                     </subjectOf>
                     <subjectOf>
                        <characteristic classCode="OBS">
                           <code code="SPLSHAPE" codeSystem="2.16.840.1.113883.1.11.19255"/>
                           <value code="C48348" codeSystem="2.16.840.1.113883.3.26.1.1" displayName="ROUND" xsi:type="CE">
                              <originalText/>
                           </value>
                        </characteristic>
                     </subjectOf>
                     <subjectOf>
                        <characteristic classCode="OBS">
                           <code code="SPLSIZE" codeSystem="2.16.840.1.113883.1.11.19255"/>
                           <value unit="mm" value="9" xsi:type="PQ"/>
                        </characteristic>
                     </subjectOf>
                     <consumedIn>
                        <substanceAdministration>
                           <routeCode code="C38288" codeSystem="2.16.840.1.113883.3.26.1.1" displayName="ORAL"/>
                        </substanceAdministration>
                     </consumedIn>
                  </manufacturedProduct>
               </subject>
            </section>
         </component>
         <component>
            <section>
               <id root="cf641c81-8f53-476e-b71f-78995617ca7b"/>
               <code code="55106-9" codeSystem="2.16.840.1.113883.6.1" displayName="OTC - ACTIVE INGREDIENT SECTION"/>
               <text>
                  <paragraph>
                     <content styleCode="bold">LEDUM PAL. 6X</content>
                  </paragraph>
               </text>
               <effectiveTime value="20130605"/>
            </section>
         </component>
         <component>
            <section>
               <id root="c4ea487b-6713-4532-8943-c705dac0470f"/>
               <code code="55105-1" codeSystem="2.16.840.1.113883.6.1" displayName="OTC - PURPOSE SECTION"/>
               <text>
                  <paragraph>
                     <content styleCode="bold">Homeopathic Medicine</content>
                  </paragraph>
               </text>
               <effectiveTime value="20130605"/>
            </section>
         </component>
         <component>
            <section>
               <id root="5c18dc75-9703-4e65-abc8-7b62dceaef82"/>
               <code code="34067-9" codeSystem="2.16.840.1.113883.6.1" displayName="INDICATIONS &amp; USAGE SECTION"/>
               <text>
                  <paragraph>
                     <content styleCode="bold">BITES &amp; STINGS</content>
                  </paragraph>
               </text>
               <effectiveTime value="20130605"/>
            </section>
         </component>
         <component>
            <section>
               <id root="5254b561-0fd4-4242-b004-860671f9905b"/>
               <code code="34071-1" codeSystem="2.16.840.1.113883.6.1" displayName="WARNINGS SECTION"/>
               <title>Warnings</title>
               <effectiveTime value="20130605"/>
               <component>
                  <section>
                     <id root="f01a99fb-9886-41e3-99d7-81a282c5d9b4"/>
                     <code code="50570-1" codeSystem="2.16.840.1.113883.6.1" displayName="OTC - DO NOT USE SECTION"/>
                     <text>
                        <paragraph>Do not use if cap band is missing or broken.</paragraph>
                     </text>
                     <effectiveTime value="20130605"/>
                  </section>
               </component>
               <component>
                  <section>
                     <id root="b69a301e-7d6a-4e0f-a666-91eadd86b9b8"/>
                     <code code="53414-9" codeSystem="2.16.840.1.113883.6.1" displayName="OTC - PREGNANCY OR BREAST FEEDING SECTION"/>
                     <text>
                        <paragraph>If you are pregnant or nursing, consult a licensed health care professional before using this product.</paragraph>
                     </text>
                     <effectiveTime value="20130605"/>
                  </section>
               </component>
               <component>
                  <section>
                     <id root="ffbfbe8a-0c41-46a2-a456-615dd1ce7373"/>
                     <code code="50568-5" codeSystem="2.16.840.1.113883.6.1" displayName="OTC - ASK DOCTOR/PHARMACIST SECTION"/>
                     <text>
                        <paragraph>If symptoms persist for 7 days or worsen, contact a licensed practitioner.</paragraph>
                     </text>
                     <effectiveTime value="20130605"/>
                  </section>
               </component>
               <component>
                  <section>
                     <id root="816cf50e-7a03-4cae-8d88-9d0f918dde2d"/>
                     <code code="50565-1" codeSystem="2.16.840.1.113883.6.1" displayName="OTC - KEEP OUT OF REACH OF CHILDREN SECTION"/>
                     <text>
                        <paragraph>Keep this and all medicines out of the reach of children.</paragraph>
                     </text>
                     <effectiveTime value="20130605"/>
                  </section>
               </component>
               <component>
                  <section>
                     <id root="3dd5d2c5-86d2-41d8-a718-dac0b7f5615e"/>
                     <code code="50567-7" codeSystem="2.16.840.1.113883.6.1" displayName="OTC - WHEN USING SECTION"/>
                     <text>
                        <paragraph>To be used according to label indications and/or standard homeopathic indications.</paragraph>
                     </text>
                     <effectiveTime value="20130605"/>
                  </section>
               </component>
            </section>
         </component>
         <component>
            <section>
               <id root="27bb1e7c-530c-4d49-8226-8834feed20b5"/>
               <code code="34068-7" codeSystem="2.16.840.1.113883.6.1" displayName="DOSAGE &amp; ADMINISTRATION SECTION"/>
               <title>Directions</title>
               <text>
                  <paragraph>
                     <content styleCode="bold">Adults: Dissolve 4 tablets under tongue 4 times a day. Children: 2 tablets as above.</content>
                  </paragraph>
               </text>
               <effectiveTime value="20130605"/>
            </section>
         </component>
         <component>
            <section>
               <id root="07d667a5-af2b-4836-a322-be762ac899a3"/>
               <code code="51727-6" codeSystem="2.16.840.1.113883.6.1" displayName="INACTIVE INGREDIENT SECTION"/>
               <text>
                  <paragraph>In a base of Acacia Gum and Lactose N.F.</paragraph>
               </text>
               <effectiveTime value="20130605"/>
            </section>
         </component>
         <component>
            <section>
               <id root="b8970d40-99d2-41d9-a18e-abff3f424862"/>
               <code code="53413-1" codeSystem="2.16.840.1.113883.6.1" displayName="OTC - QUESTIONS SECTION"/>
               <title>Questions?</title>
               <text>
                  <paragraph>800-624-9659</paragraph>
               </text>
               <effectiveTime value="20130605"/>
            </section>
         </component>
         <component>
            <section>
               <id root="25b10f1d-eaa0-4ed0-925c-a31b7205bb26"/>
               <code code="51945-4" codeSystem="2.16.840.1.113883.6.1" displayName="PACKAGE LABEL.PRINCIPAL DISPLAY PANEL"/>
               <title>PRINCIPAL DISPLAY PANEL - 250 Tablet Bottle Label</title>
               <text>
                  <paragraph>SINCE 1903<br/>
                     <content styleCode="bold italics">Hyland's</content>
                     <sup>®</sup>
                     <br/>HOMEOPATHIC</paragraph>
                  <paragraph>
                     <content styleCode="bold">NDC 54973-0618-4</content>
                  </paragraph>
                  <paragraph>
                     <content styleCode="bold">Homeopathic Medicine</content>
                  </paragraph>
                  <paragraph>
                     <content styleCode="bold">LEDUM PAL.</content>
                  </paragraph>
                  <paragraph>
                     <content styleCode="bold">6X</content>
                  </paragraph>
                  <paragraph>
                     <content styleCode="bold">BITES &amp; STINGS</content>
                  </paragraph>
                  <paragraph>
                     <content styleCode="bold">250 TABLETS</content>
                  </paragraph>
                  <renderMultiMedia referencedObject="MM1"/>
               </text>
               <effectiveTime value="20130605"/>
               <component>
                  <observationMedia ID="MM1">
                     <text>Principal Display Panel - 250 Tablet Bottle Label</text>
                     <value xsi:type="ED" mediaType="image/jpeg">
                        <reference value="ledum-01.jpg"/>
                     </value>
                  </observationMedia>
               </component>
            </section>
         </component>
      </structuredBody>
   </component>
</document>