<?xml version="1.0" encoding="UTF-8"?><?xml-stylesheet href="http://www.accessdata.fda.gov/spl/stylesheet/spl.xsl" type="text/xsl"?>
<document xmlns="urn:hl7-org:v3" xmlns:xsi="http://www.w3.org/2001/XMLSchema-instance" xsi:schemaLocation="urn:hl7-org:v3 http://www.accessdata.fda.gov/spl/schema/spl.xsd">
   <id root="7c5c2b93-0fb6-483b-aa06-7dfd17571fc4"/>
   <code code="34391-3" codeSystem="2.16.840.1.113883.6.1" displayName="HUMAN PRESCRIPTION DRUG LABEL"/>
   <title>HYDRALAZINE HYDROCHLORIDE<br/>TABLETS USP<br/>Rx only</title>
   <effectiveTime value="20130606"/>
   <setId root="db7500f3-f8a6-46b1-bb64-9727617a9643"/>
   <versionNumber value="3"/>
   <author>
      <time/>
      <assignedEntity>
         <representedOrganization>
            <id extension="188557102" root="1.3.6.1.4.1.519.1"/>
            <name>Cardinal Health</name>
            <assignedEntity>
               <assignedOrganization>
                  <assignedEntity>
                     <assignedOrganization>
                        <id extension="188557102" root="1.3.6.1.4.1.519.1"/>
                        <name>Cardinal Health</name>
                     </assignedOrganization>
                     <performance>
                        <actDefinition>
                           <code code="C73606" codeSystem="2.16.840.1.113883.3.26.1.1" displayName="REPACK"/>
                           <product>
                              <manufacturedProduct classCode="MANU">
                                 <manufacturedMaterialKind>
                                    <code code="55154-5689" codeSystem="2.16.840.1.113883.6.69"/>
                                 </manufacturedMaterialKind>
                              </manufacturedProduct>
                           </product>
                        </actDefinition>
                     </performance>
                     <performance>
                        <actDefinition>
                           <code code="C73606" codeSystem="2.16.840.1.113883.3.26.1.1" displayName="REPACK"/>
                           <product>
                              <manufacturedProduct classCode="MANU">
                                 <manufacturedMaterialKind>
                                    <code code="55154-5085" codeSystem="2.16.840.1.113883.6.69"/>
                                 </manufacturedMaterialKind>
                              </manufacturedProduct>
                           </product>
                        </actDefinition>
                     </performance>
                     <performance>
                        <actDefinition>
                           <code code="C73606" codeSystem="2.16.840.1.113883.3.26.1.1" displayName="REPACK"/>
                           <product>
                              <manufacturedProduct classCode="MANU">
                                 <manufacturedMaterialKind>
                                    <code code="55154-5394" codeSystem="2.16.840.1.113883.6.69"/>
                                 </manufacturedMaterialKind>
                              </manufacturedProduct>
                           </product>
                        </actDefinition>
                     </performance>
                  </assignedEntity>
               </assignedOrganization>
            </assignedEntity>
         </representedOrganization>
      </assignedEntity>
   </author>
   <component>
      <structuredBody>
         <component>
            <section>
               <id root="669a4c34-9e5f-4376-b65d-2ff73ec18901"/>
               <code code="48780-1" codeSystem="2.16.840.1.113883.6.1" displayName="SPL product data elements section"/>
               <effectiveTime value="20100707"/>
               <subject>
                  <manufacturedProduct>
                     <manufacturedProduct>
                        <code codeSystem="2.16.840.1.113883.6.69" code="55154-5689"/>
                        <name>Hydralazine Hydrochloride</name>
                        <formCode code="C42998" codeSystem="2.16.840.1.113883.3.26.1.1" displayName="TABLET"/>
                        <asEntityWithGeneric>
                           <genericMedicine>
                              <name>Hydralazine Hydrochloride</name>
                           </genericMedicine>
                        </asEntityWithGeneric>
                        <asEquivalentEntity classCode="EQUIV">
                           <code code="C64637" codeSystem="2.16.840.1.113883.3.26.1.1"/>
                           <definingMaterialKind>
                              <code code="51079-075" codeSystem="2.16.840.1.113883.6.69"/>
                           </definingMaterialKind>
                        </asEquivalentEntity>
                        <ingredient classCode="ACTIB">
                           <quantity>
                              <numerator value="25" unit="mg"/>
                              <denominator value="1" unit="1"/>
                           </quantity>
                           <ingredientSubstance>
                              <code code="FD171B778Y" codeSystem="2.16.840.1.113883.4.9"/>
                              <name>HYDRALAZINE HYDROCHLORIDE</name>
                              <activeMoiety>
                                 <activeMoiety>
                                    <code code="26NAK24LS8" codeSystem="2.16.840.1.113883.4.9"/>
                                    <name>HYDRALAZINE</name>
                                 </activeMoiety>
                              </activeMoiety>
                           </ingredientSubstance>
                        </ingredient>
                        <ingredient classCode="IACT">
                           <ingredientSubstance>
                              <code code="3SY5LH9PMK" codeSystem="2.16.840.1.113883.4.9"/>
                              <name>ANHYDROUS LACTOSE</name>
                           </ingredientSubstance>
                        </ingredient>
                        <ingredient classCode="IACT">
                           <ingredientSubstance>
                              <code code="OP1R32D61U" codeSystem="2.16.840.1.113883.4.9"/>
                              <name>CELLULOSE, MICROCRYSTALLINE</name>
                           </ingredientSubstance>
                        </ingredient>
                        <ingredient classCode="IACT">
                           <ingredientSubstance>
                              <code code="5856J3G2A2" codeSystem="2.16.840.1.113883.4.9"/>
                              <name>SODIUM STARCH GLYCOLATE TYPE A POTATO</name>
                           </ingredientSubstance>
                        </ingredient>
                        <ingredient classCode="IACT">
                           <ingredientSubstance>
                              <code code="4ELV7Z65AP" codeSystem="2.16.840.1.113883.4.9"/>
                              <name>STEARIC ACID</name>
                           </ingredientSubstance>
                        </ingredient>
                        <ingredient classCode="IACT">
                           <ingredientSubstance>
                              <code code="H77VEI93A8" codeSystem="2.16.840.1.113883.4.9"/>
                              <name>FD&amp;C YELLOW NO. 6</name>
                           </ingredientSubstance>
                        </ingredient>
                        <asContent>
                           <quantity>
                              <numerator value="1" unit="1"/>
                              <denominator value="1"/>
                           </quantity>
                           <containerPackagedProduct>
                              <code/>
                              <formCode code="C43168" codeSystem="2.16.840.1.113883.3.26.1.1" displayName="BLISTER PACK"/>
                              <asContent>
                                 <quantity>
                                    <numerator value="10" unit="1"/>
                                    <denominator value="1"/>
                                 </quantity>
                                 <containerPackagedProduct>
                                    <code code="55154-5689-0" codeSystem="2.16.840.1.113883.6.69"/>
                                    <formCode code="C43167" codeSystem="2.16.840.1.113883.3.26.1.1" displayName="BAG"/>
                                 </containerPackagedProduct>
                              </asContent>
                           </containerPackagedProduct>
                        </asContent>
                     </manufacturedProduct>
                     <subjectOf>
                        <approval>
                           <id extension="ANDA088467" root="2.16.840.1.113883.3.150"/>
                           <code code="C73584" codeSystem="2.16.840.1.113883.3.26.1.1" displayName="ANDA"/>
                           <author>
                              <territorialAuthority>
                                 <territory>
                                    <code code="USA" codeSystem="2.16.840.1.113883.5.28"/>
                                 </territory>
                              </territorialAuthority>
                           </author>
                        </approval>
                     </subjectOf>
                     <subjectOf>
                        <marketingAct>
                           <code code="C53292" codeSystem="2.16.840.1.113883.3.26.1.1"/>
                           <statusCode code="active"/>
                           <effectiveTime>
                              <low value="20110513"/>
                           </effectiveTime>
                        </marketingAct>
                     </subjectOf>
                     <subjectOf>
                        <characteristic classCode="OBS">
                           <code code="SPLCOLOR" codeSystem="2.16.840.1.113883.1.11.19255"/>
                           <value xsi:type="CE" code="C48331" codeSystem="2.16.840.1.113883.3.26.1.1" displayName="ORANGE"/>
                        </characteristic>
                     </subjectOf>
                     <subjectOf>
                        <characteristic classCode="OBS">
                           <code code="SPLSIZE" codeSystem="2.16.840.1.113883.1.11.19255"/>
                           <value unit="mm" value="8" xsi:type="PQ"/>
                        </characteristic>
                     </subjectOf>
                     <subjectOf>
                        <characteristic classCode="OBS">
                           <code code="SPLSHAPE" codeSystem="2.16.840.1.113883.1.11.19255"/>
                           <value xsi:type="CE" code="C48348" codeSystem="2.16.840.1.113883.3.26.1.1" displayName="ROUND"/>
                        </characteristic>
                     </subjectOf>
                     <subjectOf>
                        <characteristic classCode="OBS">
                           <code code="SPLSCORE" codeSystem="2.16.840.1.113883.1.11.19255"/>
                           <value value="1" xsi:type="INT"/>
                        </characteristic>
                     </subjectOf>
                     <subjectOf>
                        <characteristic classCode="OBS">
                           <code code="SPLIMPRINT" codeSystem="2.16.840.1.113883.1.11.19255"/>
                           <value xsi:type="ST">PLIVA;327</value>
                        </characteristic>
                     </subjectOf>
                     <consumedIn>
                        <substanceAdministration>
                           <routeCode code="C38288" codeSystem="2.16.840.1.113883.3.26.1.1" displayName="ORAL"/>
                        </substanceAdministration>
                     </consumedIn>
                  </manufacturedProduct>
               </subject>
               <subject>
                  <manufacturedProduct>
                     <manufacturedProduct>
                        <code codeSystem="2.16.840.1.113883.6.69" code="55154-5085"/>
                        <name>Hydralazine Hydrochloride</name>
                        <formCode code="C42998" codeSystem="2.16.840.1.113883.3.26.1.1" displayName="TABLET"/>
                        <asEntityWithGeneric>
                           <genericMedicine>
                              <name>Hydralazine Hydrochloride</name>
                           </genericMedicine>
                        </asEntityWithGeneric>
                        <asEquivalentEntity classCode="EQUIV">
                           <code code="C64637" codeSystem="2.16.840.1.113883.3.26.1.1"/>
                           <definingMaterialKind>
                              <code code="51079-076" codeSystem="2.16.840.1.113883.6.69"/>
                           </definingMaterialKind>
                        </asEquivalentEntity>
                        <ingredient classCode="ACTIB">
                           <quantity>
                              <numerator value="50" unit="mg"/>
                              <denominator value="1" unit="1"/>
                           </quantity>
                           <ingredientSubstance>
                              <code code="FD171B778Y" codeSystem="2.16.840.1.113883.4.9"/>
                              <name>HYDRALAZINE HYDROCHLORIDE</name>
                              <activeMoiety>
                                 <activeMoiety>
                                    <code code="26NAK24LS8" codeSystem="2.16.840.1.113883.4.9"/>
                                    <name>HYDRALAZINE</name>
                                 </activeMoiety>
                              </activeMoiety>
                           </ingredientSubstance>
                        </ingredient>
                        <ingredient classCode="IACT">
                           <ingredientSubstance>
                              <code code="3SY5LH9PMK" codeSystem="2.16.840.1.113883.4.9"/>
                              <name>ANHYDROUS LACTOSE</name>
                           </ingredientSubstance>
                        </ingredient>
                        <ingredient classCode="IACT">
                           <ingredientSubstance>
                              <code code="OP1R32D61U" codeSystem="2.16.840.1.113883.4.9"/>
                              <name>CELLULOSE, MICROCRYSTALLINE</name>
                           </ingredientSubstance>
                        </ingredient>
                        <ingredient classCode="IACT">
                           <ingredientSubstance>
                              <code code="5856J3G2A2" codeSystem="2.16.840.1.113883.4.9"/>
                              <name>SODIUM STARCH GLYCOLATE TYPE A POTATO</name>
                           </ingredientSubstance>
                        </ingredient>
                        <ingredient classCode="IACT">
                           <ingredientSubstance>
                              <code code="4ELV7Z65AP" codeSystem="2.16.840.1.113883.4.9"/>
                              <name>STEARIC ACID</name>
                           </ingredientSubstance>
                        </ingredient>
                        <ingredient classCode="IACT">
                           <ingredientSubstance>
                              <code code="H77VEI93A8" codeSystem="2.16.840.1.113883.4.9"/>
                              <name>FD&amp;C YELLOW NO. 6</name>
                           </ingredientSubstance>
                        </ingredient>
                        <asContent>
                           <quantity>
                              <numerator value="1" unit="1"/>
                              <denominator value="1"/>
                           </quantity>
                           <containerPackagedProduct>
                              <code/>
                              <formCode code="C43168" codeSystem="2.16.840.1.113883.3.26.1.1" displayName="BLISTER PACK"/>
                              <asContent>
                                 <quantity>
                                    <numerator value="10" unit="1"/>
                                    <denominator value="1"/>
                                 </quantity>
                                 <containerPackagedProduct>
                                    <code code="55154-5085-0" codeSystem="2.16.840.1.113883.6.69"/>
                                    <formCode code="C43167" codeSystem="2.16.840.1.113883.3.26.1.1" displayName="BAG"/>
                                 </containerPackagedProduct>
                              </asContent>
                           </containerPackagedProduct>
                        </asContent>
                     </manufacturedProduct>
                     <subjectOf>
                        <approval>
                           <id extension="ANDA088468" root="2.16.840.1.113883.3.150"/>
                           <code code="C73584" codeSystem="2.16.840.1.113883.3.26.1.1" displayName="ANDA"/>
                           <author>
                              <territorialAuthority>
                                 <territory>
                                    <code code="USA" codeSystem="2.16.840.1.113883.5.28"/>
                                 </territory>
                              </territorialAuthority>
                           </author>
                        </approval>
                     </subjectOf>
                     <subjectOf>
                        <marketingAct>
                           <code code="C53292" codeSystem="2.16.840.1.113883.3.26.1.1"/>
                           <statusCode code="active"/>
                           <effectiveTime>
                              <low value="20110513"/>
                           </effectiveTime>
                        </marketingAct>
                     </subjectOf>
                     <subjectOf>
                        <characteristic classCode="OBS">
                           <code code="SPLCOLOR" codeSystem="2.16.840.1.113883.1.11.19255"/>
                           <value xsi:type="CE" code="C48331" codeSystem="2.16.840.1.113883.3.26.1.1" displayName="ORANGE"/>
                        </characteristic>
                     </subjectOf>
                     <subjectOf>
                        <characteristic classCode="OBS">
                           <code code="SPLSIZE" codeSystem="2.16.840.1.113883.1.11.19255"/>
                           <value unit="mm" value="10" xsi:type="PQ"/>
                        </characteristic>
                     </subjectOf>
                     <subjectOf>
                        <characteristic classCode="OBS">
                           <code code="SPLSHAPE" codeSystem="2.16.840.1.113883.1.11.19255"/>
                           <value xsi:type="CE" code="C48348" codeSystem="2.16.840.1.113883.3.26.1.1" displayName="ROUND"/>
                        </characteristic>
                     </subjectOf>
                     <subjectOf>
                        <characteristic classCode="OBS">
                           <code code="SPLSCORE" codeSystem="2.16.840.1.113883.1.11.19255"/>
                           <value value="1" xsi:type="INT"/>
                        </characteristic>
                     </subjectOf>
                     <subjectOf>
                        <characteristic classCode="OBS">
                           <code code="SPLIMPRINT" codeSystem="2.16.840.1.113883.1.11.19255"/>
                           <value xsi:type="ST">PLIVA;328</value>
                        </characteristic>
                     </subjectOf>
                     <consumedIn>
                        <substanceAdministration>
                           <routeCode code="C38288" codeSystem="2.16.840.1.113883.3.26.1.1" displayName="ORAL"/>
                        </substanceAdministration>
                     </consumedIn>
                  </manufacturedProduct>
               </subject>
               <subject>
                  <manufacturedProduct>
                     <manufacturedProduct>
                        <code codeSystem="2.16.840.1.113883.6.69" code="55154-5394"/>
                        <name>Hydralazine Hydrochloride</name>
                        <formCode code="C42998" codeSystem="2.16.840.1.113883.3.26.1.1" displayName="TABLET"/>
                        <asEntityWithGeneric>
                           <genericMedicine>
                              <name>Hydralazine Hydrochloride</name>
                           </genericMedicine>
                        </asEntityWithGeneric>
                        <asEquivalentEntity classCode="EQUIV">
                           <code code="C64637" codeSystem="2.16.840.1.113883.3.26.1.1"/>
                           <definingMaterialKind>
                              <code code="51079-074" codeSystem="2.16.840.1.113883.6.69"/>
                           </definingMaterialKind>
                        </asEquivalentEntity>
                        <ingredient classCode="ACTIB">
                           <quantity>
                              <numerator value="10" unit="mg"/>
                              <denominator value="1" unit="1"/>
                           </quantity>
                           <ingredientSubstance>
                              <code code="FD171B778Y" codeSystem="2.16.840.1.113883.4.9"/>
                              <name>HYDRALAZINE HYDROCHLORIDE</name>
                              <activeMoiety>
                                 <activeMoiety>
                                    <code code="26NAK24LS8" codeSystem="2.16.840.1.113883.4.9"/>
                                    <name>HYDRALAZINE</name>
                                 </activeMoiety>
                              </activeMoiety>
                           </ingredientSubstance>
                        </ingredient>
                        <ingredient classCode="IACT">
                           <ingredientSubstance>
                              <code code="3SY5LH9PMK" codeSystem="2.16.840.1.113883.4.9"/>
                              <name>ANHYDROUS LACTOSE</name>
                           </ingredientSubstance>
                        </ingredient>
                        <ingredient classCode="IACT">
                           <ingredientSubstance>
                              <code code="OP1R32D61U" codeSystem="2.16.840.1.113883.4.9"/>
                              <name>CELLULOSE, MICROCRYSTALLINE</name>
                           </ingredientSubstance>
                        </ingredient>
                        <ingredient classCode="IACT">
                           <ingredientSubstance>
                              <code code="5856J3G2A2" codeSystem="2.16.840.1.113883.4.9"/>
                              <name>SODIUM STARCH GLYCOLATE TYPE A POTATO</name>
                           </ingredientSubstance>
                        </ingredient>
                        <ingredient classCode="IACT">
                           <ingredientSubstance>
                              <code code="4ELV7Z65AP" codeSystem="2.16.840.1.113883.4.9"/>
                              <name>STEARIC ACID</name>
                           </ingredientSubstance>
                        </ingredient>
                        <ingredient classCode="IACT">
                           <ingredientSubstance>
                              <code code="H77VEI93A8" codeSystem="2.16.840.1.113883.4.9"/>
                              <name>FD&amp;C YELLOW NO. 6</name>
                           </ingredientSubstance>
                        </ingredient>
                        <asContent>
                           <quantity>
                              <numerator value="1" unit="1"/>
                              <denominator value="1"/>
                           </quantity>
                           <containerPackagedProduct>
                              <code/>
                              <formCode code="C43168" codeSystem="2.16.840.1.113883.3.26.1.1" displayName="BLISTER PACK"/>
                              <asContent>
                                 <quantity>
                                    <numerator value="10" unit="1"/>
                                    <denominator value="1"/>
                                 </quantity>
                                 <containerPackagedProduct>
                                    <code code="55154-5394-0" codeSystem="2.16.840.1.113883.6.69"/>
                                    <formCode code="C43167" codeSystem="2.16.840.1.113883.3.26.1.1" displayName="BAG"/>
                                 </containerPackagedProduct>
                              </asContent>
                           </containerPackagedProduct>
                        </asContent>
                     </manufacturedProduct>
                     <subjectOf>
                        <approval>
                           <id extension="ANDA089097" root="2.16.840.1.113883.3.150"/>
                           <code code="C73584" codeSystem="2.16.840.1.113883.3.26.1.1" displayName="ANDA"/>
                           <author>
                              <territorialAuthority>
                                 <territory>
                                    <code code="USA" codeSystem="2.16.840.1.113883.5.28"/>
                                 </territory>
                              </territorialAuthority>
                           </author>
                        </approval>
                     </subjectOf>
                     <subjectOf>
                        <marketingAct>
                           <code code="C53292" codeSystem="2.16.840.1.113883.3.26.1.1"/>
                           <statusCode code="active"/>
                           <effectiveTime>
                              <low value="20110513"/>
                           </effectiveTime>
                        </marketingAct>
                     </subjectOf>
                     <subjectOf>
                        <characteristic classCode="OBS">
                           <code code="SPLCOLOR" codeSystem="2.16.840.1.113883.1.11.19255"/>
                           <value xsi:type="CE" code="C48331" codeSystem="2.16.840.1.113883.3.26.1.1" displayName="ORANGE"/>
                        </characteristic>
                     </subjectOf>
                     <subjectOf>
                        <characteristic classCode="OBS">
                           <code code="SPLSIZE" codeSystem="2.16.840.1.113883.1.11.19255"/>
                           <value unit="mm" value="8" xsi:type="PQ"/>
                        </characteristic>
                     </subjectOf>
                     <subjectOf>
                        <characteristic classCode="OBS">
                           <code code="SPLSHAPE" codeSystem="2.16.840.1.113883.1.11.19255"/>
                           <value xsi:type="CE" code="C48348" codeSystem="2.16.840.1.113883.3.26.1.1" displayName="ROUND"/>
                        </characteristic>
                     </subjectOf>
                     <subjectOf>
                        <characteristic classCode="OBS">
                           <code code="SPLSCORE" codeSystem="2.16.840.1.113883.1.11.19255"/>
                           <value value="1" xsi:type="INT"/>
                        </characteristic>
                     </subjectOf>
                     <subjectOf>
                        <characteristic classCode="OBS">
                           <code code="SPLIMPRINT" codeSystem="2.16.840.1.113883.1.11.19255"/>
                           <value xsi:type="ST">PLIVA;398</value>
                        </characteristic>
                     </subjectOf>
                     <consumedIn>
                        <substanceAdministration>
                           <routeCode code="C38288" codeSystem="2.16.840.1.113883.3.26.1.1" displayName="ORAL"/>
                        </substanceAdministration>
                     </consumedIn>
                  </manufacturedProduct>
               </subject>
            </section>
         </component>
         <component>
            <section ID="i4i_section_id_2bc937fe-fc7d-45f7-8b16-e2f11e16c9d4">
               <id root="9d836d94-ae3c-45b7-a241-0766220d5f3e"/>
               <code codeSystem="2.16.840.1.113883.6.1" code="42229-5" displayName="SPL UNCLASSIFIED SECTION"/>
               <effectiveTime value="20100707"/>
            </section>
         </component>
         <component>
            <section ID="i4i_description_id_236849d7-c9cf-46c6-8f62-12cac5c7efba">
               <id root="8d924c14-b89e-4130-a9f3-b1ebd5192f08"/>
               <code codeSystem="2.16.840.1.113883.6.1" code="34089-3" displayName="DESCRIPTION SECTION"/>
               <title>DESCRIPTION</title>
               <text>
                  <paragraph>Hydralazine hydrochloride USP, is an antihypertensive, for oral administration. Its chemical name is 1-hydrazinophthalazine monohydrochloride, and its structural formula is:</paragraph>
                  <renderMultiMedia referencedObject="id_09a39057-c681-4fc3-8eb6-56a7ac8f3d71">
                     <caption ID="id_ca85b274-1a62-43c7-9b7f-70bcfa08c504">C<sub>8</sub>H<sub>8</sub>N<sub>4</sub>·HCl</caption>
                  </renderMultiMedia>
                  <paragraph>Hydralazine hydrochloride USP is a white to off-white, odorless crystalline powder. It is soluble in water, slightly soluble in alcohol, and very slightly soluble in ether. It melts at about 275°C, with decomposition, and has a molecular weight of 196.64.</paragraph>
                  <paragraph>Each tablet for oral administration contains 10 mg, 25 mg, 50 mg or 100 mg hydralazine hydrochloride USP. Tablets also contain anhydrous lactose, microcrystalline cellulose, sodium starch glycolate, stearic acid and FD&amp;C Yellow #6.</paragraph>
               </text>
               <effectiveTime value="20100901"/>
               <component>
                  <observationMedia ID="id_09a39057-c681-4fc3-8eb6-56a7ac8f3d71">
                     <text>Chem structure</text>
                     <value xsi:type="ED" mediaType="image/jpeg">
                        <reference value="7c5c2b93-0fb6-483b-aa06-7dfd17571fc4-01.jpg"/>
                     </value>
                  </observationMedia>
               </component>
            </section>
         </component>
         <component>
            <section ID="i4i_clinical_pharmacology_id_e625c997-d434-4679-92ac-cfc43419260e">
               <id root="b6fd6cbf-e537-456e-a429-fad1d9bb8c08"/>
               <code codeSystem="2.16.840.1.113883.6.1" code="34090-1" displayName="CLINICAL PHARMACOLOGY SECTION"/>
               <title>CLINICAL PHARMACOLOGY </title>
               <text>
                  <paragraph>Although the precise mechanism of action of hydralazine is not fully understood, the major effects are on the cardiovascular system. Hydralazine apparently lowers blood pressure by exerting a peripheral vasodilating effect through a direct relaxation of vascular smooth muscle. Hydralazine, by altering cellular calcium metabolism, interferes with the calcium movements within the vascular smooth muscle that are responsible for initiating or maintaining the contractile state.</paragraph>
                  <paragraph> The peripheral vasodilating effect of hydralazine results in decreased arterial blood pressure (diastolic more than systolic); decreased peripheral vascular resistance; and an increased heart rate, stroke volume, and cardiac output. The preferential dilatation of arterioles, as compared to veins, minimizes postural hypotension and promotes the increase in cardiac output. Hydralazine usually increases renin activity in plasma, presumably as a result of increased secretion of renin by the renal juxtaglomerular cells in response to reflex sympathetic discharge. This increase in renin activity leads to the production of angiotensin II, which then causes stimulation of aldosterone and consequent sodium reabsorption. Hydralazine also maintains or increases renal and cerebral blood flow.</paragraph>
                  <paragraph>Hydralazine is rapidly absorbed after oral administration, and peak plasma levels are reached at 1 to 2 hours. Plasma levels of apparent hydralazine decline with a half-life of 3 to 7 hours. Binding to human plasma protein is 87%. Plasma levels of hydralazine vary widely among individuals. Hydralazine is subject to polymorphic acetylation; slow acetylators generally have higher plasma levels of hydralazine and require lower doses to maintain control of blood pressure. Hydralazine undergoes extensive hepatic metabolism; it is excreted mainly in the form of metabolites in the urine.</paragraph>
               </text>
               <effectiveTime value="20100901"/>
            </section>
         </component>
         <component>
            <section ID="i4i_indications_id_e6aa167b-49a1-4f73-8685-69189317396c">
               <id root="39b02f4d-7684-4ad9-b5e3-cfdcad1f0bc9"/>
               <code codeSystem="2.16.840.1.113883.6.1" code="34067-9" displayName="INDICATIONS &amp; USAGE SECTION"/>
               <title>INDICATIONS AND USAGE</title>
               <text>
                  <paragraph>Essential hypertension, alone or as an adjunct.</paragraph>
               </text>
               <effectiveTime value="20100709"/>
            </section>
         </component>
         <component>
            <section ID="i4i_contraindications_id_e7ab5850-8b2b-4766-b476-af3f0e670df5">
               <id root="08a81d58-8625-4cb4-b67b-19f138f568bf"/>
               <code codeSystem="2.16.840.1.113883.6.1" code="34070-3" displayName="CONTRAINDICATIONS SECTION"/>
               <title>CONTRAINDICATIONS </title>
               <text>
                  <paragraph>Hypersensitivity to hydralazine; coronary artery disease; mitral valvular rheumatic heart disease.</paragraph>
               </text>
               <effectiveTime value="20100901"/>
            </section>
         </component>
         <component>
            <section ID="i4i_warnings_id_d3ebd1ce-9ba6-4766-829a-e5f5163ab5e8">
               <id root="2eee0614-4a8b-4c3d-a8e8-0c9d41c77136"/>
               <code codeSystem="2.16.840.1.113883.6.1" code="34071-1" displayName="WARNINGS SECTION"/>
               <title>WARNINGS </title>
               <text>
                  <paragraph>In a few patients hydralazine may produce a clinical picture simulating systemic lupus erythematosus including glomerulonephritis. In such patients hydralazine should be discontinued unless the benefit-to-risk determination requires continued antihypertensive therapy with this drug. Symptoms and signs usually regress when the drug is discontinued but residua have been detected many years later. Long-term treatment with steroids may be necessary. (See <content styleCode="bold">
                        <linkHtml href="#i4i_precautions_id_6de73f67-8b61-449e-8a79-2ee85b4520cc">PRECAUTIONS</linkHtml>, <linkHtml href="#i4i_lab_tests_id_d9030fb7-afbb-4f37-ab57-b625a89cc2a2">Laboratory Tests</linkHtml>
                     </content>.)</paragraph>
               </text>
               <effectiveTime value="20100901"/>
            </section>
         </component>
         <component>
            <section ID="i4i_precautions_id_6de73f67-8b61-449e-8a79-2ee85b4520cc">
               <id root="7f919bef-8777-4549-ba90-7b22a8e214aa"/>
               <code codeSystem="2.16.840.1.113883.6.1" code="42232-9" displayName="PRECAUTIONS SECTION"/>
               <title>PRECAUTIONS</title>
               <effectiveTime value="20100901"/>
               <component>
                  <section ID="i4i_section_id_582fdb1c-f9bf-4557-83b4-aa0f4ccc96d5">
                     <id root="d6f42e82-5aa7-47ac-9256-37734dbe3ea7"/>
                     <code codeSystem="2.16.840.1.113883.6.1" code="42229-5" displayName="SPL UNCLASSIFIED SECTION"/>
                     <title>General</title>
                     <text>
                        <paragraph>Myocardial stimulation produced by hydralazine can cause anginal attacks and ECG changes of myocardial ischemia. The drug has been implicated in the production of myocardial infarction. It must, therefore, be used with caution in patients with suspected coronary artery disease.</paragraph>
                        <paragraph>The “hyperdynamic” circulation caused by hydralazine may accentuate specific cardiovascular inadequacies. For example, hydralazine may increase pulmonary artery pressure in patients with mitral valvular disease. The drug may reduce the pressor responses to epinephrine. Postural hypotension may result from hydralazine but is less common than with ganglionic blocking agents. It should be used with caution in patients with cerebral vascular accidents.</paragraph>
                        <paragraph>In hypertensive patients with normal kidneys who are treated with hydralazine, there is evidence of increased renal blood flow and a maintenance of glomerular filtration rate. In some instances where control values were below normal, improved renal function has been noted after administration of hydralazine. However, as with any antihypertensive agent, hydralazine should be used with caution in patients with advanced renal damage.</paragraph>
                        <paragraph>Peripheral neuritis, evidenced by paresthesia, numbness, and tingling, has been observed. Published evidence suggests an antipyridoxine effect, and that pyridoxine should be added to the regimen if symptoms develop.</paragraph>
                     </text>
                     <effectiveTime value="20100901"/>
                  </section>
               </component>
               <component>
                  <section ID="i4i_info_patients_id_cc639fa9-db4b-4367-b4aa-563b14af61b1">
                     <id root="aeed0987-9115-4194-ab73-779faed78a84"/>
                     <code codeSystem="2.16.840.1.113883.6.1" code="34076-0" displayName="INFORMATION FOR PATIENTS SECTION"/>
                     <title>Information for Patients</title>
                     <text>
                        <paragraph>Patients should be informed of possible side effects and advised to take the medication regularly and continuously as directed.</paragraph>
                     </text>
                     <effectiveTime value="20100709"/>
                  </section>
               </component>
               <component>
                  <section ID="i4i_lab_tests_id_d9030fb7-afbb-4f37-ab57-b625a89cc2a2">
                     <id root="44284823-d932-40fc-8472-454fb4917752"/>
                     <code codeSystem="2.16.840.1.113883.6.1" code="34075-2" displayName="LABORATORY TESTS SECTION"/>
                     <title>Laboratory Tests</title>
                     <text>
                        <paragraph>Complete blood counts and antinuclear antibody titer determinations are indicated before and periodically during prolonged therapy with hydralazine even though the patient is asymptomatic. These studies are also indicated if the patient develops arthralgia, fever, chest pain, continued malaise, or other unexplained signs or symptoms.</paragraph>
                        <paragraph>A positive antinuclear antibody titer requires that the physician carefully weigh the implications of the test results against the benefits to be derived from antihypertensive therapy with hydralazine.</paragraph>
                        <paragraph>Blood dyscrasias, consisting of reduction in hemoglobin and red cell count, leukopenia, agranulocytosis, and purpura, have been reported. If such abnormalities develop, therapy should be discontinued.</paragraph>
                     </text>
                     <effectiveTime value="20100901"/>
                  </section>
               </component>
               <component>
                  <section ID="i4i_section_id_17c0ec7d-ad9e-4206-a4fa-a3ca5b27ff6c">
                     <id root="7b1773a4-7217-4efb-96da-f702471bad03"/>
                     <code codeSystem="2.16.840.1.113883.6.1" code="42229-5" displayName="SPL UNCLASSIFIED SECTION"/>
                     <title>Drug/Drug Interactions</title>
                     <text>
                        <paragraph>MAO inhibitors should be used with caution in patients receiving hydralazine.</paragraph>
                        <paragraph>When other potent parenteral antihypertensive drugs, such as diazoxide, are used in combination with hydralazine, patients should be continuously observed for several hours for any excessive fall in blood pressure. Profound hypotensive episodes may occur when diazoxide injection and hydralazine are used concomitantly.</paragraph>
                     </text>
                     <effectiveTime value="20100901"/>
                  </section>
               </component>
               <component>
                  <section ID="i4i_section_id_dffb62e5-7f0a-461c-b984-fc30c6a66c36">
                     <id root="8b4057c6-1644-448a-a218-7bb62c5052da"/>
                     <code codeSystem="2.16.840.1.113883.6.1" code="42229-5" displayName="SPL UNCLASSIFIED SECTION"/>
                     <title>Drug/Food Interactions</title>
                     <text>
                        <paragraph>Administration of hydralazine with food results in higher plasma levels.</paragraph>
                     </text>
                     <effectiveTime value="20100901"/>
                  </section>
               </component>
               <component>
                  <section ID="i4i_carcinogenesis_mutagenesis_fertility_id_fd7a0472-a6ee-4a9d-94fc-b69d70d1ee7a">
                     <id root="8b3d1443-44e2-48ae-80f4-a82e918085eb"/>
                     <code codeSystem="2.16.840.1.113883.6.1" code="34083-6" displayName="CARCINOGENESIS &amp; MUTAGENESIS &amp; IMPAIRMENT OF FERTILITY SECTION"/>
                     <title>Carcinogenesis, Mutagenesis, Impairment of Fertility</title>
                     <text>
                        <paragraph>In a lifetime study in Swiss albino mice, there was a statistically significant increase in the incidence of lung tumors (adenomas and adenocarcinomas) of both male and female mice given hydralazine continuously in their drinking water at a dosage of about 250 mg/kg per day (about 80 times the maximum recommended human dose). In a 2-year carcinogenicity study of rats given hydralazine by gavage at dose levels of 15, 30, and 60 mg/kg/day (approximately 5 to 20 times the recommended human daily dosage), microscopic examination of the liver revealed a small, but statistically significant, increase in benign neoplastic nodules in male and female rats from the high-dose group and in female rats from the intermediate-dose group. Benign interstitial cell tumors of the testes were also significantly increased in male rats from the high-dose group. The tumors observed are common in aged rats and a significantly increased incidence was not observed until 18 months of treatment. Hydralazine was shown to be mutagenic in bacterial systems (Gene Mutation and DNA Repair) and in one of two rats and one rabbit hepatocyte <content styleCode="italics">in vitro</content> DNA repair studies. Additional <content styleCode="italics">in vivo</content> and <content styleCode="italics">in vitro</content> studies using lymphoma cells, germinal cells, and fibroblasts from mice, bone marrow cells from chinese hamsters and fibroblasts from human cell lines did not demonstrate any mutagenic potential for hydralazine.</paragraph>
                        <paragraph>The extent to which these findings indicate a risk to man is uncertain. While long-term clinical observation has not suggested that human cancer is associated with hydralazine use, epidemiologic studies have so far been insufficient to arrive at any conclusions.</paragraph>
                     </text>
                     <effectiveTime value="20100901"/>
                  </section>
               </component>
               <component>
                  <section ID="i4i_section_id_cab3782f-e1dc-4127-be58-3c5d72144ccc">
                     <id root="2cc4aa1c-3091-4962-a1d6-7926c36ae396"/>
                     <code codeSystem="2.16.840.1.113883.6.1" code="42229-5" displayName="SPL UNCLASSIFIED SECTION"/>
                     <title>Pregnancy Category C </title>
                     <text>
                        <paragraph>Animal studies indicate that hydralazine is teratogenic in mice at 20 to 30 times the maximum daily human dose of 200 to 300 mg and possibly in rabbits at 10 to 15 times the maximum daily human dose, but that it is nonteratogenic in rats. Teratogenic effects observed were cleft palate and malformations of facial and cranial bones.</paragraph>
                        <paragraph>There are no adequate and well-controlled studies in pregnant women. Although clinical experience does not include any positive evidence of adverse effects on the human fetus, hydralazine should be used during pregnancy only if the expected benefit justifies the potential risk to the fetus.</paragraph>
                     </text>
                     <effectiveTime value="20100901"/>
                  </section>
               </component>
               <component>
                  <section ID="i4i_nursing_mothers_id_68891e08-3d0c-4ec2-aa3c-b7d085e9bb20">
                     <id root="5ffb471c-95f7-4d93-933b-b7c9c0457770"/>
                     <code codeSystem="2.16.840.1.113883.6.1" code="34080-2" displayName="NURSING MOTHERS SECTION"/>
                     <title>Nursing Mothers</title>
                     <text>
                        <paragraph>It is not known whether this drug is excreted in human milk. Because many drugs are excreted in human milk, caution should be exercised when hydralazine is administered to a nursing woman.</paragraph>
                     </text>
                     <effectiveTime value="20100901"/>
                  </section>
               </component>
               <component>
                  <section ID="i4i_pediatric_use_id_37f0e22c-5d5e-4422-ae1b-135be9fbbca9">
                     <id root="757f8524-2d4f-49fe-be69-70174adac484"/>
                     <code codeSystem="2.16.840.1.113883.6.1" code="34081-0" displayName="PEDIATRIC USE SECTION"/>
                     <title>Pediatric Use </title>
                     <text>
                        <paragraph>Safety and effectiveness in pediatric patients have not been established in controlled clinical trials, although there is experience with the use of hydralazine in pediatric patients. The usual recommended oral starting dosage is 0.75 mg/kg of body weight daily in four divided doses. Dosage may be increased gradually over the next 3 to 4 weeks to a maximum of 7.5 mg/kg or 200 mg daily.</paragraph>
                     </text>
                     <effectiveTime value="20100901"/>
                  </section>
               </component>
            </section>
         </component>
         <component>
            <section ID="i4i_adverse_effects_id_132fe70d-4fe2-4d94-bc52-b28b6ce34251">
               <id root="790bc065-c93a-48aa-a084-cd54ee8414ff"/>
               <code codeSystem="2.16.840.1.113883.6.1" code="34084-4" displayName="ADVERSE REACTIONS SECTION"/>
               <title>ADVERSE REACTIONS</title>
               <text>
                  <paragraph>Adverse reactions with hydralazine are usually reversible when dosage is reduced. However, in some cases it may be necessary to discontinue the drug. The following adverse reactions have been observed, but there has not been enough systematic collection of data to support an estimate of their frequency.</paragraph>
                  <paragraph>
                     <content styleCode="bold">Common:</content> Headache, anorexia, nausea, vomiting, diarrhea, palpitations, tachycardia, angina pectoris.</paragraph>
                  <paragraph>
                     <content styleCode="bold">Less Frequent:</content>
                     <content styleCode="italics">
                        <content styleCode="bold">Digestive:</content>
                     </content> constipation, paralytic ileus.</paragraph>
                  <paragraph>
                     <content styleCode="bold">
                        <content styleCode="italics">Cardiovascular:</content>
                     </content> hypotension, paradoxical pressor response, edema.</paragraph>
                  <paragraph>
                     <content styleCode="bold">
                        <content styleCode="italics">Respiratory:</content>
                     </content> dyspnea.</paragraph>
                  <paragraph>
                     <content styleCode="bold">
                        <content styleCode="italics">Neurologic:</content>
                     </content> peripheral neuritis, evidenced by paresthesia, numbness, and tingling; dizziness; tremors; muscle cramps; psychotic reactions characterized by depression, disorientation, or anxiety.</paragraph>
                  <paragraph>
                     <content styleCode="bold">
                        <content styleCode="italics">Genitourinary:</content>
                     </content> difficulty in urination.</paragraph>
                  <paragraph>
                     <content styleCode="bold">
                        <content styleCode="italics">Hematologic:</content>
                     </content> blood dyscrasias, consisting of reduction in hemoglobin and red cell count, leukopenia, agranulocytosis, purpura; lymphadenopathy; splenomegaly.</paragraph>
                  <paragraph>
                     <content styleCode="bold">
                        <content styleCode="italics">Hypersensitive Reactions:</content>
                     </content> rash, urticaria, pruritus, fever, chills, arthralgia, eosinophilia, and rarely, hepatitis.</paragraph>
                  <paragraph>
                     <content styleCode="bold">
                        <content styleCode="italics">Other:</content>
                     </content> nasal congestion, flushing, lacrimation, conjunctivitis.</paragraph>
               </text>
               <effectiveTime value="20100901"/>
            </section>
         </component>
         <component>
            <section ID="i4i_overdosage_id_c82fe897-01f9-44f8-a47b-27e81b09639c">
               <id root="d89c9ad0-fec9-46d1-902f-f4903acff4a4"/>
               <code codeSystem="2.16.840.1.113883.6.1" code="34088-5" displayName="OVERDOSAGE SECTION"/>
               <title>OVERDOSAGE</title>
               <effectiveTime value="20100901"/>
               <component>
                  <section ID="i4i_section_id_d4ce65b1-6935-46a6-b2b5-1ddc25751b2e">
                     <id root="46842b07-ca39-4f57-9601-6ce595ff977d"/>
                     <code codeSystem="2.16.840.1.113883.6.1" code="42229-5" displayName="SPL UNCLASSIFIED SECTION"/>
                     <title>Acute Toxicity</title>
                     <text>
                        <paragraph> No deaths due to acute poisoning have been reported. Highest known dose survived: adults, 10 g orally.</paragraph>
                        <paragraph>Oral LD<sub>50</sub> in rats: 173 and 187 mg/kg.</paragraph>
                     </text>
                     <effectiveTime value="20100901"/>
                  </section>
               </component>
               <component>
                  <section ID="i4i_section_id_eb3a10e9-783f-48ca-bdce-0113a2eb92c1">
                     <id root="9c57f74e-0905-4a07-876e-0f10e7f40bd6"/>
                     <code codeSystem="2.16.840.1.113883.6.1" code="42229-5" displayName="SPL UNCLASSIFIED SECTION"/>
                     <title>Signs and Symptoms </title>
                     <text>
                        <paragraph>Signs and symptoms of overdosage include hypotension, tachycardia, headache, and generalized skin flushing.</paragraph>
                        <paragraph>Complications can include myocardial ischemia and subsequent myocardial infarction, cardiac arrhythmia, and profound shock.</paragraph>
                     </text>
                     <effectiveTime value="20100901"/>
                  </section>
               </component>
               <component>
                  <section ID="i4i_section_id_82d7142e-9eea-446e-9fc1-5aec47b39922">
                     <id root="cc60cfc9-e3c3-4d6b-b28d-1c7cfa3af504"/>
                     <code codeSystem="2.16.840.1.113883.6.1" code="42229-5" displayName="SPL UNCLASSIFIED SECTION"/>
                     <title>Treatment </title>
                     <text>
                        <paragraph>There is no specific antidote.</paragraph>
                        <paragraph>The gastric contents should be evacuated, taking adequate precautions against aspiration and for protection of the airway. An activated charcoal slurry may be instilled if conditions permit. These manipulations may have to be omitted or carried out after cardiovascular status has been stabilized, since they might precipitate cardiac arrhythmias or increase the depth of shock.</paragraph>
                        <paragraph>Support of the cardiovascular system is of primary importance. Shock should be treated with plasma expanders. If possible, vasopressors should not be given, but if a vasopressor is required, care should be taken not to precipitate or aggravate cardiac arrhythmia.</paragraph>
                        <paragraph>Tachycardia responds to beta blockers. Digitalization may be necessary, and renal function should be monitored and supported as required.</paragraph>
                        <paragraph>No experience has been reported with extracorporeal or peritoneal dialysis.</paragraph>
                     </text>
                     <effectiveTime value="20100901"/>
                  </section>
               </component>
            </section>
         </component>
         <component>
            <section ID="i4i_dosage_admin_id_468266d8-cb3d-44be-a24c-f4ce745c1a1b">
               <id root="7026df79-f3fd-4a7f-b5ac-09afe812d2eb"/>
               <code codeSystem="2.16.840.1.113883.6.1" code="34068-7" displayName="DOSAGE &amp; ADMINISTRATION SECTION"/>
               <title>DOSAGE AND ADMINISTRATION</title>
               <text>
                  <paragraph>Initiate therapy in gradually increasing dosages; adjust according to individual response. Start with 10 mg four times daily for the first 2 to 4 days, increase to 25 mg four times daily for the balance of the first week. For the second and subsequent weeks, increase dosage to 50 mg four times daily. For maintenance, adjust dosage to the lowest effective levels.</paragraph>
                  <paragraph>The incidence of toxic reactions, particularly the L.E. cell syndrome, is high in the group of patients receiving large doses of hydralazine.</paragraph>
                  <paragraph>In a few resistant patients, up to 300 mg of hydralazine daily may be required for a significant antihypertensive effect. In such cases, a lower dosage of hydralazine combined with a thiazide and/or reserpine or a beta blocker may be considered. However, when combining therapy, individual titration is essential to ensure the lowest possible therapeutic dose of each drug.</paragraph>
               </text>
               <effectiveTime value="20100901"/>
            </section>
         </component>
         <component>
            <section ID="i4i_how_supplied_id_ef79b603-483b-464d-8899-bb84dc63fa13">
               <id root="62a8a7b3-bf00-4b4b-bd69-48acdd53bd08"/>
               <code codeSystem="2.16.840.1.113883.6.1" code="34069-5" displayName="HOW SUPPLIED SECTION"/>
               <title>
                  <content styleCode="bold">HOW SUPPLIED:</content>
               </title>
               <text>
                  <paragraph>Hydralazine Hydrochloride Tablets USP:</paragraph>
                  <paragraph>10 mg - Orange, round, unscored tablets. Debossed: PLIVA 398.<br/>They are available as follows:</paragraph>
                  <paragraph>NDC 51079-074-20 - Unit dose blister packages of 100 (10 cards of 10 tablets each).</paragraph>
                  <paragraph>25 mg - Orange, round, unscored tablets. Debossed: PLIVA 327.<br/>They are available as follows:</paragraph>
                  <paragraph>NDC 51079-075-20 - Unit dose blister packages of 100 (10 cards of 10 tablets each).<br/>NDC 51079-075-19 - Robot Ready blister packages of 25 (25 cards of 1 tablet each).</paragraph>
                  <paragraph>50 mg - Orange, round, unscored tablets. Debossed: PLIVA 328.<br/>They are available as follows:</paragraph>
                  <paragraph>NDC 51079-076-20 - Unit dose blister packages of 100 (10 cards of 10 tablets each).</paragraph>
                  <paragraph>Store at 20° to 25°C (68° to 77°F). [See USP Controlled Room Temperature.]</paragraph>
                  <paragraph>Protect from light.</paragraph>
                  <paragraph>Manufactured in Poland by:<br/>PLIVA Krakow Pharmaceutical Company S.A.,<content styleCode="bold">
                        <br/>
                     </content>Krakow, Poland </paragraph>
                  <paragraph>Manufactured for:<br/>Teva Pharmaceuticals USA<br/>Sellersville, PA 18960</paragraph>
                  <paragraph>Distributed by:<br/>UDL Laboratories, Inc.<br/>Rockford, IL 61103 </paragraph>
                  <paragraph>S-10195 R1<br/>9/10</paragraph>
               </text>
               <effectiveTime value="20100901"/>
            </section>
         </component>
         <component>
            <section ID="i4i_Principal_display_panel_id_0e71879b-d031-4ea7-baf1-d917eda8669f">
               <id root="b405f099-d461-43e9-82b7-87dad71d4538"/>
               <code codeSystem="2.16.840.1.113883.6.1" code="51945-4" displayName="PACKAGE LABEL.PRINCIPAL DISPLAY PANEL"/>
               <title>Principal Display Panel - 25 mg Bag</title>
               <text>
                  <paragraph>Hydralazine Hydrochloride Tablets, USP</paragraph>
                  <paragraph>25 mg</paragraph>
                  <paragraph>10 Tablets</paragraph>
                  <renderMultiMedia referencedObject="id_7435ab05-3a79-4a89-8c88-f4b542af9c70"/>
               </text>
               <effectiveTime value="20130606"/>
               <component>
                  <observationMedia ID="id_7435ab05-3a79-4a89-8c88-f4b542af9c70">
                     <text>bag label</text>
                     <value xsi:type="ED" mediaType="image/jpeg">
                        <reference value="7c5c2b93-0fb6-483b-aa06-7dfd17571fc4-02.jpg"/>
                     </value>
                  </observationMedia>
               </component>
            </section>
         </component>
         <component>
            <section ID="i4i_Principal_display_panel_id_44569e8b-d4c5-4646-86de-7ec1fa38949c">
               <id root="d16f167b-ceed-4664-aee9-2d91a0236aaa"/>
               <code codeSystem="2.16.840.1.113883.6.1" code="51945-4" displayName="PACKAGE LABEL.PRINCIPAL DISPLAY PANEL"/>
               <title>Principal Display Panel - 50 mg Bag</title>
               <text>
                  <paragraph>Hydralazine Hydrochloride Tablets, USP</paragraph>
                  <paragraph>50 mg</paragraph>
                  <paragraph>10 Tablets</paragraph>
                  <renderMultiMedia referencedObject="id_11df4508-9642-425b-9ef8-a421628ca6cd"/>
               </text>
               <effectiveTime value="20100707"/>
               <component>
                  <observationMedia ID="id_11df4508-9642-425b-9ef8-a421628ca6cd">
                     <text>Bag Label</text>
                     <value xsi:type="ED" mediaType="image/jpeg">
                        <reference value="7c5c2b93-0fb6-483b-aa06-7dfd17571fc4-03.jpg"/>
                     </value>
                  </observationMedia>
               </component>
            </section>
         </component>
         <component>
            <section ID="i4i_Principal_display_panel_id_c82456fc-a710-47f2-908b-31f1db316a13">
               <id root="2b76ecc0-617b-4264-af2a-41b7f3c79aa4"/>
               <code codeSystem="2.16.840.1.113883.6.1" code="51945-4" displayName="PACKAGE LABEL.PRINCIPAL DISPLAY PANEL"/>
               <title>Principal Display Panel - 10 mg Bag</title>
               <text>
                  <paragraph>Hydralazine Hydrochloride Tablets, USP</paragraph>
                  <paragraph>10 mg</paragraph>
                  <paragraph>10 Tablets</paragraph>
                  <renderMultiMedia referencedObject="id_5fcfa505-d689-4701-8731-054884fc773b"/>
               </text>
               <effectiveTime value="20130606"/>
               <component>
                  <observationMedia ID="id_5fcfa505-d689-4701-8731-054884fc773b">
                     <text>bag label</text>
                     <value xsi:type="ED" mediaType="image/jpeg">
                        <reference value="7c5c2b93-0fb6-483b-aa06-7dfd17571fc4-04.jpg"/>
                     </value>
                  </observationMedia>
               </component>
            </section>
         </component>
      </structuredBody>
   </component>
</document>