<?xml version="1.0" encoding="UTF-8"?><?xml-stylesheet href="http://www.accessdata.fda.gov/spl/stylesheet/spl.xsl" type="text/xsl"?>
<document xmlns="urn:hl7-org:v3" xmlns:xsi="http://www.w3.org/2001/XMLSchema-instance" xsi:schemaLocation="urn:hl7-org:v3 http://www.accessdata.fda.gov/spl/schema/spl.xsd">
   <id root="cb033ae5-1f66-4182-9c0c-3a41e0597c5c"/>
   <code code="34390-5" codeSystem="2.16.840.1.113883.6.1" displayName="HUMAN OTC DRUG LABEL"/>
   <title>DawnMist Gel Fluoride Toothpaste </title>
   <effectiveTime value="20130606"/>
   <setId root="e9e57210-ed58-41df-a6a9-a9e7a641f326"/>
   <versionNumber value="2"/>
   <author>
      <time/>
      <assignedEntity>
         <representedOrganization>
            <id extension="791014871" root="1.3.6.1.4.1.519.1"/>
            <name>Dukal Corporation</name>
            <assignedEntity>
               <assignedOrganization/>
            </assignedEntity>
         </representedOrganization>
      </assignedEntity>
   </author>
   <component>
      <structuredBody>
         <component>
            <section>
               <id root="e6159848-00c7-4a4f-b734-e4bea39b1515"/>
               <code code="48780-1" codeSystem="2.16.840.1.113883.6.1" displayName="SPL listing data elements section"/>
               <effectiveTime value="20130606"/>
               <subject>
                  <manufacturedProduct>
                     <manufacturedProduct>
                        <code code="65517-1017" codeSystem="2.16.840.1.113883.6.69"/>
                        <name>DawnMist Fluoride<suffix/>
                        </name>
                        <formCode code="C42967" codeSystem="2.16.840.1.113883.3.26.1.1" displayName="PASTE"/>
                        <asEntityWithGeneric>
                           <genericMedicine>
                              <name>SODIUM MONOFLUOROPHOSPHATE</name>
                           </genericMedicine>
                        </asEntityWithGeneric>
                        <ingredient classCode="IACT">
                           <ingredientSubstance>
                              <code code="506T60A25R" codeSystem="2.16.840.1.113883.4.9"/>
                              <name>SORBITOL</name>
                           </ingredientSubstance>
                        </ingredient>
                        <ingredient classCode="IACT">
                           <ingredientSubstance>
                              <code code="Y6O7T4G8P9" codeSystem="2.16.840.1.113883.4.9"/>
                              <name>HYDRATED SILICA</name>
                           </ingredientSubstance>
                        </ingredient>
                        <ingredient classCode="IACT">
                           <ingredientSubstance>
                              <code code="059QF0KO0R" codeSystem="2.16.840.1.113883.4.9"/>
                              <name>WATER</name>
                           </ingredientSubstance>
                        </ingredient>
                        <ingredient classCode="IACT">
                           <ingredientSubstance>
                              <code code="5OCF3O11KX" codeSystem="2.16.840.1.113883.4.9"/>
                              <name>COCAMIDOPROPYL BETAINE</name>
                           </ingredientSubstance>
                        </ingredient>
                        <ingredient classCode="IACT">
                           <ingredientSubstance>
                              <code code="TTV12P4NEE" codeSystem="2.16.840.1.113883.4.9"/>
                              <name>XANTHAN GUM</name>
                           </ingredientSubstance>
                        </ingredient>
                        <ingredient classCode="IACT">
                           <ingredientSubstance>
                              <code code="OJ245FE5EU" codeSystem="2.16.840.1.113883.4.9"/>
                              <name>SODIUM BENZOATE</name>
                           </ingredientSubstance>
                        </ingredient>
                        <ingredient classCode="IACT">
                           <ingredientSubstance>
                              <code code="AV092KU4JH" codeSystem="2.16.840.1.113883.4.9"/>
                              <name>PEPPERMINT OIL</name>
                           </ingredientSubstance>
                        </ingredient>
                        <ingredient classCode="IACT">
                           <ingredientSubstance>
                              <code code="SB8ZUX40TY" codeSystem="2.16.840.1.113883.4.9"/>
                              <name>SACCHARIN SODIUM</name>
                           </ingredientSubstance>
                        </ingredient>
                        <ingredient classCode="ACTIM">
                           <quantity>
                              <numerator value="0.76" unit="g"/>
                              <denominator value="100" unit="g"/>
                           </quantity>
                           <ingredientSubstance>
                              <code code="C810JCZ56Q" codeSystem="2.16.840.1.113883.4.9"/>
                              <name>SODIUM MONOFLUOROPHOSPHATE</name>
                              <activeMoiety>
                                 <activeMoiety>
                                    <code code="Q80VPU408O" codeSystem="2.16.840.1.113883.4.9"/>
                                    <name>FLUORIDE ION</name>
                                 </activeMoiety>
                              </activeMoiety>
                           </ingredientSubstance>
                        </ingredient>
                        <asContent>
                           <quantity>
                              <numerator value="78" unit="g"/>
                              <denominator value="1"/>
                           </quantity>
                           <containerPackagedProduct>
                              <code code="65517-1017-0" codeSystem="2.16.840.1.113883.6.69"/>
                              <formCode code="C42794" codeSystem="2.16.840.1.113883.3.26.1.1" displayName="TUBE"/>
                           </containerPackagedProduct>
                        </asContent>
                        <asContent>
                           <quantity>
                              <numerator value="17" unit="g"/>
                              <denominator value="1"/>
                           </quantity>
                           <containerPackagedProduct>
                              <code code="65517-1017-1" codeSystem="2.16.840.1.113883.6.69"/>
                              <formCode code="C42794" codeSystem="2.16.840.1.113883.3.26.1.1" displayName="TUBE"/>
                           </containerPackagedProduct>
                        </asContent>
                        <asContent>
                           <quantity>
                              <numerator value="24" unit="g"/>
                              <denominator value="1"/>
                           </quantity>
                           <containerPackagedProduct>
                              <code code="65517-1017-2" codeSystem="2.16.840.1.113883.6.69"/>
                              <formCode code="C42794" codeSystem="2.16.840.1.113883.3.26.1.1" displayName="TUBE"/>
                           </containerPackagedProduct>
                        </asContent>
                        <asContent>
                           <quantity>
                              <numerator value="43" unit="g"/>
                              <denominator value="1"/>
                           </quantity>
                           <containerPackagedProduct>
                              <code code="65517-1017-3" codeSystem="2.16.840.1.113883.6.69"/>
                              <formCode code="C42794" codeSystem="2.16.840.1.113883.3.26.1.1" displayName="TUBE"/>
                           </containerPackagedProduct>
                        </asContent>
                     </manufacturedProduct>
                     <subjectOf>
                        <marketingAct>
                           <code code="C53292" codeSystem="2.16.840.1.113883.3.26.1.1"/>
                           <statusCode code="active"/>
                           <effectiveTime>
                              <low value="20130606"/>
                           </effectiveTime>
                        </marketingAct>
                     </subjectOf>
                     <subjectOf>
                        <approval>
                           <id extension="part355" root="2.16.840.1.113883.3.149"/>
                           <code code="C73603" codeSystem="2.16.840.1.113883.3.26.1.1" displayName="OTC monograph final"/>
                           <author>
                              <territorialAuthority>
                                 <territory>
                                    <code code="USA" codeSystem="2.16.840.1.113883.5.28"/>
                                 </territory>
                              </territorialAuthority>
                           </author>
                        </approval>
                     </subjectOf>
                     <consumedIn>
                        <substanceAdministration>
                           <routeCode code="C38197" codeSystem="2.16.840.1.113883.3.26.1.1" displayName="DENTAL"/>
                        </substanceAdministration>
                     </consumedIn>
                  </manufacturedProduct>
               </subject>
            </section>
         </component>
         <component>
            <section>
               <id root="8d523b40-452a-4816-80c2-7095ea06c1ea"/>
               <code code="42229-5" codeSystem="2.16.840.1.113883.6.1" displayName="SPL UNCLASSIFIED SECTION"/>
               <title>  DawnMist Gel Fluoride Toothpaste
</title>
               <text>
                  <paragraph/>
               </text>
               <effectiveTime value="20130606"/>
            </section>
         </component>
         <component>
            <section>
               <id root="d24f6584-38aa-4a3d-97c6-0ba478a0af6c"/>
               <code code="55106-9" codeSystem="2.16.840.1.113883.6.1" displayName="OTC - ACTIVE INGREDIENT SECTION"/>
               <title>Active Ingredient</title>
               <text>
                  <paragraph>Sodium Monofluorophosphate 0.76%<br/>
                  </paragraph>
               </text>
               <effectiveTime value="20130606"/>
            </section>
         </component>
         <component>
            <section>
               <id root="4f87e160-8fbf-4d3a-bfda-a06eca4cb2c8"/>
               <code code="55105-1" codeSystem="2.16.840.1.113883.6.1" displayName="OTC - PURPOSE SECTION"/>
               <title>Purpose</title>
               <text>
                  <paragraph>Anticavity</paragraph>
               </text>
               <effectiveTime value="20130606"/>
            </section>
         </component>
         <component>
            <section>
               <id root="ba8367e6-ebcf-4eb3-820d-b0f496be5113"/>
               <code code="34067-9" codeSystem="2.16.840.1.113883.6.1" displayName="INDICATIONS &amp; USAGE SECTION"/>
               <title>Use</title>
               <text>
                  <paragraph>Aids in the prevention of dental cavities.<br/>
                  </paragraph>
               </text>
               <effectiveTime value="20130606"/>
            </section>
         </component>
         <component>
            <section>
               <id root="ae404309-2a13-428f-8f91-3437e673f854"/>
               <code code="34071-1" codeSystem="2.16.840.1.113883.6.1" displayName="WARNINGS SECTION"/>
               <title>Warning: </title>
               <text>
                  <paragraph/>
               </text>
               <effectiveTime value="20130606"/>
               <component>
                  <section ID="Lb03a590b-5b33-46af-94cf-c5dbd758535d">
                     <id root="7dd29d22-08f9-4537-8019-4cfbbd7362dc"/>
                     <code code="50565-1" codeSystem="2.16.840.1.113883.6.1" displayName="OTC - KEEP OUT OF REACH OF CHILDREN SECTION"/>
                     <title>Keep out of reach of children under 6 years of age.</title>
                     <text>
                        <paragraph>If you accidentally swallow more than used for brushing seek professional assistance or contact a Poison Control Center immediately.</paragraph>
                     </text>
                     <effectiveTime value="20130606"/>
                  </section>
               </component>
            </section>
         </component>
         <component>
            <section>
               <id root="3226c5f2-1196-4dcf-8ef8-52ea54b29b05"/>
               <code code="34068-7" codeSystem="2.16.840.1.113883.6.1" displayName="DOSAGE &amp; ADMINISTRATION SECTION"/>
               <title>Directions</title>
               <text>
                  <paragraph>
                     <content styleCode="bold">Adults and children 2 years and older:</content> Brush teeth thoroughly after meals or at least twice a day or use as directed by a dentist or physician.</paragraph>
                  <paragraph>
                     <content styleCode="bold">Children under 6 years:</content> To minimize swallowing, use a pea sized amount and supervise brushing until good habits are established.</paragraph>
                  <paragraph>
                     <content styleCode="bold">Children under 2 years:</content> Ask a dentist or physician.<br/>
                  </paragraph>
               </text>
               <effectiveTime value="20130606"/>
            </section>
         </component>
         <component>
            <section>
               <id root="fcec2717-98e8-4b22-9cf7-f94267712492"/>
               <code code="51727-6" codeSystem="2.16.840.1.113883.6.1" displayName="INACTIVE INGREDIENT SECTION"/>
               <title>Inactive Ingredients</title>
               <text>
                  <paragraph>Sorbitol, Silica, Water, Cocamidopropyl Betaine, Xanthan Gum, Sodium Benzoate, Mentha Piperita (Peppermint Oil), Sodium Saccharin<br/>
                  </paragraph>
               </text>
               <effectiveTime value="20130606"/>
            </section>
         </component>
         <component>
            <section>
               <id root="45490aa9-1aa8-4c69-b7cc-d1d365b23260"/>
               <code code="51945-4" codeSystem="2.16.840.1.113883.6.1" displayName="PACKAGE LABEL.PRINCIPAL DISPLAY PANEL"/>
               <title/>
               <text>
                  <paragraph>DawnMist Gel Fluoride Toothpaste 2.75/78g (65517-1017-0) <br/>DawnMist Gel 
Fluoride Toothpaste 0.6oz/17g (65517-1017-1)<br/>DawnMist Gel Fluoride Toothpaste 
0.85oz/24g (65517-1017-2)<br/>DawnMist Gel Fluoride Toothpaste 1.5oz/43g 
(65517-1017-3)<br/>
                  </paragraph>
                  <paragraph>Manufactured for:</paragraph>
                  <paragraph>DUKAL CORPORATION<br/>Ronkonkoma, NY 11779<br/>(631) 656-3800</paragraph>
                  <paragraph>Made in Malaysia</paragraph>
                  <renderMultiMedia referencedObject="LL1"/>
                  <paragraph>
                     <br/>
                  </paragraph>
                  <paragraph/>
               </text>
               <effectiveTime value="20130606"/>
               <component>
                  <observationMedia classCode="OBS" moodCode="EVN" ID="LL1">
                     <text>Label</text>
                     <value xsi:type="ED" mediaType="image/jpeg">
                        <reference value="Label.jpg"/>
                     </value>
                  </observationMedia>
               </component>
            </section>
         </component>
      </structuredBody>
   </component>
</document>