<?xml version="1.0" encoding="UTF-8"?><?xml-stylesheet href="http://www.accessdata.fda.gov/spl/stylesheet/spl.xsl" type="text/xsl"?>
<document xmlns="urn:hl7-org:v3" xmlns:xsi="http://www.w3.org/2001/XMLSchema-instance" xsi:schemaLocation="urn:hl7-org:v3 http://www.accessdata.fda.gov/spl/schema/spl.xsd">
   <id root="707c981e-6613-4ad2-ab64-7193b29c5a21"/>
   <code code="34390-5" codeSystem="2.16.840.1.113883.6.1" displayName="HUMAN OTC DRUG LABEL"/>
   <title>KALI PHOS.</title>
   <effectiveTime value="20130604"/>
   <setId root="ac05b704-5a09-4cfb-85ba-27f69b8a19f3"/>
   <versionNumber value="1"/>
   <author>
      <time/>
      <assignedEntity>
         <representedOrganization>
            <id extension="028570695" root="1.3.6.1.4.1.519.1"/>
            <name>Hyland's</name>
            <assignedEntity>
               <assignedOrganization>
                  <assignedEntity>
                     <assignedOrganization>
                        <id extension="008316655" root="1.3.6.1.4.1.519.1"/>
                        <name>Standard Homeopathic Company</name>
                     </assignedOrganization>
                     <performance>
                        <actDefinition>
                           <code code="C43360" codeSystem="2.16.840.1.113883.3.26.1.1" displayName="MANUFACTURE"/>
                           <product>
                              <manufacturedProduct classCode="MANU">
                                 <manufacturedMaterialKind>
                                    <code code="54973-5228" codeSystem="2.16.840.1.113883.6.69"/>
                                 </manufacturedMaterialKind>
                              </manufacturedProduct>
                           </product>
                        </actDefinition>
                     </performance>
                     <performance>
                        <actDefinition>
                           <code code="C84731" codeSystem="2.16.840.1.113883.3.26.1.1" displayName="PACK"/>
                           <product>
                              <manufacturedProduct classCode="MANU">
                                 <manufacturedMaterialKind>
                                    <code code="54973-5228" codeSystem="2.16.840.1.113883.6.69"/>
                                 </manufacturedMaterialKind>
                              </manufacturedProduct>
                           </product>
                        </actDefinition>
                     </performance>
                  </assignedEntity>
               </assignedOrganization>
            </assignedEntity>
         </representedOrganization>
      </assignedEntity>
   </author>
   <component>
      <structuredBody>
         <component>
            <section ID="DLDE">
               <id root="4029a3a8-de82-4fe0-9229-39968782d3b4"/>
               <code code="48780-1" codeSystem="2.16.840.1.113883.6.1" displayName="SPL PRODUCT DATA ELEMENTS SECTION"/>
               <effectiveTime value="20130604"/>
               <subject>
                  <manufacturedProduct>
                     <manufacturedProduct>
                        <code code="54973-5228" codeSystem="2.16.840.1.113883.6.69"/>
                        <name>KALI PHOS</name>
                        <formCode code="C42998" codeSystem="2.16.840.1.113883.3.26.1.1" displayName="TABLET"/>
                        <asEntityWithGeneric>
                           <genericMedicine>
                              <name>POTASSIUM PHOSPHATE, UNSPECIFIED FORM</name>
                           </genericMedicine>
                        </asEntityWithGeneric>
                        <ingredient classCode="ACTIB">
                           <quantity>
                              <numerator value="6" unit="[hp_X]"/>
                              <denominator value="1" unit="1"/>
                           </quantity>
                           <ingredientSubstance>
                              <code code="B7862WZ632" codeSystem="2.16.840.1.113883.4.9"/>
                              <name>POTASSIUM PHOSPHATE, UNSPECIFIED FORM</name>
                              <activeMoiety>
                                 <activeMoiety>
                                    <code code="B7862WZ632" codeSystem="2.16.840.1.113883.4.9"/>
                                    <name>POTASSIUM PHOSPHATE, UNSPECIFIED FORM</name>
                                 </activeMoiety>
                              </activeMoiety>
                           </ingredientSubstance>
                        </ingredient>
                        <ingredient classCode="IACT">
                           <ingredientSubstance>
                              <code code="5C5403N26O" codeSystem="2.16.840.1.113883.4.9"/>
                              <name>ACACIA</name>
                           </ingredientSubstance>
                        </ingredient>
                        <ingredient classCode="IACT">
                           <ingredientSubstance>
                              <code code="J2B2A4N98G" codeSystem="2.16.840.1.113883.4.9"/>
                              <name>LACTOSE</name>
                           </ingredientSubstance>
                        </ingredient>
                        <asContent>
                           <quantity>
                              <numerator value="500" unit="1"/>
                              <denominator value="1"/>
                           </quantity>
                           <containerPackagedProduct>
                              <code code="54973-5228-1" codeSystem="2.16.840.1.113883.6.69"/>
                              <formCode code="C43173" codeSystem="2.16.840.1.113883.3.26.1.1" displayName="BOTTLE, PLASTIC"/>
                           </containerPackagedProduct>
                        </asContent>
                        <asContent>
                           <quantity>
                              <numerator value="1000" unit="1"/>
                              <denominator value="1"/>
                           </quantity>
                           <containerPackagedProduct>
                              <code code="54973-5228-2" codeSystem="2.16.840.1.113883.6.69"/>
                              <formCode code="C43173" codeSystem="2.16.840.1.113883.3.26.1.1" displayName="BOTTLE, PLASTIC"/>
                           </containerPackagedProduct>
                        </asContent>
                     </manufacturedProduct>
                     <subjectOf>
                        <approval>
                           <code code="C73614" codeSystem="2.16.840.1.113883.3.26.1.1" displayName="UNAPPROVED HOMEOPATHIC"/>
                           <author>
                              <territorialAuthority>
                                 <territory>
                                    <code code="USA" codeSystem="2.16.840.1.113883.5.28"/>
                                 </territory>
                              </territorialAuthority>
                           </author>
                        </approval>
                     </subjectOf>
                     <subjectOf>
                        <marketingAct>
                           <code code="C53292" codeSystem="2.16.840.1.113883.3.26.1.1"/>
                           <statusCode code="active"/>
                           <effectiveTime>
                              <low value="19400101"/>
                           </effectiveTime>
                        </marketingAct>
                     </subjectOf>
                     <subjectOf>
                        <characteristic classCode="OBS">
                           <code code="SPLCOLOR" codeSystem="2.16.840.1.113883.1.11.19255"/>
                           <value code="C48325" codeSystem="2.16.840.1.113883.3.26.1.1" displayName="WHITE" xsi:type="CE">
                              <originalText/>
                           </value>
                        </characteristic>
                     </subjectOf>
                     <subjectOf>
                        <characteristic classCode="OBS">
                           <code code="SPLSCORE" codeSystem="2.16.840.1.113883.1.11.19255"/>
                           <value value="1" xsi:type="INT"/>
                        </characteristic>
                     </subjectOf>
                     <subjectOf>
                        <characteristic classCode="OBS">
                           <code code="SPLSHAPE" codeSystem="2.16.840.1.113883.1.11.19255"/>
                           <value code="C48348" codeSystem="2.16.840.1.113883.3.26.1.1" displayName="ROUND" xsi:type="CE">
                              <originalText/>
                           </value>
                        </characteristic>
                     </subjectOf>
                     <subjectOf>
                        <characteristic classCode="OBS">
                           <code code="SPLSIZE" codeSystem="2.16.840.1.113883.1.11.19255"/>
                           <value unit="mm" value="9" xsi:type="PQ"/>
                        </characteristic>
                     </subjectOf>
                     <consumedIn>
                        <substanceAdministration>
                           <routeCode code="C38288" codeSystem="2.16.840.1.113883.3.26.1.1" displayName="ORAL"/>
                        </substanceAdministration>
                     </consumedIn>
                  </manufacturedProduct>
               </subject>
            </section>
         </component>
         <component>
            <section>
               <id root="cbeee488-31f6-438d-92fb-a5f4be65cb29"/>
               <code code="34068-7" codeSystem="2.16.840.1.113883.6.1" displayName="DOSAGE &amp; ADMINISTRATION SECTION"/>
               <title>DIRECTIONS</title>
               <text>
                  <paragraph>
                     <content styleCode="bold">Adults &amp; Children ages 6 - 12: </content>4 tablets. <content styleCode="bold">Children ages 2 - 6: </content>2 tablets. Dissolve under tongue 3 times a day. Use more frequently (every 15 minutes for up to 8 doses) with acute conditions.</paragraph>
               </text>
               <effectiveTime value="20130604"/>
            </section>
         </component>
         <component>
            <section>
               <id root="e09f2f0f-b7ac-49f0-9cdb-0d6c4425dde2"/>
               <code code="34067-9" codeSystem="2.16.840.1.113883.6.1" displayName="INDICATIONS &amp; USAGE SECTION"/>
               <title>INDICATIONS</title>
               <effectiveTime value="20130604"/>
               <component>
                  <section>
                     <id root="c663afc0-8aa6-4cc4-8226-b31520a81863"/>
                     <code code="55105-1" codeSystem="2.16.840.1.113883.6.1" displayName="OTC - PURPOSE SECTION"/>
                     <text>
                        <paragraph>Relief of symptoms of stress and nervous tension, occasional sleeplessness and headaches.</paragraph>
                     </text>
                     <effectiveTime value="20130604"/>
                  </section>
               </component>
            </section>
         </component>
         <component>
            <section>
               <id root="2ddff8e3-e774-4bf9-b05d-14490e1f2eab"/>
               <code code="55106-9" codeSystem="2.16.840.1.113883.6.1" displayName="OTC - ACTIVE INGREDIENT SECTION"/>
               <title>FORMULA</title>
               <effectiveTime value="20130604"/>
               <component>
                  <section>
                     <id root="f5f06ad0-d8bb-4cab-a339-06ec652894df"/>
                     <code code="51727-6" codeSystem="2.16.840.1.113883.6.1" displayName="INACTIVE INGREDIENT SECTION"/>
                     <text>
                        <paragraph>Kali Phosphoricum 6X HPUS in a base of Acacia Gum, Lactose N.F.</paragraph>
                     </text>
                     <effectiveTime value="20130604"/>
                  </section>
               </component>
            </section>
         </component>
         <component>
            <section>
               <id root="613720de-88a3-4cbe-8871-c37871b983f2"/>
               <code code="34071-1" codeSystem="2.16.840.1.113883.6.1" displayName="WARNINGS SECTION"/>
               <title>Warnings</title>
               <effectiveTime value="20130604"/>
               <component>
                  <section>
                     <id root="cf5bdc73-9c81-47cb-8bc5-033cac0aee0a"/>
                     <code code="50570-1" codeSystem="2.16.840.1.113883.6.1" displayName="OTC - DO NOT USE SECTION"/>
                     <text>
                        <paragraph>Do not use if imprinted cap band is broken or missing.</paragraph>
                     </text>
                     <effectiveTime value="20130604"/>
                  </section>
               </component>
               <component>
                  <section>
                     <id root="14bae418-eb33-4d48-b23c-403ca6c76178"/>
                     <code code="50569-3" codeSystem="2.16.840.1.113883.6.1" displayName="OTC - ASK DOCTOR SECTION"/>
                     <text>
                        <paragraph>If symptoms persist for more than 7 days or worsen, contact a licensed health care provider.</paragraph>
                     </text>
                     <effectiveTime value="20130604"/>
                  </section>
               </component>
               <component>
                  <section>
                     <id root="6e1c8893-329c-4a04-aab6-3523aff4ceb2"/>
                     <code code="53414-9" codeSystem="2.16.840.1.113883.6.1" displayName="OTC - PREGNANCY OR BREAST FEEDING SECTION"/>
                     <text>
                        <paragraph>If you are pregnant or nursing, seek the advice of a licensed health care provider before using this product.</paragraph>
                     </text>
                     <effectiveTime value="20130604"/>
                  </section>
               </component>
               <component>
                  <section>
                     <id root="7e602a26-be6e-4cc6-940c-221e56d312ac"/>
                     <code code="50565-1" codeSystem="2.16.840.1.113883.6.1" displayName="OTC - KEEP OUT OF REACH OF CHILDREN SECTION"/>
                     <text>
                        <paragraph>Keep all medications out of the reach of children.</paragraph>
                     </text>
                     <effectiveTime value="20130604"/>
                  </section>
               </component>
            </section>
         </component>
         <component>
            <section>
               <id root="09d7f902-1409-432e-9269-b63dcc3460be"/>
               <code code="53413-1" codeSystem="2.16.840.1.113883.6.1" displayName="OTC - QUESTIONS SECTION"/>
               <title>QUESTIONS?</title>
               <text>
                  <paragraph>
                     <content styleCode="bold">800.624.9659</content>
                  </paragraph>
               </text>
               <effectiveTime value="20130604"/>
            </section>
         </component>
         <component>
            <section>
               <id root="5e716250-0782-4ed5-90d4-06fa93c55cc3"/>
               <code code="51945-4" codeSystem="2.16.840.1.113883.6.1" displayName="PACKAGE LABEL.PRINCIPAL DISPLAY PANEL"/>
               <title>PRINCIPAL DISPLAY PANEL - 500 Tablet Bottle Label</title>
               <text>
                  <paragraph>
                     <content styleCode="bold">HOMEOPATHIC</content>
                  </paragraph>
                  <paragraph>NDC 54973-5228-01</paragraph>
                  <paragraph>
                     <content styleCode="bold italics">Hyland's</content>
                     <sup>®</sup>
                  </paragraph>
                  <paragraph>
                     <content styleCode="bold">
                        <sup>#</sup>6<br/>Kali Phos. 6X</content>
                  </paragraph>
                  <paragraph>
                     <content styleCode="bold">Stress, Simple Nervous<br/>Tension, Headaches</content>
                  </paragraph>
                  <paragraph>
                     <content styleCode="bold">500 TABLETS</content>
                  </paragraph>
                  <renderMultiMedia referencedObject="MM1"/>
               </text>
               <effectiveTime value="20130604"/>
               <component>
                  <observationMedia ID="MM1">
                     <text>PRINCIPAL DISPLAY PANEL - 500 Tablet Bottle Label</text>
                     <value xsi:type="ED" mediaType="image/jpeg">
                        <reference value="kali-phos-01.jpg"/>
                     </value>
                  </observationMedia>
               </component>
            </section>
         </component>
      </structuredBody>
   </component>
</document>