<?xml version="1.0" encoding="UTF-8"?><?xml-stylesheet href="http://www.accessdata.fda.gov/spl/stylesheet/spl.xsl" type="text/xsl"?>
<document xmlns="urn:hl7-org:v3" xmlns:xsi="http://www.w3.org/2001/XMLSchema-instance" xsi:schemaLocation="urn:hl7-org:v3 http://www.accessdata.fda.gov/spl/schema/spl.xsd">
   <id root="d7904841-2352-42f4-8bc1-9426140ff45c"/>
   <code code="34390-5" displayName="HUMAN OTC DRUG LABEL" codeSystem="2.16.840.1.113883.6.1"/>
   <title>Drug Facts</title>
   <effectiveTime value="20130605"/>
   <setId root="229cf301-ca98-4461-a327-a9c50828704b"/>
   <versionNumber value="1"/>
   <author>
      <time/>
      <assignedEntity>
         <representedOrganization>
            <id extension="007914906" root="1.3.6.1.4.1.519.1"/>
            <name>AmerisourceBergen (Good Neighbor Pharmacy) 46122</name>
            <assignedEntity>
               <assignedOrganization>
                  <id extension="800014821" root="1.3.6.1.4.1.519.1"/>
                  <name>P and L Development of New York Corporation</name>
               </assignedOrganization>
            </assignedEntity>
         </representedOrganization>
      </assignedEntity>
   </author>
   <component>
      <structuredBody>
         <component>
            <section>
               <id root="cf7d2aff-16f5-4021-863c-e662da9a07ae"/>
               <code code="48780-1" displayName="SPL LISTING DATA ELEMENTS SECTION" codeSystem="2.16.840.1.113883.6.1"/>
               <effectiveTime value="20130605"/>
               <subject>
                  <manufacturedProduct>
                     <manufacturedProduct>
                        <code code="46122-207" codeSystem="2.16.840.1.113883.6.69"/>
                        <name>Anti-Diarrheal</name>
                        <formCode code="C42954" displayName="CAPSULE, LIQUID FILLED" codeSystem="2.16.840.1.113883.3.26.1.1"/>
                        <asEntityWithGeneric>
                           <genericMedicine>
                              <name>Loperamide HCl</name>
                           </genericMedicine>
                        </asEntityWithGeneric>
                        <ingredient classCode="ACTIB">
                           <quantity>
                              <numerator unit="mg" value="2"/>
                              <denominator unit="1" value="1"/>
                           </quantity>
                           <ingredientSubstance>
                              <code code="77TI35393C" codeSystem="2.16.840.1.113883.4.9"/>
                              <name>LOPERAMIDE HYDROCHLORIDE</name>
                              <activeMoiety>
                                 <activeMoiety>
                                    <code code="6X9OC3H4II" codeSystem="2.16.840.1.113883.4.9"/>
                                    <name>LOPERAMIDE</name>
                                 </activeMoiety>
                              </activeMoiety>
                           </ingredientSubstance>
                        </ingredient>
                        <ingredient classCode="IACT">
                           <ingredientSubstance>
                              <code code="REK4960K2U" codeSystem="2.16.840.1.113883.4.9"/>
                              <name>BUTYLATED HYDROXYANISOLE</name>
                           </ingredientSubstance>
                        </ingredient>
                        <ingredient classCode="IACT">
                           <ingredientSubstance>
                              <code code="H3R47K3TBD" codeSystem="2.16.840.1.113883.4.9"/>
                              <name>FD&amp;C BLUE NO. 1</name>
                           </ingredientSubstance>
                        </ingredient>
                        <ingredient classCode="IACT">
                           <ingredientSubstance>
                              <code code="2G86QN327L" codeSystem="2.16.840.1.113883.4.9"/>
                              <name>GELATIN</name>
                           </ingredientSubstance>
                        </ingredient>
                        <ingredient classCode="IACT">
                           <ingredientSubstance>
                              <code code="PDC6A3C0OX" codeSystem="2.16.840.1.113883.4.9"/>
                              <name>GLYCERIN</name>
                           </ingredientSubstance>
                        </ingredient>
                        <ingredient classCode="IACT">
                           <ingredientSubstance>
                              <code code="TM2TZD4G4A" codeSystem="2.16.840.1.113883.4.9"/>
                              <name>GLYCERYL CAPRYLATE</name>
                           </ingredientSubstance>
                        </ingredient>
                        <ingredient classCode="IACT">
                           <ingredientSubstance>
                              <code code="7YC686GQ8F" codeSystem="2.16.840.1.113883.4.9"/>
                              <name>POLYOXYL 40 HYDROGENATED CASTOR OIL</name>
                           </ingredientSubstance>
                        </ingredient>
                        <ingredient classCode="IACT">
                           <ingredientSubstance>
                              <code code="059QF0KO0R" codeSystem="2.16.840.1.113883.4.9"/>
                              <name>WATER</name>
                           </ingredientSubstance>
                        </ingredient>
                        <asContent>
                           <quantity>
                              <numerator unit="1" value="12">
                                 <translation code="C48480" value="12" displayName="CAPSULE" codeSystem="2.16.840.1.113883.3.26.1.1"/>
                              </numerator>
                              <denominator value="1"/>
                           </quantity>
                           <containerPackagedProduct>
                              <code/>
                              <formCode code="C43168" displayName="BLISTER PACK" codeSystem="2.16.840.1.113883.3.26.1.1"/>
                              <asContent>
                                 <quantity>
                                    <numerator unit="1" value="2">
                                       <translation code="C61569" value="2" displayName="BLISTER PACK" codeSystem="2.16.840.1.113883.3.26.1.1"/>
                                    </numerator>
                                    <denominator value="1"/>
                                 </quantity>
                                 <containerPackagedProduct>
                                    <code code="46122-207-62" codeSystem="2.16.840.1.113883.6.69"/>
                                    <formCode code="C43182" displayName="CARTON" codeSystem="2.16.840.1.113883.3.26.1.1"/>
                                 </containerPackagedProduct>
                              </asContent>
                           </containerPackagedProduct>
                        </asContent>
                     </manufacturedProduct>
                     <subjectOf>
                        <approval>
                           <id extension="NDA021855" root="2.16.840.1.113883.3.150"/>
                           <code code="C73594" displayName="NDA" codeSystem="2.16.840.1.113883.3.26.1.1"/>
                           <author>
                              <territorialAuthority>
                                 <territory>
                                    <code code="USA" codeSystem="2.16.840.1.113883.5.28"/>
                                 </territory>
                              </territorialAuthority>
                           </author>
                        </approval>
                     </subjectOf>
                     <subjectOf>
                        <marketingAct>
                           <code code="C53292" codeSystem="2.16.840.1.113883.3.26.1.1"/>
                           <statusCode code="active"/>
                           <effectiveTime>
                              <low value="20130607"/>
                           </effectiveTime>
                        </marketingAct>
                     </subjectOf>
                     <subjectOf>
                        <characteristic classCode="OBS">
                           <code code="SPLCOLOR" codeSystem="2.16.840.1.113883.1.11.19255"/>
                           <value code="C48333" displayName="BLUE" codeSystem="2.16.840.1.113883.3.26.1.1" xsi:type="CE"/>
                        </characteristic>
                     </subjectOf>
                     <subjectOf>
                        <characteristic classCode="OBS">
                           <code code="SPLIMPRINT" codeSystem="2.16.840.1.113883.1.11.19255"/>
                           <value xsi:type="ST">P13</value>
                        </characteristic>
                     </subjectOf>
                     <subjectOf>
                        <characteristic classCode="OBS">
                           <code code="SPLSCORE" codeSystem="2.16.840.1.113883.1.11.19255"/>
                           <value value="1" xsi:type="INT"/>
                        </characteristic>
                     </subjectOf>
                     <subjectOf>
                        <characteristic classCode="OBS">
                           <code code="SPLSHAPE" codeSystem="2.16.840.1.113883.1.11.19255"/>
                           <value code="C48336" displayName="CAPSULE" codeSystem="2.16.840.1.113883.3.26.1.1" xsi:type="CE"/>
                        </characteristic>
                     </subjectOf>
                     <subjectOf>
                        <characteristic classCode="OBS">
                           <code code="SPLSIZE" codeSystem="2.16.840.1.113883.1.11.19255"/>
                           <value unit="mm" value="10" xsi:type="PQ"/>
                        </characteristic>
                     </subjectOf>
                     <consumedIn>
                        <substanceAdministration>
                           <routeCode code="C38288" displayName="ORAL" codeSystem="2.16.840.1.113883.3.26.1.1"/>
                        </substanceAdministration>
                     </consumedIn>
                  </manufacturedProduct>
               </subject>
            </section>
         </component>
         <component>
            <section ID="LINK_b7b1786f-7dd7-4834-98cc-e8084daf14fc">
               <id root="1d5fda53-6e1a-484f-b8f0-0c7d02bef3f8"/>
               <code code="55106-9" codeSystem="2.16.840.1.113883.6.1" displayName="OTC - ACTIVE INGREDIENT SECTION"/>
               <title>Active ingredient (in each capsule)</title>
               <text>
                  <paragraph>Loperamide HCI 2 mg</paragraph>
               </text>
               <effectiveTime value="20130605"/>
            </section>
         </component>
         <component>
            <section ID="LINK_9b7fa5d1-bedd-4ab7-b4cb-065d8f884a65">
               <id root="57346d71-ffad-463e-9b2b-76d7f3856708"/>
               <code code="55105-1" codeSystem="2.16.840.1.113883.6.1" displayName="OTC - PURPOSE SECTION"/>
               <title>Purpose</title>
               <text>
                  <paragraph>Anti-diarrheal</paragraph>
               </text>
               <effectiveTime value="20130605"/>
            </section>
         </component>
         <component>
            <section ID="LINK_8798ee17-f232-437b-93f2-8beb7ec7487e">
               <id root="1faaf7d0-5810-460b-bda5-9449e5ef08d2"/>
               <code code="34067-9" codeSystem="2.16.840.1.113883.6.1" displayName="INDICATIONS &amp; USAGE SECTION"/>
               <title>Use</title>
               <text>
                  <paragraph>controls symptoms of diarrhea, including Travelers' Diarrhea</paragraph>
               </text>
               <effectiveTime value="20130605"/>
            </section>
         </component>
         <component>
            <section ID="LINK_032a3f10-4231-4499-aa14-a5c28cd5bf02">
               <id root="3e5be97e-84a2-4133-9d39-8c21852280cf"/>
               <code code="34071-1" codeSystem="2.16.840.1.113883.6.1" displayName="WARNINGS SECTION"/>
               <title>Warnings</title>
               <text>
                  <paragraph>
                     <content styleCode="bold">Allergy alert: </content>Do not use if you have ever had a rash or other allergic reaction to loperamide HCl </paragraph>
               </text>
               <effectiveTime value="20130605"/>
               <component>
                  <section ID="LINK_47b687a5-66cd-43d3-a9f4-580b16e43ed9">
                     <id root="f1b78fd2-28fd-4f53-9031-b2690cd7219c"/>
                     <code code="50570-1" codeSystem="2.16.840.1.113883.6.1" displayName="OTC - DO NOT USE SECTION"/>
                     <title>Do not use</title>
                     <text>
                        <list listType="unordered" styleCode="Disk">
                           <item>if you have bloody or black stool 
</item>
                           <item>in children under 12 years of age (see <content styleCode="bold">
                                 <content styleCode="italics">Other information</content>
                              </content>)</item>
                        </list>
                     </text>
                     <effectiveTime value="20130605"/>
                  </section>
               </component>
               <component>
                  <section ID="LINK_f2fceb23-01ef-43a1-8d8c-de75bac9d30e">
                     <id root="d07b96cd-4e51-40ac-b42f-765423029eb2"/>
                     <code code="50569-3" codeSystem="2.16.840.1.113883.6.1" displayName="OTC - ASK DOCTOR SECTION"/>
                     <title>Ask a doctor before use if you have</title>
                     <text>
                        <list listType="unordered" styleCode="Disk">
                           <item>fever 
</item>
                           <item>mucus in the stool 
</item>
                           <item>a history of liver disease</item>
                        </list>
                     </text>
                     <effectiveTime value="20130605"/>
                  </section>
               </component>
               <component>
                  <section ID="LINK_6e78f083-435d-4616-80e7-3f92b25be2a3">
                     <id root="c3f5670e-66b3-4e39-89ed-d899175e52cc"/>
                     <code code="50568-5" codeSystem="2.16.840.1.113883.6.1" displayName="OTC - ASK DOCTOR/PHARMACIST SECTION"/>
                     <title>Ask a doctor or pharmacist before use if you are</title>
                     <text>
                        <paragraph>taking antibiotics.</paragraph>
                     </text>
                     <effectiveTime value="20130605"/>
                  </section>
               </component>
               <component>
                  <section ID="LINK_fa23223c-e392-4e98-bf66-bbd4cf011530">
                     <id root="c7dbc071-e3b2-4ff3-903e-c7e7745cfaa6"/>
                     <code code="50567-7" codeSystem="2.16.840.1.113883.6.1" displayName="OTC - WHEN USING SECTION"/>
                     <title>When using this product</title>
                     <text>
                        <paragraph>tiredness, drowsiness, or dizziness may occur. Be careful when driving or operating machinery. </paragraph>
                     </text>
                     <effectiveTime value="20130605"/>
                  </section>
               </component>
               <component>
                  <section ID="LINK_da02a4b0-b66f-4035-8956-b64e6f78f268">
                     <id root="ae3f581e-426c-4059-8fb2-00cf1ce8f05e"/>
                     <code code="50566-9" codeSystem="2.16.840.1.113883.6.1" displayName="OTC - STOP USE SECTION"/>
                     <title>Stop use and ask a doctor if</title>
                     <text>
                        <list listType="unordered" styleCode="Disk">
                           <item>symptoms get worse 
</item>
                           <item>diarrhea lasts for more than 2 days 
</item>
                           <item>you get abdominal swelling or bulging. These may be signs of a serious condition.</item>
                        </list>
                     </text>
                     <effectiveTime value="20130605"/>
                  </section>
               </component>
               <component>
                  <section ID="LINK_97d593df-e8c2-4413-9e55-42a5bda57c46">
                     <id root="c4f65efa-e9e7-4bcb-a47c-faae8f52ea0f"/>
                     <code code="53414-9" codeSystem="2.16.840.1.113883.6.1" displayName="OTC - PREGNANCY OR BREAST FEEDING SECTION"/>
                     <title>If pregnant or breast-feeding,</title>
                     <text>
                        <paragraph>ask a health professional before use.</paragraph>
                     </text>
                     <effectiveTime value="20130605"/>
                  </section>
               </component>
               <component>
                  <section ID="LINK_9c4f7ea3-00c2-4f7f-a04d-ef384b7fbcbe">
                     <id root="318ac51f-31c0-41c6-9656-d4420bed3a99"/>
                     <code code="50565-1" codeSystem="2.16.840.1.113883.6.1" displayName="OTC - KEEP OUT OF REACH OF CHILDREN SECTION"/>
                     <title>Keep out of reach of children.</title>
                     <text>
                        <paragraph>In case of overdose, get medical help or contact a Poison Control Center right away. </paragraph>
                     </text>
                     <effectiveTime value="20130605"/>
                  </section>
               </component>
            </section>
         </component>
         <component>
            <section ID="LINK_b730b30c-d5b5-4807-afbd-3303ca78306b">
               <id root="a7f38ddc-0563-4fb9-8b8d-84166551577f"/>
               <code code="34068-7" codeSystem="2.16.840.1.113883.6.1" displayName="DOSAGE &amp; ADMINISTRATION SECTION"/>
               <title>Directions</title>
               <text>
                  <list listType="unordered" styleCode="Disk">
                     <item>
                        <content styleCode="bold">drink plenty of clear fluids to help prevent dehydration caused by diarrhea</content>
                     </item>
                     <item>
                        <content styleCode="bold">not for use in children under 12 years of age</content>
                     </item>
                     <item>adults and children 12 years of age and over: 2 softgels after the first loose stool; 1 softgel after each subsequent loose stool; but no more than 4 softgels in 24 hours</item>
                  </list>
               </text>
               <effectiveTime value="20130605"/>
            </section>
         </component>
         <component>
            <section ID="LINK_afd7277d-2e89-419a-86e4-ee3f422288f0">
               <id root="9497a175-2323-4643-b750-fb8cf1d07381"/>
               <code code="60561-8" codeSystem="2.16.840.1.113883.6.1" displayName="OTHER SAFETY INFORMATION"/>
               <title>Other information</title>
               <text>
                  <list listType="unordered" styleCode="Disk">
                     <item>do not use if carton or blister unit is open or torn 
</item>
                     <item>store at 20º-25ºC (68º-77ºF) 
</item>
                     <item>avoid excessive heat above 40°C (104°F) 
</item>
                     <item>see side panel for lot number and expiration date 
</item>
                     <item>use the 1 mg soft gelatin capsule product for children 6 to under 12 years of age</item>
                  </list>
               </text>
               <effectiveTime value="20130605"/>
            </section>
         </component>
         <component>
            <section ID="LINK_435f8d3f-ccfc-4cc4-9169-71d93a32eb52">
               <id root="bed93498-2308-4560-af66-aeb9605392b1"/>
               <code code="51727-6" codeSystem="2.16.840.1.113883.6.1" displayName="INACTIVE INGREDIENT SECTION"/>
               <title>Inactive ingredients</title>
               <text>
                  <paragraph>butylated hydroxyanisole, edible ink, FD&amp;C Blue #1, gelatin, glycerin, glyceryl caprylate, polyoxyl 40 hydrogenated castor oil and purified water</paragraph>
               </text>
               <effectiveTime value="20130605"/>
            </section>
         </component>
         <component>
            <section ID="LINK_a3b1f4a0-c8a9-467c-85c5-50f5646f4adb">
               <id root="25c9043e-9856-4eea-9f2c-25776baa450f"/>
               <code code="53413-1" codeSystem="2.16.840.1.113883.6.1" displayName="OTC - QUESTIONS SECTION"/>
               <title>Questions or comments?</title>
               <text>
                  <paragraph>Call toll free <content styleCode="bold">1-800-447-1140</content>
                  </paragraph>
               </text>
               <effectiveTime value="20130605"/>
            </section>
         </component>
         <component>
            <section ID="LINK_7ea0121f-15cf-4646-b133-c21f53b04073">
               <id root="bfa28097-4b62-468f-aa06-fcdeb16e94ef"/>
               <code code="51945-4" codeSystem="2.16.840.1.113883.6.1" displayName="PACKAGE LABEL.PRINCIPAL DISPLAY PANEL"/>
               <title>Principal Display Panel</title>
               <text>
                  <paragraph>**Compare to Imodium® A-D active ingredient</paragraph>
                  <paragraph>Anti-Diarrheal</paragraph>
                  <paragraph>Loperamide HCl</paragraph>
                  <paragraph>Soft Gelatin Capsules, 2 mg</paragraph>
                  <paragraph>
                     <content styleCode="bold">Controls The Symptoms Of Diarrhea</content>
                  </paragraph>
                  <paragraph>Suitable for adults and children 12 years and over</paragraph>
                  <paragraph>Softgels*</paragraph>
                  <paragraph>*Each Liquid-filled Capsule Contains 2 mg Loperamide HCl</paragraph>
                  <paragraph>
                     <content styleCode="bold">THIS PRODUCT IS PACKAGED IN A CHILD RESISTANT AND TAMPER EVIDENT PACKAGE. USE ONLY IF BLISTERS ARE INTACT.</content>
                  </paragraph>
                  <paragraph>
                     <content styleCode="bold">KEEP OUTER CARTON FOR COMPLETE WARNINGS AND PRODUCT INFORMATION.</content>
                  </paragraph>
                  <paragraph>**This product is not manufactured or distributed by McNeil Consumer &amp; Specialty Pharmaceuticals, owner of the registered trademark of Imodium® A-D.</paragraph>
                  <paragraph>Manufactured by: Banner Pharmacaps Inc.</paragraph>
                  <paragraph>4125 premier drive</paragraph>
                  <paragraph>High Point NC 27265</paragraph>
                  <paragraph>Distributed by AmerisourceBergen</paragraph>
                  <paragraph>1300 Morris Drive, Chestbrook, PA 19087</paragraph>
                  <paragraph>Visit us at <linkHtml href="#www.goodneighborpharmacy.com">www.goodneighborpharmacy.com</linkHtml>
                  </paragraph>
               </text>
               <effectiveTime value="20130605"/>
            </section>
         </component>
         <component>
            <section ID="LINK_275cb5af-47b0-4e7e-9ff3-baa359d7abfc">
               <id root="16317fc1-04e2-4f77-a795-9011b847a38f"/>
               <code code="51945-4" codeSystem="2.16.840.1.113883.6.1" displayName="PACKAGE LABEL.PRINCIPAL DISPLAY PANEL"/>
               <title>Product Label</title>
               <text>
                  <renderMultiMedia referencedObject="MM1">
                     <caption>Loperamide HCl 2 mg softgels</caption>
                  </renderMultiMedia>
               </text>
               <effectiveTime value="20130605"/>
               <component>
                  <observationMedia ID="MM1">
                     <text>Good Neighbor Pharmacy</text>
                     <value xsi:type="ED" mediaType="image/jpeg">
                        <reference value="loperamide-hcl-2-mg-softgels-1.jpg"/>
                     </value>
                  </observationMedia>
               </component>
            </section>
         </component>
      </structuredBody>
   </component>
</document>