<?xml version="1.0" encoding="UTF-8"?><?xml-stylesheet href="http://www.accessdata.fda.gov/spl/stylesheet/spl.xsl" type="text/xsl"?>
<document xmlns="urn:hl7-org:v3" xmlns:xsi="http://www.w3.org/2001/XMLSchema-instance" xmlns:v="http://validator.pragmaticdata.com/result" xsi:schemaLocation="urn:hl7-org:v3 http://www.accessdata.fda.gov/spl/schema/spl.xsd">
   <id root="71ba0dce-9ad2-4db0-930d-222b0ccdea5b"/>
   <code code="34391-3" codeSystem="2.16.840.1.113883.6.1" displayName="HUMAN PRESCRIPTION DRUG LABEL"/>
   <title>Hydrochlorothiazide Capsules 12.5 mg</title>
   <effectiveTime value="20130606"/>
   <setId root="a2de8e26-ef5a-41c7-888b-990629b11145"/>
   <versionNumber value="2"/>
   <author>
      <time/>
      <assignedEntity>
         <representedOrganization>
            <id extension="831276758" root="1.3.6.1.4.1.519.1"/>
            <name>Lake Erie Medical DBA Quality Care Products LLC</name>
            <assignedEntity>
               <assignedOrganization>
                  <assignedEntity>
                     <assignedOrganization>
                        <id root="1.3.6.1.4.1.519.1" extension="831276758"/>
                        <name>Lake Erie Medical DBA Quality Care Products LLC</name>
                     </assignedOrganization>
                     <performance>
                        <actDefinition>
                           <code code="C73606" displayName="repack" codeSystem="2.16.840.1.113883.3.26.1.1"/>
                           <product>
                              <manufacturedProduct classCode="MANU">
                                 <manufacturedMaterialKind>
                                    <code code="35356-807" codeSystem="2.16.840.1.113883.6.69"/>
                                 </manufacturedMaterialKind>
                              </manufacturedProduct>
                           </product>
                        </actDefinition>
                     </performance>
                  </assignedEntity>
               </assignedOrganization>
            </assignedEntity>
         </representedOrganization>
      </assignedEntity>
   </author>
   <component>
      <structuredBody>
         <component>
            <section>
               <id root="311e7b4b-6d37-476a-89d7-53966c5b870b"/>
               <code code="48780-1" codeSystem="2.16.840.1.113883.6.1" displayName="SPL Product Data Elements Section"/>
               <effectiveTime value="20130606"/>
               <subject>
                  <manufacturedProduct>
                     <manufacturedProduct>
                        <code code="35356-807" codeSystem="2.16.840.1.113883.6.69"/>
                        <name>hydrochlorothiazide</name>
                        <formCode code="C25158" codeSystem="2.16.840.1.113883.3.26.1.1" displayName="CAPSULE"/>
                        <asEntityWithGeneric>
                           <genericMedicine>
                              <name>hydrochlorothiazide</name>
                           </genericMedicine>
                        </asEntityWithGeneric>
                        <asEquivalentEntity classCode="EQUIV">
                           <code code="C64637" codeSystem="2.16.840.1.113883.3.26.1.1"/>
                           <definingMaterialKind>
                              <code code="29300-130" codeSystem="2.16.840.1.113883.6.69"/>
                           </definingMaterialKind>
                        </asEquivalentEntity>
                        <ingredient classCode="ACTIB">
                           <quantity>
                              <numerator value="12.5" unit="mg"/>
                              <denominator value="1" unit="1"/>
                           </quantity>
                           <ingredientSubstance>
                              <code code="0J48LPH2TH" codeSystem="2.16.840.1.113883.4.9"/>
                              <name>HYDROCHLOROTHIAZIDE</name>
                              <activeMoiety>
                                 <activeMoiety>
                                    <code code="0J48LPH2TH" codeSystem="2.16.840.1.113883.4.9"/>
                                    <name>HYDROCHLOROTHIAZIDE</name>
                                 </activeMoiety>
                              </activeMoiety>
                           </ingredientSubstance>
                        </ingredient>
                        <ingredient classCode="IACT">
                           <ingredientSubstance>
                              <code code="OP1R32D61U" codeSystem="2.16.840.1.113883.4.9"/>
                              <name>CELLULOSE, MICROCRYSTALLINE</name>
                           </ingredientSubstance>
                        </ingredient>
                        <ingredient classCode="IACT">
                           <ingredientSubstance>
                              <code code="XM0M87F357" codeSystem="2.16.840.1.113883.4.9"/>
                              <name>FERROSOFERRIC OXIDE</name>
                           </ingredientSubstance>
                        </ingredient>
                        <ingredient classCode="IACT">
                           <ingredientSubstance>
                              <code code="2G86QN327L" codeSystem="2.16.840.1.113883.4.9"/>
                              <name>GELATIN</name>
                           </ingredientSubstance>
                        </ingredient>
                        <ingredient classCode="IACT">
                           <ingredientSubstance>
                              <code code="70097M6I30" codeSystem="2.16.840.1.113883.4.9"/>
                              <name>MAGNESIUM STEARATE</name>
                           </ingredientSubstance>
                        </ingredient>
                        <ingredient classCode="IACT">
                           <ingredientSubstance>
                              <code code="ETJ7Z6XBU4" codeSystem="2.16.840.1.113883.4.9"/>
                              <name>SILICON DIOXIDE</name>
                           </ingredientSubstance>
                        </ingredient>
                        <ingredient classCode="IACT">
                           <ingredientSubstance>
                              <code code="368GB5141J" codeSystem="2.16.840.1.113883.4.9"/>
                              <name>SODIUM LAURYL SULFATE</name>
                           </ingredientSubstance>
                        </ingredient>
                        <ingredient classCode="IACT">
                           <ingredientSubstance>
                              <code code="O8232NY3SJ" codeSystem="2.16.840.1.113883.4.9"/>
                              <name>STARCH, CORN</name>
                           </ingredientSubstance>
                        </ingredient>
                        <ingredient classCode="IACT">
                           <ingredientSubstance>
                              <code code="15FIX9V2JP" codeSystem="2.16.840.1.113883.4.9"/>
                              <name>TITANIUM DIOXIDE</name>
                           </ingredientSubstance>
                        </ingredient>
                        <asContent>
                           <quantity>
                              <numerator value="30" unit="1"/>
                              <denominator value="1"/>
                           </quantity>
                           <containerPackagedProduct>
                              <code code="35356-807-30" codeSystem="2.16.840.1.113883.6.69"/>
                              <formCode code="C43173" codeSystem="2.16.840.1.113883.3.26.1.1" displayName="BOTTLE, PLASTIC"/>
                           </containerPackagedProduct>
                        </asContent>
                        <asContent>
                           <quantity>
                              <numerator value="60" unit="1"/>
                              <denominator value="1"/>
                           </quantity>
                           <containerPackagedProduct>
                              <code code="35356-807-60" codeSystem="2.16.840.1.113883.6.69"/>
                              <formCode code="C43173" codeSystem="2.16.840.1.113883.3.26.1.1" displayName="BOTTLE, PLASTIC"/>
                           </containerPackagedProduct>
                        </asContent>
                        <asContent>
                           <quantity>
                              <numerator value="90" unit="1"/>
                              <denominator value="1"/>
                           </quantity>
                           <containerPackagedProduct>
                              <code code="35356-807-90" codeSystem="2.16.840.1.113883.6.69"/>
                              <formCode code="C43173" codeSystem="2.16.840.1.113883.3.26.1.1" displayName="BOTTLE, PLASTIC"/>
                           </containerPackagedProduct>
                        </asContent>
                     </manufacturedProduct>
                     <subjectOf>
                        <approval>
                           <id extension="ANDA090510" root="2.16.840.1.113883.3.150"/>
                           <code code="C73584" codeSystem="2.16.840.1.113883.3.26.1.1" displayName="ANDA"/>
                           <author>
                              <territorialAuthority>
                                 <territory>
                                    <code code="USA" codeSystem="2.16.840.1.113883.5.28"/>
                                 </territory>
                              </territorialAuthority>
                           </author>
                        </approval>
                     </subjectOf>
                     <subjectOf>
                        <marketingAct>
                           <code code="C53292" codeSystem="2.16.840.1.113883.3.26.1.1"/>
                           <statusCode code="active"/>
                           <effectiveTime>
                              <low value="20100315"/>
                           </effectiveTime>
                        </marketingAct>
                     </subjectOf>
                     <subjectOf>
                        <characteristic classCode="OBS">
                           <code code="SPLCOLOR" codeSystem="2.16.840.1.113883.1.11.19255"/>
                           <value xsi:type="CE" code="C48325" codeSystem="2.16.840.1.113883.3.26.1.1" displayName="WHITE"/>
                        </characteristic>
                     </subjectOf>
                     <subjectOf>
                        <characteristic classCode="OBS">
                           <code code="SPLSHAPE" codeSystem="2.16.840.1.113883.1.11.19255"/>
                           <value xsi:type="CE" code="C48336" codeSystem="2.16.840.1.113883.3.26.1.1" displayName="CAPSULE"/>
                        </characteristic>
                     </subjectOf>
                     <subjectOf>
                        <characteristic classCode="OBS">
                           <code code="SPLSIZE" codeSystem="2.16.840.1.113883.1.11.19255"/>
                           <value xsi:type="PQ" value="16" unit="mm"/>
                        </characteristic>
                     </subjectOf>
                     <subjectOf>
                        <characteristic classCode="OBS">
                           <code code="SPLSCORE" codeSystem="2.16.840.1.113883.1.11.19255"/>
                           <value xsi:type="INT" value="1"/>
                        </characteristic>
                     </subjectOf>
                     <subjectOf>
                        <characteristic classCode="OBS">
                           <code code="SPLIMPRINT" codeSystem="2.16.840.1.113883.1.11.19255"/>
                           <value xsi:type="ST">U;130</value>
                        </characteristic>
                     </subjectOf>
                     <consumedIn>
                        <substanceAdministration>
                           <routeCode code="C38288" codeSystem="2.16.840.1.113883.3.26.1.1" displayName="ORAL"/>
                        </substanceAdministration>
                     </consumedIn>
                  </manufacturedProduct>
               </subject>
            </section>
         </component>
         <component>
            <section ID="ID1">
               <id root="46e7fbad-2f63-4b91-b5a8-c43d9d8d49c4"/>
               <code code="34089-3" codeSystem="2.16.840.1.113883.6.1" displayName="DESCRIPTION SECTION"/>
               <title>DESCRIPTION</title>
               <text>
                  <paragraph ID="ID2">Hydrochlorothiazide is the 3,4-dihydro derivative of chlorothiazide. Its chemical name is 6-Chloro-3,4-dihydro-<content styleCode="italics">2H</content>-1,2,4-benzothiadiazine-7-sulfonamide 1,1-dioxide. Its empirical formula is C<sub>7</sub>H<sub>8</sub>ClN<sub>3</sub>O<sub>4</sub>S<sub>2</sub>; its molecular weight is 297.74; and its structural formula is:</paragraph>
                  <renderMultiMedia referencedObject="MM1"/>
                  <paragraph ID="ID4">It is a white, or practically white, crystalline powder which is slightly soluble in water, but freely soluble in sodium hydroxide solution.</paragraph>
                  <paragraph>Hydrochlorothiazide is supplied as 12.5 mg capsules for oral use.</paragraph>
                  <paragraph>
                     <content styleCode="italics">Inactive ingredients: </content>microcrystalline cellulose, pregelatinized starch, colloidal silicon dioxide, magnesium stearate, gelatin, titanium dioxide, sodium lauryl sulfate and black iron oxide.</paragraph>
               </text>
               <effectiveTime value="20130208"/>
               <component>
                  <observationMedia ID="MM1">
                     <text>Structure of Hydrochlorothiazide</text>
                     <value xsi:type="ED" mediaType="image/jpeg">
                        <reference value="hctz capsules-figure-01.jpg"/>
                     </value>
                  </observationMedia>
               </component>
            </section>
         </component>
         <component>
            <section ID="ID5">
               <id root="d614df81-072d-438a-94b4-ad69f768199c"/>
               <code code="34090-1" codeSystem="2.16.840.1.113883.6.1" displayName="CLINICAL PHARMACOLOGY SECTION"/>
               <title>CLINICAL PHARMACOLOGY</title>
               <text>
                  <paragraph ID="ID6">Hydrochlorothiazide blocks the reabsorption of sodium and chloride ions, and it thereby increases the quantity of sodium traversing the distal tubule and the volume of water excreted. A portion of the additional sodium presented to the distal tubule is exchanged there for potassium and hydrogen ions. With continued use of hydrochlorothiazide and depletion of sodium, compensatory mechanisms tend to increase this exchange and may produce excessive loss of potassium, hydrogen and chloride ions. Hydrochlorothiazide also decreases the excretion of calcium and uric acid, may increase the excretion of iodide and may reduce glomerular filtration rate. Metabolic toxicities associated with excessive electrolyte changes caused by hydrochlorothiazide have been shown to be dose-related.</paragraph>
               </text>
               <effectiveTime value="20110816"/>
               <component>
                  <section ID="ID7">
                     <id root="65066def-b3ff-4ec1-ad8c-6868f5bc2028"/>
                     <title>Pharmacokinetics and Metabolism</title>
                     <text>
                        <paragraph ID="ID8">Hydrochlorothiazide is well absorbed (65% to 75%) following oral administration. Absorption of hydrochlorothiazide is reduced in patients with congestive heart failure.</paragraph>
                        <paragraph>Peak plasma concentrations are observed within 1 to 5 hours of dosing, and range from 70 to 490 ng/mL following oral doses of 12.5 to 100 mg. Plasma concentrations are linearly related to the administered dose. Concentrations of hydrochlorothiazide are 1.6 to 1.8 times higher in whole blood than in plasma. Binding to serum proteins has been reported to be approximately 40% to 68%. The plasma elimination half-life has been reported to be 6 to 15 hours. Hydrochlorothiazide is eliminated primarily by renal pathways. Following oral doses of 12.5 to 100 mg, 55% to 77% of the administered dose appears in urine and greater than 95% of the absorbed dose is excreted in urine as unchanged drug. In patients with renal disease, plasma concentrations of hydrochlorothiazide are increased and the elimination half-life is prolonged.</paragraph>
                        <paragraph>When hydrochlorothiazide is administered with food, its bioavailability is reduced by 10%, the maximum plasma concentration is reduced by 20%, and the time to maximum concentration increases from 1.6 to 2.9 hours.</paragraph>
                     </text>
                     <effectiveTime value="20100129"/>
                  </section>
               </component>
               <component>
                  <section ID="ID9">
                     <id root="6433eb07-1c73-4f55-83e0-c618aecda222"/>
                     <code code="43681-6" codeSystem="2.16.840.1.113883.6.1" displayName="PHARMACODYNAMICS SECTION"/>
                     <title>Pharmacodynamics</title>
                     <text>
                        <paragraph ID="ID10">Acute antihypertensive effects of thiazides are thought to result from a reduction in blood volume and cardiac output, secondary to a natriuretic effect, although a direct vasodilatory mechanism has also been proposed. With chronic administration, plasma volume returns toward normal, but peripheral vascular resistance is decreased. The exact mechanism of the antihypertensive effect of hydrochlorothiazide is not known.</paragraph>
                        <paragraph>Thiazides do not affect normal blood pressure. Onset of action occurs within 2 hours of dosing, peak effect is observed at about 4 hours, and activity persists for up to 24 hours.</paragraph>
                     </text>
                     <effectiveTime value="20110816"/>
                  </section>
               </component>
               <component>
                  <section ID="ID11">
                     <id root="c5f156e0-4d30-4f18-b4a0-c7cf554c0fa3"/>
                     <code code="34092-7" codeSystem="2.16.840.1.113883.6.1" displayName="CLINICAL STUDIES SECTION"/>
                     <title>Clinical Studies</title>
                     <text>
                        <paragraph ID="ID12">In an 87 patient 4-week double-blind, placebo controlled, parallel group trial, patients who received hydrochlorothiazide had reductions in seated systolic and diastolic blood pressure that were significantly greater than those seen in patients who received placebo. In published placebo-controlled trials comparing 12.5 mg of hydrochlorothiazide to 25 mg, the 12.5 mg dose preserved most of the placebo-corrected blood pressure reduction seen with 25 mg.</paragraph>
                     </text>
                     <effectiveTime value="20100129"/>
                  </section>
               </component>
            </section>
         </component>
         <component>
            <section ID="ID13">
               <id root="b6571950-03bb-44f1-9279-936fc92ed14a"/>
               <code code="34067-9" codeSystem="2.16.840.1.113883.6.1" displayName="INDICATIONS &amp; USAGE SECTION"/>
               <title>INDICATIONS AND USAGE</title>
               <text>
                  <paragraph ID="ID14">Hydrochlorothiazide capsules are indicated in the management of hypertension either as the sole therapeutic agent, or in combination with other antihypertensives. Unlike potassium sparing combination diuretic products, hydrochlorothiazide capsules may be used in those patients in whom the development of hyperkalemia cannot be risked, including patients taking ACE inhibitors.</paragraph>
                  <paragraph>
                     <content styleCode="bold">Usage in Pregnancy</content>: The routine use of diuretics in an otherwise healthy woman is inappropriate and exposes mother and fetus to unnecessary hazard. Diuretics do not prevent development of toxemia of pregnancy, and there is no satisfactory evidence that they are useful in the treatment of developed toxemia.</paragraph>
                  <paragraph>Edema during pregnancy may arise from pathological causes or from the physiologic and mechanical consequences of pregnancy. Diuretics are indicated in pregnancy when edema is due to pathologic causes, just as they are in the absence of pregnancy. Dependent edema in pregnancy resulting from restriction of venous return by the expanded uterus is properly treated through elevation of the lower extremities and use of support hose; use of diuretics to lower intravascular volume in this case is illogical and unnecessary. There is hypervolemia during normal pregnancy which is harmful to neither the fetus nor the mother (in the absence of cardiovascular disease), but which is associated with edema, including generalized edema in the majority of pregnant women. If this edema produces discomfort, increased recumbency will often provide relief. In rare instances this edema may cause extreme discomfort which is not relieved by rest. In these cases a short course of diuretics may provide relief and may be appropriate.</paragraph>
               </text>
               <effectiveTime value="20100210"/>
            </section>
         </component>
         <component>
            <section ID="ID15">
               <id root="d5635a69-bbbf-4fae-bf90-61f9a80344ef"/>
               <code code="34070-3" codeSystem="2.16.840.1.113883.6.1" displayName="CONTRAINDICATIONS SECTION"/>
               <title>CONTRAINDICATIONS</title>
               <text>
                  <paragraph ID="ID16">Hydrochlorothiazide capsules are contraindicated in patients with anuria. Hypersensitivity to this product or other sulfonamide derived drugs is also contraindicated.</paragraph>
               </text>
               <effectiveTime value="20100210"/>
            </section>
         </component>
         <component>
            <section ID="ID17">
               <id root="b1c6f807-5024-4793-8bac-ea38afbcd27a"/>
               <code code="34071-1" codeSystem="2.16.840.1.113883.6.1" displayName="WARNINGS SECTION"/>
               <title>WARNINGS</title>
               <text>
                  <paragraph ID="ID18">
                     <content styleCode="bold">Acute Myopia and Secondary Angle-Closure Glaucoma: </content>Hydrochlorothiazide, a sulfonamide, can cause an idiosyncratic reaction, resulting in acute transient myopia and acute angle-closure glaucoma. Symptoms include acute onset of decreased visual acuity or ocular pain and typically occur within hours to weeks of drug initiation.  Untreated acute angle-closure glaucoma can lead to permanent vision loss.  The primary treatment is to discontinue hydrochlorothiazide as rapidly as possible.  Prompt medical or surgical treatments may need to be considered if the intraocular pressure remains uncontrolled.  Risk factors for developing acute angle-closure glaucoma may include a history of sulfonamide or penicillin allergy.</paragraph>
                  <paragraph>
                     <content styleCode="bold">Diabetes and Hypoglycemia</content>: Latent diabetes mellitus may become manifest and diabetic patients given thiazides may require adjustment of their insulin dose.</paragraph>
                  <paragraph>
                     <content styleCode="bold">Renal Disease</content>: Cumulative effects of the thiazides may develop in patients with impaired renal function. In such patients, thiazides may precipitate azotemia.</paragraph>
               </text>
               <effectiveTime value="20110816"/>
            </section>
         </component>
         <component>
            <section ID="ID19">
               <id root="05706f07-2c0e-4794-aa63-fd6d0b7c759f"/>
               <code code="42232-9" codeSystem="2.16.840.1.113883.6.1" displayName="PRECAUTIONS SECTION"/>
               <title>PRECAUTIONS</title>
               <effectiveTime value="20110816"/>
               <component>
                  <section ID="ID20">
                     <id root="2af0ea5e-46b2-418a-8890-375135456836"/>
                     <title>Electrolyte and Fluid Balance Status</title>
                     <text>
                        <paragraph ID="ID21">In published studies, clinically significant hypokalemia has been consistently less common in patients who received 12.5 mg of hydrochlorothiazide than in patients who received higher doses. Nevertheless, periodic determination of serum electrolytes should be performed in patients who may be at risk for the development of hypokalemia. Patients should be observed for signs of fluid or electrolyte disturbances, i.e. hyponatremia, hypochloremic alkalosis, and hypokalemia and hypomagnesemia.</paragraph>
                        <paragraph>Warning signs or symptoms of fluid and electrolyte imbalance include dryness of mouth, thirst, weakness, lethargy, drowsiness, restlessness, muscle pains or cramps, muscular fatigue, hypotension, oliguria, tachycardia, and gastrointestinal disturbances such as nausea and vomiting.</paragraph>
                        <paragraph>Hypokalemia may develop, especially with brisk diuresis when severe cirrhosis is present, during concomitant use of corticosteroid or adrenocorticotropic hormone (ACTH) or after prolonged therapy. Interference with adequate oral electrolyte intake will also contribute to hypokalemia. Hypokalemia and hypomagnesemia can provoke ventricular arrhythmias or sensitize or exaggerate the response of the heart to the toxic effects of digitalis. Hypokalemia may be avoided or treated by potassium supplementation or increased intake of potassium rich foods.</paragraph>
                        <paragraph>Dilutional hyponatremia is life-threatening and may occur in edematous patients in hot weather; appropriate therapy is water restriction rather than salt administration, except in rare instances when the hyponatremia is life-threatening. In actual salt depletion, appropriate replacement is the therapy of choice.</paragraph>
                     </text>
                     <effectiveTime value="20100129"/>
                  </section>
               </component>
               <component>
                  <section ID="ID22">
                     <id root="48aa30cd-d558-44b4-a3a4-1ce195263034"/>
                     <title>Hyperuricemia</title>
                     <text>
                        <paragraph ID="ID23">Hyperuricemia or acute gout may be precipitated in certain patients receiving thiazide diuretics.</paragraph>
                     </text>
                     <effectiveTime value="20100129"/>
                  </section>
               </component>
               <component>
                  <section ID="ID24">
                     <id root="f7c41003-d347-4347-8197-f106918983ce"/>
                     <title>Impaired Hepatic Function</title>
                     <text>
                        <paragraph ID="ID25">Thiazides should be used with caution in patients with impaired hepatic function. They can precipitate hepatic coma in patients with severe liver disease.</paragraph>
                     </text>
                     <effectiveTime value="20100129"/>
                  </section>
               </component>
               <component>
                  <section ID="ID26">
                     <id root="543df737-c8f5-4f1f-ba3a-ef75067d1118"/>
                     <title>Parathyroid Disease</title>
                     <text>
                        <paragraph ID="ID27">Calcium excretion is decreased by thiazides, and pathologic changes in the parathyroid glands, with hypercalcemia and hypophosphatemia, have been observed in a few patients on prolonged thiazide therapy.</paragraph>
                     </text>
                     <effectiveTime value="20100129"/>
                  </section>
               </component>
               <component>
                  <section ID="ID28">
                     <id root="c1d7ed0c-93ae-4059-b6cb-27eef611d91c"/>
                     <code code="34073-7" codeSystem="2.16.840.1.113883.6.1" displayName="DRUG INTERACTIONS SECTION"/>
                     <title>Drug Interactions</title>
                     <text>
                        <paragraph ID="ID29">When given concurrently the following drugs may interact with thiazide diuretics:</paragraph>
                        <paragraph>
                           <content styleCode="italics">Alcohol, barbiturates, or narcotics </content>- potentiation of orthostatic hypotension may occur.</paragraph>
                        <paragraph>
                           <content styleCode="italics">Antidiabetic drugs </content>- (oral agents and insulin) dosage adjustment of the antidiabetic drug may be required.</paragraph>
                        <paragraph>
                           <content styleCode="italics">Other antihypertensive drugs </content>- additive effect or potentiation.</paragraph>
                        <paragraph>
                           <content styleCode="italics">Cholestyramine and colestipol resins </content>- Cholestyramine and colestipol resins bind the hydrochlorothiazide and reduce its absorption from the gastrointestinal tract by up to 85 and 43 percent, respectively.</paragraph>
                        <paragraph>
                           <content styleCode="italics">Corticosteroid, ACTH </content>– intensified electrolyte depletion, particularly hypokalemia.</paragraph>
                        <paragraph>
                           <content styleCode="italics">Pressor amines (e.g., norepinephrine) </content>- possible decreased response to pressor amines but not sufficient to preclude their use.</paragraph>
                        <paragraph>
                           <content styleCode="italics">Skeletal muscle relaxants, nondepolarizing (e.g., tubocurarine) </content>- possible increased responsiveness to the muscle relaxant.</paragraph>
                        <paragraph>
                           <content styleCode="italics">Lithium </content>- generally should not be given with diuretics. Diuretic agents reduce the renal clearance of lithium and greatly increase the risk of lithium toxicity. Refer to the package insert for lithium preparations before use of such preparations with hydrochlorothiazide. </paragraph>
                        <paragraph>
                           <content styleCode="italics">Non-steroidal anti-inflammatory drugs </content>- In some patients, the administration of a non-steroidal anti-inflammatory agent can reduce the diuretic, natriuretic, and antihypertensive effects of loop, potassium-sparing and thiazide diuretics. When hydrochlorothiazide and non-steroidal anti-inflammatory agents are used concomitantly, the patients should be observed closely to determine if the desired effect of the diuretic is obtained.</paragraph>
                        <paragraph>
                           <content styleCode="italics">Drug/Laboratory Test Interactions </content>- Thiazides should be discontinued before carrying out tests for parathyroid function (see <content styleCode="bold">
                              <linkHtml href="#ID19">PRECAUTIONS</linkHtml>, </content>General).</paragraph>
                     </text>
                     <effectiveTime value="20100129"/>
                  </section>
               </component>
               <component>
                  <section ID="ID30">
                     <id root="0fd12dea-6cda-400e-a034-d5debcf590c8"/>
                     <title>Carcinogenesis, Mutagenesis, Impairment of Fertility</title>
                     <text>
                        <paragraph ID="ID31">Two-year feeding studies in mice and rats conducted under the auspices of the National Toxicology Program (NTP) uncovered no evidence of a carcinogenic potential of hydrochlorothiazide in female mice (at doses of up to approximately 600 mg/kg/day) or in male and female rats (at doses of approximately 100 mg/kg/day). The NTP, however, found equivocal evidence for hepatocarcinogenicity in male mice. Hydrochlorothiazide was not genotoxic <content styleCode="italics">in vitro </content>in the Ames mutagenicity assay of <content styleCode="italics">Salmonella typhimurium </content>strains TA 98, TA 100, TA 1535, TA 1537, and TA 1538 and in the Chinese Hamster Ovary (CHO) test for chromosomal aberrations, or <content styleCode="italics">in vivo </content>in assays using mouse germinal cell chromosomes, Chinese hamster bone marrow chromosomes, and the <content styleCode="italics">Drosophila </content>sex-linked recessive lethal trait gene. Positive test results were obtained only in the <content styleCode="italics">in vitro </content>CHO Sister Chromatid Exchange (clastogenicity) and in the Mouse Lymphoma Cell (mutagenicity) assays, using concentrations of hydrochlorothiazide from 43 to 1300 mcg/mL, and in the <content styleCode="italics">Aspergillus nidulans </content>non-disjunction assay at an unspecified concentration.</paragraph>
                        <paragraph>Hydrochlorothiazide had no adverse effects on the fertility of mice and rats of either sex in studies wherein these species were exposed, via their diet, to doses of up to 100 and 4 mg/kg, respectively, prior to conception and throughout gestation.</paragraph>
                     </text>
                     <effectiveTime value="20100129"/>
                  </section>
               </component>
               <component>
                  <section ID="ID32">
                     <id root="a5bec5f7-2acf-44f7-8de7-a8ddc1f8cae1"/>
                     <code code="42228-7" codeSystem="2.16.840.1.113883.6.1" displayName="PREGNANCY SECTION"/>
                     <title>Pregnancy</title>
                     <text>
                        <paragraph ID="ID33">Teratogenic Effects</paragraph>
                        <paragraph>
                           <content styleCode="italics">Pregnancy Category B: </content>Studies in which hydrochlorothiazide was orally administered to pregnant mice and rats during their respective periods of major organogenesis at doses up to 3000 and 1000 mg hydrochlorothiazide/kg, respectively, provided no evidence of harm to the fetus.</paragraph>
                        <paragraph>There are, however, no adequate and well-controlled studies in pregnant women. Because animal reproduction studies are not always predictive of human response, this drug should be used during pregnancy only if clearly needed.</paragraph>
                        <paragraph>Nonteratogenic Effects</paragraph>
                        <paragraph>Thiazides cross the placental barrier and appear in cord blood. There is a risk of fetal or neonatal jaundice, thrombocytopenia, and possibly other adverse reactions that have occurred in adults.</paragraph>
                     </text>
                     <effectiveTime value="20110816"/>
                  </section>
               </component>
               <component>
                  <section ID="ID34">
                     <id root="754b36e4-a77b-41d2-8dd3-b0a787b74090"/>
                     <code code="34080-2" codeSystem="2.16.840.1.113883.6.1" displayName="NURSING MOTHERS SECTION"/>
                     <title>Nursing Mothers</title>
                     <text>
                        <paragraph ID="ID35">Thiazides are excreted in breast milk. Because of the potential for serious adverse reactions in nursing infants, a decision should be made whether to discontinue nursing or to discontinue hydrochlorothiazide, taking into account the importance of the drug to the mother.</paragraph>
                     </text>
                     <effectiveTime value="20100129"/>
                  </section>
               </component>
               <component>
                  <section ID="ID36">
                     <id root="15da1773-9e6a-42da-aada-4f08bcf9ed5b"/>
                     <code code="34081-0" codeSystem="2.16.840.1.113883.6.1" displayName="PEDIATRIC USE SECTION"/>
                     <title>Pediatric Use</title>
                     <text>
                        <paragraph ID="ID37">Safety and effectiveness in pediatric patients have not been established.</paragraph>
                     </text>
                     <effectiveTime value="20100129"/>
                  </section>
               </component>
               <component>
                  <section ID="ID38">
                     <id root="cb425835-7f7c-480e-97eb-69e2a8df9038"/>
                     <title>Elderly Use</title>
                     <text>
                        <paragraph ID="ID39">A greater blood pressure reduction and an increase in side effects may be observed in the elderly (i.e., &gt;65 years) with hydrochlorothiazide. Starting treatment with the lowest available dose of hydrochlorothiazide (12.5 mg) is therefore recommended. If further titration is required, 12.5 mg increments should be utilized.</paragraph>
                     </text>
                     <effectiveTime value="20110816"/>
                  </section>
               </component>
            </section>
         </component>
         <component>
            <section ID="ID40">
               <id root="78c57bdb-fa4e-41cf-b8dc-d1ef4c742511"/>
               <code code="34084-4" codeSystem="2.16.840.1.113883.6.1" displayName="ADVERSE REACTIONS SECTION"/>
               <title>ADVERSE REACTIONS</title>
               <text>
                  <paragraph ID="ID41">The adverse reactions associated with hydrochlorothiazide have been shown to be dose related. In controlled clinical trials, the adverse events reported with doses of 12.5 mg hydrochlorothiazide once daily were comparable to placebo. The following adverse reactions have been reported for doses of hydrochlorothiazide 25 mg and greater and, within each category, are listed in the order of decreasing severity.</paragraph>
                  <paragraph>
                     <content styleCode="italics">Body as a whole: </content>Weakness.</paragraph>
                  <paragraph>
                     <content styleCode="italics">Cardiovascular: </content>Hypotension including orthostatic hypotension (may be aggravated by alcohol, barbiturates, narcotics or antihypertensive drugs).</paragraph>
                  <paragraph>
                     <content styleCode="italics">Digestive: </content>Pancreatitis, jaundice (intrahepatic cholestatic jaundice), diarrhea, vomiting, sialadenitis, cramping, constipation, gastric irritation, nausea, anorexia.</paragraph>
                  <paragraph>
                     <content styleCode="italics">Hematologic: </content>Aplastic anemia, agranulocytosis, leukopenia, hemolytic anemia, thrombocytopenia.</paragraph>
                  <paragraph>
                     <content styleCode="italics">Hypersensitivity: </content>Anaphylactic reactions, necrotizing angiitis (vasculitis and cutaneous vasculitis), respiratory distress including pneumonitis and pulmonary edema, photosensitivity, fever, urticaria, rash, purpura.</paragraph>
                  <paragraph>
                     <content styleCode="italics">Metabolic: </content>Electrolyte imbalance (see <linkHtml href="#ID19">PRECAUTIONS</linkHtml>), hyperglycemia, glycosuria, hyperuricemia.</paragraph>
                  <paragraph>
                     <content styleCode="italics">Musculoskeletal: </content>Muscle Spasm.</paragraph>
                  <paragraph>
                     <content styleCode="italics">Nervous System/Psychiatric: </content>Vertigo, paresthesia, dizziness, headache, restlessness.</paragraph>
                  <paragraph>
                     <content styleCode="italics">Renal</content>: Renal failure, renal dysfunction, interstitial nephritis (see <content styleCode="bold">
                        <linkHtml href="#ID17">WARNINGS</linkHtml>).</content>
                  </paragraph>
                  <paragraph>
                     <content styleCode="italics">Skin: </content>Erythema multiforme including Stevens-Johnson syndrome, exfoliative dermatitis including toxic epidermal necrolysis, alopecia.</paragraph>
                  <paragraph>
                     <content styleCode="italics">Special Senses: </content>Transient blurred vision, xanthopsia.</paragraph>
                  <paragraph>
                     <content styleCode="italics">Urogenital: </content>Impotence.</paragraph>
                  <paragraph>Whenever adverse reactions are moderate or severe, thiazide dosage should be reduced or therapy withdrawn.</paragraph>
               </text>
               <effectiveTime value="20110816"/>
            </section>
         </component>
         <component>
            <section ID="ID42">
               <id root="837a8f9b-5692-4880-b144-e4e873e93cea"/>
               <code code="34088-5" codeSystem="2.16.840.1.113883.6.1" displayName="OVERDOSAGE SECTION"/>
               <title>OVERDOSAGE</title>
               <text>
                  <paragraph ID="ID43">The most common signs and symptoms observed are those caused by electrolyte depletion (hypokalemia, hypochloremia, hyponatremia) and dehydration resulting from excessive diuresis. If digitalis has also been administered, hypokalemia may accentuate cardiac arrhythmias.</paragraph>
                  <paragraph>In the event of overdosage, symptomatic and supportive measures should be employed. Emesis should be induced or gastric lavage performed. Correct dehydration, electrolyte imbalance, hepatic coma and hypotension by established procedures. If required, give oxygen or artificial respiration for respiratory impairment. The degree to which hydrochlorothiazide is removed by hemodialysis has not been established.</paragraph>
                  <paragraph>The oral LD<sub>50</sub> of hydrochlorothiazide is greater than 10 g/kg in the mouse and rat.</paragraph>
               </text>
               <effectiveTime value="20110816"/>
            </section>
         </component>
         <component>
            <section ID="ID44">
               <id root="93fc67b1-f45b-4782-953b-b6d1b6296602"/>
               <code code="34068-7" codeSystem="2.16.840.1.113883.6.1" displayName="DOSAGE &amp; ADMINISTRATION SECTION"/>
               <title>DOSAGE AND ADMINISTRATION</title>
               <text>
                  <paragraph ID="ID45">
                     <content styleCode="italics">For Control of Hypertension: </content>The adult initial dose of hydrochlorothiazide capsules is one capsule given once daily whether given alone or in combination with other antihypertensives. Total daily doses greater than 50 mg are not recommended.</paragraph>
               </text>
               <effectiveTime value="20110816"/>
            </section>
         </component>
         <component>
            <section ID="ID46">
               <id root="cdee5a15-36b4-4135-a227-c8af789d7ff6"/>
               <code code="34069-5" codeSystem="2.16.840.1.113883.6.1" displayName="HOW SUPPLIED SECTION"/>
               <title>HOW SUPPLIED</title>
               <text>
                  <paragraph ID="ID47">Hydrochlorothiazide capsules 12.5 mg are available as hard gelatin capsules with opaque white cap and opaque white body imprinted with "U" on cap and "130" on the body in grey ink along the horizontal axis</paragraph>
                  <paragraph/>
                  <paragraph>Store at 20<sup>0</sup>-25<sup>0</sup>C (68<sup>0</sup>-77<sup>0</sup>F) [see USP Controlled Room Temperature]. Protect from light, moisture, freezing, -20<sup>0</sup>C (-4<sup>0</sup>F). Keep container tightly closed.</paragraph>
                  <paragraph>
                     <content styleCode="bold">Rx only</content>
                  </paragraph>
               </text>
               <effectiveTime value="20130606"/>
            </section>
         </component>
         <component>
            <section ID="ID48">
               <id root="b375c0af-bc75-447f-9997-f729372e8722"/>
               <code code="42229-5" codeSystem="2.16.840.1.113883.6.1" displayName="SPL UNCLASSIFIED SECTION"/>
               <text>
                  <paragraph ID="ID49">Manufactured by:</paragraph>
                  <paragraph>
                     <content styleCode="bold">UNICHEM LABORATORIES LTD. </content>
                  </paragraph>
                  <paragraph>Pilerne Ind. Estate, Pilerne,</paragraph>
                  <paragraph>Bardez, Goa 403 511, India</paragraph>
                  <paragraph>Marketed by:</paragraph>
                  <renderMultiMedia referencedObject="MM2"/>
                  <paragraph ID="ID51"/>
                  <paragraph>Rochelle Park, NJ 07662</paragraph>
                  <paragraph>13004198</paragraph>
                  <paragraph>R-02-08/2011</paragraph>
               </text>
               <effectiveTime value="20130208"/>
               <component>
                  <observationMedia ID="MM2">
                     <text>Company Logo</text>
                     <value xsi:type="ED" mediaType="image/jpeg">
                        <reference value="hctz capsules-figure-02.jpg"/>
                     </value>
                  </observationMedia>
               </component>
            </section>
         </component>
         <component>
            <section ID="ID52">
               <id root="0f2321f6-8638-4d36-856a-31fd351019ef"/>
               <code code="51945-4" codeSystem="2.16.840.1.113883.6.1" displayName="PACKAGE LABEL.PRINCIPAL DISPLAY PANEL"/>
               <title>PRINCIPAL DISPLAY PANEL</title>
               <text>
                  <paragraph>
                     <content styleCode="bold">HYDROCHLOROTHIAZIDE CAPSULES</content>
                  </paragraph>
                  <paragraph>
                     <content styleCode="bold">12.5 mg</content>
                  </paragraph>
                  <paragraph>Rx Only</paragraph>
                  <paragraph>
                     <content styleCode="bold">100 Capsules</content>
                  </paragraph>
                  <paragraph>
                     <content styleCode="bold">EACH CAPSULE CONTAINS :</content>
                  </paragraph>
                  <paragraph>Hydrochlorothiazide USP.....12.5 mg</paragraph>
                  <paragraph>
                     <content styleCode="bold">USUAL DOSAGE </content>:</paragraph>
                  <paragraph>See Accompanying Literature.</paragraph>
                  <paragraph>
                     <content styleCode="bold">Keep this and all medication out of the reach of children.</content>
                  </paragraph>
                  <paragraph>Dispense in a tight, light-resistant container as defined in the USP.</paragraph>
                  <paragraph>Store at 20<sup>0</sup>- 25<sup>0</sup>C (68<sup>0</sup>-77<sup>0</sup>F) [see USP Controlled Room Temperature]. Protect from light, moisture, freezing, -20<sup>0</sup>C (-4<sup>0</sup>F).</paragraph>
                  <paragraph>Manufactured by:</paragraph>
                  <paragraph>
                     <content styleCode="bold">UNICHEM LABORATORIES LTD. </content>
                  </paragraph>
                  <paragraph>Pilerne Ind. Estate, Pilerne, Bardez,</paragraph>
                  <paragraph>Goa 403 511, India</paragraph>
                  <paragraph>Marketed by:</paragraph>
                  <paragraph>
                     <content styleCode="bold">UNICHEM PHARMACEUTICALS (USA), INC.</content>
                  </paragraph>
                  <paragraph>Rochelle Park, NJ 07662.</paragraph>
                  <paragraph>13002546</paragraph>
                  <paragraph>R-01-01/2010</paragraph>
                  <renderMultiMedia referencedObject="L270438c4-7737-4331-bfbd-13eb228e4ec2"/>
               </text>
               <effectiveTime value="20130606"/>
               <component>
                  <observationMedia ID="L270438c4-7737-4331-bfbd-13eb228e4ec2">
                     <text>Image of Label</text>
                     <value mediaType="image/jpeg" xsi:type="ED">
                        <reference value="Hydrochlorothiazide12 5mgUnichem.jpg"/>
                     </value>
                  </observationMedia>
               </component>
            </section>
         </component>
      </structuredBody>
   </component>
</document>