<?xml version="1.0" encoding="UTF-8"?><?xml-stylesheet href="http://www.accessdata.fda.gov/spl/stylesheet/spl.xsl" type="text/xsl"?>
<document xmlns="urn:hl7-org:v3" xmlns:xsi="http://www.w3.org/2001/XMLSchema-instance" xsi:schemaLocation="urn:hl7-org:v3 http://www.accessdata.fda.gov/spl/schema/spl.xsd">
   <id root="96398785-53af-490a-8cf2-2423ee588784"/>
   <code code="34390-5" codeSystem="2.16.840.1.113883.6.1" displayName="HUMAN OTC DRUG LABEL"/>
   <title>KALI SULPH</title>
   <effectiveTime value="20130604"/>
   <setId root="b9ffc300-7074-4748-8a5a-143b256897ab"/>
   <versionNumber value="1"/>
   <author>
      <time/>
      <assignedEntity>
         <representedOrganization>
            <id extension="028570695" root="1.3.6.1.4.1.519.1"/>
            <name>Hyland's</name>
            <assignedEntity>
               <assignedOrganization>
                  <assignedEntity>
                     <assignedOrganization>
                        <id extension="008316655" root="1.3.6.1.4.1.519.1"/>
                        <name>Standard Homeopathic Company</name>
                     </assignedOrganization>
                     <performance>
                        <actDefinition>
                           <code code="C43360" codeSystem="2.16.840.1.113883.3.26.1.1" displayName="MANUFACTURE"/>
                           <product>
                              <manufacturedProduct classCode="MANU">
                                 <manufacturedMaterialKind>
                                    <code code="54973-3107" codeSystem="2.16.840.1.113883.6.69"/>
                                 </manufacturedMaterialKind>
                              </manufacturedProduct>
                           </product>
                        </actDefinition>
                     </performance>
                     <performance>
                        <actDefinition>
                           <code code="C84731" codeSystem="2.16.840.1.113883.3.26.1.1" displayName="PACK"/>
                           <product>
                              <manufacturedProduct classCode="MANU">
                                 <manufacturedMaterialKind>
                                    <code code="54973-3107" codeSystem="2.16.840.1.113883.6.69"/>
                                 </manufacturedMaterialKind>
                              </manufacturedProduct>
                           </product>
                        </actDefinition>
                     </performance>
                  </assignedEntity>
               </assignedOrganization>
            </assignedEntity>
         </representedOrganization>
      </assignedEntity>
   </author>
   <component>
      <structuredBody>
         <component>
            <section ID="DLDE">
               <id root="d1872175-94c7-433f-b23d-2d62c4408521"/>
               <code code="48780-1" codeSystem="2.16.840.1.113883.6.1" displayName="SPL PRODUCT DATA ELEMENTS SECTION"/>
               <effectiveTime value="20130604"/>
               <subject>
                  <manufacturedProduct>
                     <manufacturedProduct>
                        <code code="54973-3107" codeSystem="2.16.840.1.113883.6.69"/>
                        <name>KALI SULPH</name>
                        <formCode code="C42998" codeSystem="2.16.840.1.113883.3.26.1.1" displayName="TABLET"/>
                        <asEntityWithGeneric>
                           <genericMedicine>
                              <name>POTASSIUM SULFATE</name>
                           </genericMedicine>
                        </asEntityWithGeneric>
                        <ingredient classCode="ACTIB">
                           <quantity>
                              <numerator value="30" unit="[hp_X]"/>
                              <denominator value="1" unit="1"/>
                           </quantity>
                           <ingredientSubstance>
                              <code code="1K573LC5TV" codeSystem="2.16.840.1.113883.4.9"/>
                              <name>POTASSIUM SULFATE</name>
                              <activeMoiety>
                                 <activeMoiety>
                                    <code code="7IS9N8KPMG" codeSystem="2.16.840.1.113883.4.9"/>
                                    <name>SULFATE ION</name>
                                 </activeMoiety>
                              </activeMoiety>
                           </ingredientSubstance>
                        </ingredient>
                        <ingredient classCode="IACT">
                           <ingredientSubstance>
                              <code code="5C5403N26O" codeSystem="2.16.840.1.113883.4.9"/>
                              <name>ACACIA</name>
                           </ingredientSubstance>
                        </ingredient>
                        <ingredient classCode="IACT">
                           <ingredientSubstance>
                              <code code="J2B2A4N98G" codeSystem="2.16.840.1.113883.4.9"/>
                              <name>LACTOSE</name>
                           </ingredientSubstance>
                        </ingredient>
                        <asContent>
                           <quantity>
                              <numerator value="500" unit="1"/>
                              <denominator value="1"/>
                           </quantity>
                           <containerPackagedProduct>
                              <code code="54973-3107-1" codeSystem="2.16.840.1.113883.6.69"/>
                              <formCode code="C43173" codeSystem="2.16.840.1.113883.3.26.1.1" displayName="BOTTLE, PLASTIC"/>
                           </containerPackagedProduct>
                        </asContent>
                        <asContent>
                           <quantity>
                              <numerator value="1000" unit="1"/>
                              <denominator value="1"/>
                           </quantity>
                           <containerPackagedProduct>
                              <code code="54973-3107-2" codeSystem="2.16.840.1.113883.6.69"/>
                              <formCode code="C43173" codeSystem="2.16.840.1.113883.3.26.1.1" displayName="BOTTLE, PLASTIC"/>
                           </containerPackagedProduct>
                        </asContent>
                     </manufacturedProduct>
                     <subjectOf>
                        <approval>
                           <code code="C73614" codeSystem="2.16.840.1.113883.3.26.1.1" displayName="UNAPPROVED HOMEOPATHIC"/>
                           <author>
                              <territorialAuthority>
                                 <territory>
                                    <code code="USA" codeSystem="2.16.840.1.113883.5.28"/>
                                 </territory>
                              </territorialAuthority>
                           </author>
                        </approval>
                     </subjectOf>
                     <subjectOf>
                        <marketingAct>
                           <code code="C53292" codeSystem="2.16.840.1.113883.3.26.1.1"/>
                           <statusCode code="active"/>
                           <effectiveTime>
                              <low value="19400101"/>
                           </effectiveTime>
                        </marketingAct>
                     </subjectOf>
                     <subjectOf>
                        <characteristic classCode="OBS">
                           <code code="SPLCOLOR" codeSystem="2.16.840.1.113883.1.11.19255"/>
                           <value code="C48325" codeSystem="2.16.840.1.113883.3.26.1.1" displayName="WHITE" xsi:type="CE">
                              <originalText/>
                           </value>
                        </characteristic>
                     </subjectOf>
                     <subjectOf>
                        <characteristic classCode="OBS">
                           <code code="SPLSCORE" codeSystem="2.16.840.1.113883.1.11.19255"/>
                           <value value="1" xsi:type="INT"/>
                        </characteristic>
                     </subjectOf>
                     <subjectOf>
                        <characteristic classCode="OBS">
                           <code code="SPLSHAPE" codeSystem="2.16.840.1.113883.1.11.19255"/>
                           <value code="C48348" codeSystem="2.16.840.1.113883.3.26.1.1" displayName="ROUND" xsi:type="CE">
                              <originalText/>
                           </value>
                        </characteristic>
                     </subjectOf>
                     <subjectOf>
                        <characteristic classCode="OBS">
                           <code code="SPLSIZE" codeSystem="2.16.840.1.113883.1.11.19255"/>
                           <value unit="mm" value="9" xsi:type="PQ"/>
                        </characteristic>
                     </subjectOf>
                     <consumedIn>
                        <substanceAdministration>
                           <routeCode code="C38288" codeSystem="2.16.840.1.113883.3.26.1.1" displayName="ORAL"/>
                        </substanceAdministration>
                     </consumedIn>
                  </manufacturedProduct>
               </subject>
            </section>
         </component>
         <component>
            <section>
               <id root="94bf9ce6-c48f-4175-8db4-edb8856d735e"/>
               <code code="34068-7" codeSystem="2.16.840.1.113883.6.1" displayName="DOSAGE &amp; ADMINISTRATION SECTION"/>
               <title>DIRECTIONS</title>
               <text>
                  <paragraph>
                     <content styleCode="bold">Adults &amp; Children ages 6 - 12: </content>4 tablets. <content styleCode="bold">Children ages 2 - 6: </content>2 tablets. Dissolve under tongue 3 times a day. Use more frequently (every 15 minutes for up to 8 doses) with acute conditions.</paragraph>
               </text>
               <effectiveTime value="20130604"/>
            </section>
         </component>
         <component>
            <section>
               <id root="9b1ce619-3257-442b-956d-0b7829d979ad"/>
               <code code="34067-9" codeSystem="2.16.840.1.113883.6.1" displayName="INDICATIONS &amp; USAGE SECTION"/>
               <title>INDICATIONS</title>
               <effectiveTime value="20130604"/>
               <component>
                  <section>
                     <id root="6275217b-88e1-473e-9c0d-45e173438711"/>
                     <code code="55105-1" codeSystem="2.16.840.1.113883.6.1" displayName="OTC - PURPOSE SECTION"/>
                     <text>
                        <paragraph>Relief of symptoms of the common cold. Relief of symptoms of pimples and blemishes associated with common acne.</paragraph>
                     </text>
                     <effectiveTime value="20130604"/>
                  </section>
               </component>
            </section>
         </component>
         <component>
            <section>
               <id root="1e2c6041-33f2-4fd3-8208-485c1e06068a"/>
               <code code="55106-9" codeSystem="2.16.840.1.113883.6.1" displayName="OTC - ACTIVE INGREDIENT SECTION"/>
               <title>FORMULA</title>
               <effectiveTime value="20130604"/>
               <component>
                  <section>
                     <id root="9c5337fb-ab7b-4212-ad6c-5a39f128fdf0"/>
                     <code code="51727-6" codeSystem="2.16.840.1.113883.6.1" displayName="INACTIVE INGREDIENT SECTION"/>
                     <text>
                        <paragraph>Kali Sulphuricum 30X HPUS in a base of Acacia Gum, Lactose N.F.</paragraph>
                     </text>
                     <effectiveTime value="20130604"/>
                  </section>
               </component>
            </section>
         </component>
         <component>
            <section>
               <id root="5a01d6b1-1a11-4e03-8a5e-4a0ab09bbfa1"/>
               <code code="34071-1" codeSystem="2.16.840.1.113883.6.1" displayName="WARNINGS SECTION"/>
               <title>Warnings</title>
               <effectiveTime value="20130604"/>
               <component>
                  <section>
                     <id root="5c8b22ea-82f3-4606-b066-71b41e345275"/>
                     <code code="50570-1" codeSystem="2.16.840.1.113883.6.1" displayName="OTC - DO NOT USE SECTION"/>
                     <text>
                        <paragraph>Do not use if imprinted cap band is broken or missing.</paragraph>
                     </text>
                     <effectiveTime value="20130604"/>
                  </section>
               </component>
               <component>
                  <section>
                     <id root="cb4d4ccc-d9bb-4b84-881a-5b464625426b"/>
                     <code code="50568-5" codeSystem="2.16.840.1.113883.6.1" displayName="OTC - ASK DOCTOR/PHARMACIST SECTION"/>
                     <text>
                        <paragraph>If symptoms persist for more than seven days or worsen, contact a licensed health care provider.</paragraph>
                     </text>
                     <effectiveTime value="20130604"/>
                  </section>
               </component>
               <component>
                  <section>
                     <id root="8d95044f-7a41-4502-a7d2-8ee20a8c7a71"/>
                     <code code="50566-9" codeSystem="2.16.840.1.113883.6.1" displayName="OTC - STOP USE SECTION"/>
                     <text>
                        <paragraph>Discontinue use if symptoms are accompanied by a high fever (over 101° F).</paragraph>
                     </text>
                     <effectiveTime value="20130604"/>
                  </section>
               </component>
               <component>
                  <section>
                     <id root="a014f302-dd79-49b9-83c2-9f41d52c616e"/>
                     <code code="53414-9" codeSystem="2.16.840.1.113883.6.1" displayName="OTC - PREGNANCY OR BREAST FEEDING SECTION"/>
                     <text>
                        <paragraph>If you are pregnant or nursing, seek the advice of a licensed health care provider before using this product.</paragraph>
                     </text>
                     <effectiveTime value="20130604"/>
                  </section>
               </component>
               <component>
                  <section>
                     <id root="1d656785-9b8d-466d-a87e-fc0e29ebf132"/>
                     <code code="50565-1" codeSystem="2.16.840.1.113883.6.1" displayName="OTC - KEEP OUT OF REACH OF CHILDREN SECTION"/>
                     <text>
                        <paragraph>Keep this and all medications out of the reach of children.</paragraph>
                     </text>
                     <effectiveTime value="20130604"/>
                  </section>
               </component>
            </section>
         </component>
         <component>
            <section>
               <id root="379c1c54-3991-46fa-97ab-2025633d0123"/>
               <code code="53413-1" codeSystem="2.16.840.1.113883.6.1" displayName="OTC - QUESTIONS SECTION"/>
               <title>QUESTIONS?</title>
               <text>
                  <paragraph>
                     <content styleCode="bold">800.624.9659</content>
                  </paragraph>
               </text>
               <effectiveTime value="20130604"/>
            </section>
         </component>
         <component>
            <section>
               <id root="833dad08-926e-4295-95a6-e1eed42f02b1"/>
               <code code="51945-4" codeSystem="2.16.840.1.113883.6.1" displayName="PACKAGE LABEL.PRINCIPAL DISPLAY PANEL"/>
               <title>PRINCIPAL DISPLAY PANEL - 1000 Tablet Bottle Label</title>
               <text>
                  <paragraph>HOMEOPATHIC</paragraph>
                  <paragraph>NDC 54973-3107-02</paragraph>
                  <paragraph>
                     <content styleCode="bold italics">Hyland's</content>
                     <sup>®</sup>
                  </paragraph>
                  <paragraph>
                     <content styleCode="bold">
                        <sup>#</sup>7<br/>Kali Sulph. 30X</content>
                  </paragraph>
                  <paragraph>Colds,<br/>Skin Eruptions</paragraph>
                  <paragraph>
                     <content styleCode="bold">1000 TABLETS</content>
                  </paragraph>
                  <renderMultiMedia referencedObject="MM1"/>
               </text>
               <effectiveTime value="20130604"/>
               <component>
                  <observationMedia ID="MM1">
                     <text>PRINCIPAL DISPLAY PANEL - 1000 Tablet Bottle Label</text>
                     <value xsi:type="ED" mediaType="image/jpeg">
                        <reference value="kali-sulph-01.jpg"/>
                     </value>
                  </observationMedia>
               </component>
            </section>
         </component>
      </structuredBody>
   </component>
</document>